Date,Close,High,Low,Open,Volume
2020-01-02,296.1253356933594,296.14358388648566,293.9923834001532,294.9130269972677,59151200
2020-01-03,293.88287353515625,295.0040520315926,292.68878575105936,292.74347467114353,77709700
2020-01-06,295.00408935546875,295.0861227459739,292.0142796533682,292.13278160099514,55653900
2020-01-07,294.1745910644531,294.9129193650481,293.72792775638845,294.43891159464124,40496400
2020-01-08,295.742431640625,296.9547400028766,294.1199284891358,294.3660286722624,68296000
2020-01-09,297.7477722167969,297.820709338136,296.71775096243204,297.3011366636997,48473300
2020-01-10,296.8910217285156,298.4861809242892,296.42616567870095,298.3312381801406,53029300
2020-01-13,298.9327392578125,298.9418355342063,297.0823563543286,297.5107715003253,47086800
2020-01-14,298.47705078125,299.54351294484616,297.92100945963375,298.4952711557389,62832800
2020-01-15,299.1514892578125,299.9080379561586,298.3037830757557,298.3858164658878,72056600
2020-01-16,301.6399841308594,301.6399841308594,300.30004962435345,300.52792945323296,54050300
2020-01-17,302.5788269042969,302.7884585291991,301.5761501633732,302.3509470912397,95846000
2020-01-21,301.9864501953125,302.7885919414847,301.54893856458017,301.62184789724483,77742400
2020-01-22,302.0227966308594,303.49035714511143,301.867853930092,302.84315842409643,48914900
2020-01-23,302.3691711425781,302.77936593801815,300.2635638696882,301.37561848363805,51963000
2020-01-24,299.6802062988281,303.1075279519649,298.39496067890184,303.0254945486543,87578400
2020-01-27,294.8765563964844,296.3532135264237,294.1108833593813,294.4481411214826,84062500
2020-01-28,297.9665832519531,298.84163406721996,294.9676767051918,296.298487210109,63834000
2020-01-29,297.72039794921875,299.55256045074896,297.5198626116515,299.324680649757,53888900
2020-01-30,298.6866760253906,298.89633550564963,294.9130001022843,295.66042488337473,75491800
2020-01-31,293.2630615234375,298.2217278467031,292.35154238779836,298.0667573540076,113845600
2020-02-03,295.441650390625,297.30115767312014,294.6212885304359,294.73979049796515,69083000
2020-02-04,299.9444885253906,300.81044284267324,298.7230562055204,299.0420934706959,62573200
2020-02-05,303.4083251953125,303.6179846653886,301.41212336008243,302.870532103236,65951100
2020-02-06,304.4291687011719,304.62057992939174,303.35355498781945,304.36535568597986,50359700
2020-02-07,302.806640625,304.438239701868,302.259723629564,303.37177798725406,64139400
2020-02-10,305.0672607421875,305.13107376686384,301.88606741089336,301.92253597033135,42070000
2020-02-11,305.5960693359375,307.20032491265226,305.0673723913546,306.41643141068727,54864500
2020-02-12,307.56475830078125,307.774389871139,306.66233556007313,307.02693760262616,43992700
2020-02-13,307.23675537109375,308.202963799749,305.86947614367216,306.1429208622096,54501900
2020-02-14,307.7289733886719,307.84747536853007,306.4528517159032,307.64693997585454,64582200
2020-02-18,306.9359130859375,307.79274347896046,305.550385905375,306.7353777212436,57226200
2020-02-19,308.40350341796875,309.07801894449966,307.61961000252654,307.9021788213364,48814700
2020-02-20,307.1365051269531,308.6769752996938,304.1558185736376,307.8565854998732,74163400
2020-02-21,303.9734802246094,306.09730805211063,303.1530905628107,305.78739481387316,113788200
2020-02-24,293.8920593261719,304.0463696689848,292.8164454315438,294.5483543223174,161088400
2020-02-25,284.98651123046875,295.8882745622072,284.1114604678439,295.27757219253857,218913200
2020-02-26,283.9383239746094,289.9634545114292,283.2091195022636,286.38118955607183,194773800
2020-02-27,271.1861267089844,283.9929622601153,271.1861267089844,278.43268874388383,284353500
2020-02-28,270.0467834472656,271.5325647241753,260.2752930240666,263.15569806188904,384975800
2020-03-02,281.7414855957031,281.80529862026447,268.40595433040124,271.8241515658398,238703600
2020-03-03,273.67449951171875,286.07116546161603,271.2407589694564,282.11517570579525,300139100
2020-03-04,285.1780090332031,285.39679265326794,276.4912283478598,279.03437582366234,176613400
2020-03-05,275.6981506347656,281.17639114422417,273.46494478951723,277.995197331708,186366800
2020-03-06,271.1405334472656,272.3437456449538,264.5502664620457,267.2118873410211,228667200
2020-03-09,249.96597290039062,259.04469825650165,249.25498888727407,250.94127750870393,309417300
2020-03-10,262.9004211425781,262.99155082298614,249.30054030564344,259.45487913879975,276444100
2020-03-11,250.08441162109375,256.9937432117131,246.9123423892593,255.8634682272535,255316300
2020-03-12,226.15704345703125,243.0657284595874,225.76508294392715,233.34892983989002,392220700
2020-03-13,245.49041748046875,247.4593027706441,226.5308107156286,239.81164146550884,329566100
2020-03-16,218.62789916992188,234.1692913616769,216.35821121478764,219.84020754106757,297240000
2020-03-17,230.4320831298828,233.50391264622428,216.0938883539165,223.35868442017195,262070500
2020-03-18,218.76466369628906,226.39407689191867,207.84466479454713,215.34646582603455,327597100
2020-03-19,219.22955322265625,225.49170173938887,211.67306257425594,218.08104364257395,289322000
2020-03-20,209.78199768066406,224.14949538908877,209.50693107809147,222.37074721498362,347158800
2020-03-23,204.41830444335938,210.58890024674915,200.11813687201803,209.2227585938349,326025200
2020-03-24,222.93919372558594,223.81024024329707,214.3663807599711,214.93484144271505,235494500
2020-03-25,226.2766571044922,235.04203577073906,219.82183239457268,224.51625036542322,299430300
2020-03-26,239.4889373779297,240.95592219798814,228.34884302210628,228.77977750775747,257632800
2020-03-27,232.35556030273438,239.13129805518238,230.18256074726233,232.21803399813555,224341200
2020-03-30,239.90150451660156,240.6166693743866,232.45644779685475,234.44607454125364,171369500
2020-03-31,236.3256072998047,241.4417807834727,234.92278328162703,238.90203554246477,194881100
2020-04-01,225.68984985351562,236.24314028710725,223.62687128450554,227.36774076850008,189554600
2020-04-02,230.89773559570312,231.67707467324524,224.25952385795503,224.8096570813122,177660400
2020-04-03,227.56027221679688,232.26386743063676,224.83713961830722,229.91664470662855,135561200
2020-04-06,242.8446502685547,244.80678550079665,227.5419457283824,236.40816732964865,188061200
2020-04-07,243.09217834472656,252.16927651382895,242.87213629825405,251.41742888047233,201427200
2020-04-08,251.25245666503906,253.05871017209918,243.20225678677284,245.68699208459705,153774500
2020-04-09,255.07579040527344,257.82642785185396,252.57270025574996,254.50730182899804,189999200
2020-04-13,252.74700927734375,254.44324196832764,248.8502713568677,254.10400102631928,114839100
2020-04-14,260.2012023925781,261.21892505517496,252.60944238232008,257.6247736197147,134143400
2020-04-15,254.67236328125,260.33866974894516,252.56352443424902,254.49815400316507,121775000
2020-04-16,255.90101623535156,256.75370726229335,252.83864275488824,255.94684900762073,131798300
2020-04-17,262.8143310546875,263.41944685021514,258.92674327686353,261.6590540286196,146684800
2020-04-20,258.1841735839844,262.95195962666753,257.96413139095137,259.1193808853248,100109300
2020-04-21,250.3447723388672,254.92916957927525,249.4095373940222,253.72805974076354,126385700
2020-04-22,255.90101623535156,257.6430812956117,253.89304834549813,255.21335676570135,92951600
2020-04-23,255.8826904296875,260.33873886010645,255.58013253954968,257.17549374033564,104709700
2020-04-24,259.4493713378906,260.11870338954105,255.35091919954365,257.39557038512345,85063200
2020-04-27,263.190185546875,264.3087793852271,260.96217561684955,261.420615255831,77896600
2020-04-28,261.97998046875,267.17867138306195,261.67739457497856,266.8302527082662,105270000
2020-04-29,268.83819580078125,270.36939668055743,266.2709447231819,267.29784515422165,118745600
2020-04-30,266.33514404296875,268.93907823852754,264.60222850800403,267.4628878219718,122901700
2020-05-01,259.2843322753906,266.5001686462375,258.11987753446385,261.59485828058166,125180000
2020-05-04,259.9994201660156,260.3019779656264,255.92847461294295,257.4046365732007,80873200
2020-05-05,262.4017028808594,265.20735144767355,260.1278320243504,262.81430977989436,79569900
2020-05-06,260.6229553222656,264.4830095523587,260.192020908388,264.09793589455825,73632600
2020-05-07,263.7678527832031,265.6933050734505,263.2635803176103,263.8320410550969,75250400
2020-05-08,268.13226318359375,268.5998807173139,265.7666982281265,266.89447017023934,76452400
2020-05-11,268.1872253417969,269.56254444611375,265.7850057832069,266.20676247386785,79514200
2020-05-12,262.841796875,269.78255179515514,262.7042425975372,269.36997290557235,95870800
2020-05-13,258.19329833984375,263.31865189419375,255.7727227895186,262.2825734797414,144721100
2020-05-14,261.2830505371094,261.4113990670636,250.29882832927197,255.76344816859944,121977900
2020-05-15,262.4841613769531,262.5299941419819,257.95477614724217,258.8991605504692,111146300
2020-05-18,270.47943115234375,272.0839701507051,268.3706196611589,268.6915050760796,119703800
2020-05-19,267.70123291015625,271.58879193513707,267.6829053984864,269.88340997902395,95189300
2020-05-20,272.24896240234375,273.1108311782877,271.00201999174817,271.2312398155431,85861700
2020-05-21,270.3693542480469,272.9274551573874,269.2782657160711,272.1205969507901,78293900
2020-05-22,270.8828125,271.05702179895974,268.8473394108852,270.08513201578137,63958200
2020-05-26,274.22021484375,277.07172366444183,270.90111666487996,276.833326122004,88951400
2020-05-27,278.3003845214844,278.3370675296901,272.19396476879547,277.007581296367,104817400
2020-05-28,277.7869873046875,281.3353065447308,277.11765518674065,279.3273381718324,90405200
2020-05-29,279.0246887207031,279.6114768667384,274.57781894297864,277.3192788350179,119090800
2020-06-01,280.1524658203125,280.7576095309241,277.86944526100126,278.38289544316814,55758300
2020-06-02,282.47216796875,282.51802872321025,279.739885508997,281.06934373149255,74267200
2020-06-03,286.23126220703125,287.1848241440649,284.1774623250431,284.4525148160505,92567600
2020-06-04,285.4795837402344,286.98327953028644,283.3890996283888,285.2503638684051,75794400
2020-06-05,292.7962646484375,294.565835177491,290.7974742690629,290.8616625425781,150524700
2020-06-08,296.33551025390625,296.52804714326027,293.06224323015726,293.60319885897314,73641200
2020-06-09,294.1257629394531,296.4087837876376,292.8146040767573,293.67647298750563,77479200
2020-06-10,292.4844970703125,295.59273133209695,291.76933233464445,294.7033572907335,95000800
2020-06-11,275.62310791015625,286.2039042091924,275.07300264511355,285.57125517345406,209243600
2020-06-12,278.9237976074219,283.38899457849544,273.7801190211421,282.61881945235933,194678900
2020-06-15,281.5278015136719,282.65557322051234,272.0747773753375,273.2483818586524,135782700
2020-06-16,286.946533203125,289.4037909524716,282.0962619316776,289.25708690915724,137627500
2020-06-17,285.75457763671875,288.2576679504427,285.0210574809537,287.96425988813667,83398900
2020-06-18,285.86468505859375,286.34145231822947,283.7833786982742,284.2418184413267,80828700
2020-06-19,284.23101806640625,289.5170574345226,282.28787417657315,289.32367329044104,135549600
2020-06-22,286.0543518066406,286.4503381503588,282.49041850503755,283.6323430698322,74649400
2020-06-23,287.3712463378906,289.6274972240298,286.9660418676936,288.69736494870455,68471200
2020-06-24,280.0407409667969,285.95302134093265,278.2081310603143,285.3359965817493,132813500
2020-06-25,283.0428771972656,283.30995008269394,277.4529233871567,279.4697269654065,89468000
2020-06-26,276.3202209472656,282.1588401533544,275.74006876304765,281.94701982624827,127961000
2020-06-29,280.3815002441406,280.51963173893165,275.2888463730119,277.5727234684733,79773300
2020-06-30,283.97308349609375,285.6675903215087,279.792153347328,279.9486930198918,113394800
2020-07-01,285.9621887207031,287.2238644355757,284.62688035991766,285.087337333443,72396500
2020-07-02,287.5369873046875,290.7325599973722,286.87392810290646,289.3880053272748,69344200
2020-07-06,291.9758605957031,292.55604108748975,290.60370731479867,291.34964563164624,61713800
2020-07-07,288.9643859863281,292.4085952599446,288.5868078840447,290.43785396731937,82910000
2020-07-08,291.1745910644531,291.2850962513282,287.96982822881216,289.7287492933504,54638600
2020-07-09,289.51690673828125,292.0217935870357,286.10951418011626,291.782346987709,83354200
2020-07-10,292.4731140136719,292.74018697945144,288.02511114921197,289.45251680342045,57550400
2020-07-13,289.9405517578125,297.18814022544717,289.2867107064114,294.81219454195264,102997500
2020-07-14,293.6979675292969,294.4715320808562,287.32522893206374,288.522406144319,93657000
2020-07-15,296.3962097167969,297.4920997478603,294.02023559241456,296.9119193662305,87196500
2020-07-16,295.4200744628906,295.87131342816184,293.85450907927094,294.4991602617193,54622500
2020-07-17,296.2764892578125,297.0592718738817,294.4530691984586,296.42383888823116,62774900
2020-07-20,298.67083740234375,299.4167754994566,295.26344433587724,296.00938243299004,56308800
2020-07-21,299.3063659667969,301.0745056864678,298.320980919731,300.6324848085871,57292200
2020-07-22,301.0098876953125,301.3230231360669,298.83654449800326,298.9470496634176,57792900
2020-07-23,297.41851806640625,301.3508406905714,296.0555826891799,300.65093672664767,75738000
2020-07-24,295.5029602050781,296.5251615020732,294.0018655257891,295.56743094562876,73766600
2020-07-27,297.6578674316406,297.83284336537673,295.4016165623497,296.19361733148213,48293000
2020-07-28,295.77001953125,298.04467867981947,295.47532024869815,296.9303522871835,57495000
2020-07-29,299.4075927734375,299.9693649980808,296.60800599281623,296.64485042658015,48454200
2020-07-30,298.33935546875,298.7537780991364,294.36102749576685,296.44227447076116,61861700
2020-07-31,300.6968688964844,300.7981840639859,295.9173223565921,300.12590663768805,84986800
2020-08-03,302.787353515625,303.5516998495723,301.8111868221174,302.3545227663099,53077900
2020-08-04,303.9569091796875,303.9569091796875,301.9308868941844,301.9308868941844,41917900
2020-08-05,305.8448181152344,306.10270108517585,304.98837460760626,305.2554476092795,42697700
2020-08-06,307.8892517089844,308.00897505925286,304.9423429439364,305.26466855525786,43679400
2020-08-07,308.1101989746094,308.3956800618827,306.0197062402385,306.92221206378724,57308300
2020-08-10,309.03118896484375,309.21535494485994,306.6275882566364,308.5615137232704,44282100
2020-08-11,306.4801940917969,310.8453459347755,305.7526922046899,310.2099129722672,69601100
2020-08-12,310.7532653808594,311.526829875344,308.8838108265044,308.91143712616207,53774400
2020-08-13,310.19146728515625,311.49917760274417,309.2705532345938,309.98886506986986,41816100
2020-08-14,310.20068359375,310.73482947821054,309.0771673345119,309.80469729931406,47260400
2020-08-17,311.1861877441406,311.5821741904847,310.2100207301367,311.2138140519303,35481000
2020-08-18,311.8583984375,312.2820111007127,309.98891563003593,311.58210731482745,38733900
2020-08-19,310.5599365234375,312.7516889289628,309.998164191715,312.23597917424223,68054200
2020-08-20,311.52679443359375,312.0056596078708,308.7087997728297,308.8377131218765,42207800
2020-08-21,312.6319274902344,312.85293788001695,310.8545419255064,311.1953037485117,55106600
2020-08-24,315.79986572265625,315.87352648257695,312.6042927708127,315.06311760311377,48588700
2020-08-25,316.9049072265625,316.9877861104246,315.2012107807819,316.3615713629793,38463400
2020-08-26,320.08221435546875,320.34925928785856,316.9511111179945,317.4944472238556,50790200
2020-08-27,320.7820739746094,322.227916207643,319.1244394337551,320.94785991195465,58034100
2020-08-28,322.8540344238281,322.9829758804368,320.61622003326073,321.80420702373715,48588900
2020-08-31,321.6845397949219,323.5171500758055,321.4543112428884,322.6422984405211,66099200
2020-09-01,324.7143249511719,324.8156120146118,321.6200388879637,322.51332671022755,54908700
2020-09-02,329.41107177734375,330.37802059599454,325.4787495455929,326.62070244183883,69540000
2020-09-03,318.0745849609375,328.19542353260755,315.49600820932886,327.7257482737778,148011100
2020-09-04,315.4775695800781,320.32155893623025,308.3865193279406,318.7560217314167,139156300
2020-09-08,306.8577880859375,315.54202965407626,306.55389879011744,310.0809875272591,114465300
2020-09-09,312.9175109863281,315.3763366892966,309.98898184326697,310.8546436252173,91462300
2020-09-10,307.4840087890625,315.4406916483202,306.52625029812896,314.78685053527204,90569500
2020-09-11,307.6406555175781,310.32051973572015,304.822659763259,309.2614738195936,84680200
2020-09-14,311.6925964355469,313.46076397555305,307.78792941912315,310.79930858274395,65605700
2020-09-15,313.2673645019531,314.97103311859536,311.70179927663685,314.1422160421619,52920900
2020-09-16,312.024169921875,315.92883731092843,311.74787878709503,314.50143147881846,82096000
2020-09-17,309.2797546386719,310.99266929417666,306.65514411572747,307.18007184112935,91523300
2020-09-18,305.71923828125,310.19430261216667,303.2413149951069,310.0833550346641,105877900
2020-09-21,302.3166198730469,302.4645593357365,297.4717223903731,301.14238742219266,99450800
2020-09-22,305.3956298828125,305.9503960005501,301.2904001147618,303.7960885735042,63612100
2020-09-23,298.31317138671875,306.22775080288056,297.8138791281714,305.9503536740996,93112200
2020-09-24,299.10833740234375,302.1595085374378,295.6873034004473,297.00024885781556,76681300
2020-09-25,303.9439697265625,304.729857674503,297.3885547651494,298.257653382287,71069400
2020-09-28,308.9923095703125,309.7042419499173,307.1061162454565,308.09544576444915,64584600
2020-09-29,307.3094482421875,309.5284836874694,306.6159979020015,308.788814611231,51304000
2020-09-30,309.63946533203125,312.78310129067506,307.78100935569034,307.97516755399596,104081100
2020-10-01,311.6273498535156,313.1991537202758,309.75041203082435,312.22833451482296,88698700
2020-10-02,308.6686096191406,311.59960544931795,306.21842407966096,306.68997933659404,89431100
2020-10-05,314.142333984375,314.3272371892056,310.6750814573515,310.7213002044158,45713100
2020-10-06,309.67645263671875,316.37057974539914,309.16793362544905,314.28097349200937,90128900
2020-10-07,315.0670166015625,315.8714148823899,312.5983197449654,312.62605664373257,56999600
2020-10-08,317.859130859375,317.92385966066934,316.0838856399177,316.9992592418316,45242500
2020-10-09,320.69775390625,321.16005424971684,318.8855444605007,319.50501111946494,59528600
2020-10-12,325.85693359375,327.3270449402805,322.74103455582997,323.23107167134015,80388500
2020-10-13,323.7304382324219,325.89400042178966,322.7688456316229,325.7183240365502,73255500
2020-10-14,321.6962585449219,325.39466069842285,320.96584443553525,324.30363883511666,57727900
2020-10-15,321.2986145019531,321.7793965153316,317.25811557667936,317.7943713525029,60357700
2020-10-16,321.1044616699219,324.30357096252817,320.9287853470718,322.64852844457636,89501900
2020-10-19,316.2226867675781,322.99074228284945,315.325822981665,322.3620205940744,68425600
2020-10-20,317.48931884765625,320.72542054305353,316.8051235185024,317.56327447111846,60051900
2020-10-21,316.88836669921875,319.6066946596672,316.58323270677243,317.4431044735385,63575000
2020-10-22,318.6266174316406,319.2091203575822,314.9652067470299,317.1010319977672,55399300
2020-10-23,319.7083740234375,319.9025322364598,317.258188232449,319.84705846131055,49143900
2020-10-26,313.8002014160156,317.1195140807674,310.31443920384794,316.33359795190205,91473000
2020-10-27,312.7184143066406,314.475149793473,312.5057460118679,314.14230712329396,65994100
2020-10-28,302.030029296875,312.7461466489848,301.5399921174108,307.05985871686283,127094300
2020-10-29,305.09967041015625,308.2617881868608,300.57836060996675,302.26114022168764,90597700
2020-10-30,301.9190673828125,304.8315534323046,298.27613900813606,303.5278632885841,120287300
2020-11-02,305.3031311035156,307.3002435800331,302.566292996373,305.3031311035156,86068300
2020-11-03,310.6935119628906,312.746126248305,305.38631400131226,308.52995012960014,93294200
2020-11-04,317.6372985839844,321.70553558783416,313.9851149209246,315.15934752702685,126959700
2020-11-05,323.8321533203125,325.63513604533273,322.55619978772285,322.90755258267654,82039700
2020-11-06,323.7581481933594,325.0063646417054,321.43739166729375,323.5454798982403,74973000
2020-11-09,327.8263854980469,336.90597013486416,327.3640851994297,336.52688050400957,172304200
2020-11-10,327.345458984375,328.3994885277725,324.08162144417054,326.8369119502255,85552000
2020-11-11,329.7773132324219,330.6001931058199,328.28869157206935,329.5276530081711,58649000
2020-11-12,326.5780944824219,329.82345086701974,324.7751406594177,328.7693928828868,67546200
2020-11-13,331.09954833984375,331.8392176847607,327.9651381197036,328.48291230446085,62892200
2020-11-16,335.2323913574219,335.42654955095253,332.47707186315154,333.7622800304141,74541100
2020-11-17,333.429443359375,334.63144099542336,331.3213552496351,332.8284586496354,66111000
2020-11-18,329.41668701171875,334.2431030727179,329.3796950886092,333.69759212727365,70591300
2020-11-19,330.8035888671875,331.173423449706,327.44728430310664,328.7879664083773,59940900
2020-11-20,328.53826904296875,330.74807768636424,328.46431342145667,330.54466445649757,70417300
2020-11-23,330.5076599121094,331.7651311623136,328.112948198128,330.3412386076394,63230600
2020-11-24,335.8334045410156,336.37891546594994,332.1997312419318,333.0503479254816,62415900
2020-11-25,335.3155822753906,335.7778824723925,334.2245605824417,335.750145589235,45330900
2020-11-27,336.24945068359375,336.720977715475,335.2416113846449,336.40661695536556,28514100
2020-11-30,334.7608642578125,335.7409385582566,332.08878340971694,335.47279650501997,83872700
2020-12-01,338.4222412109375,339.9570813197066,337.4144301223281,338.00618794494244,74231400
2020-12-02,339.1342468261719,339.2914131198718,336.73953476512753,337.3127825968703,45927000
2020-12-03,339.041748046875,340.4286487496057,337.94147123204993,339.03249301288866,62882000
2020-12-04,341.96343994140625,341.96343994140625,339.53173654287355,339.62420221979386,50749900
2020-12-07,341.2608337402344,341.75087093197277,339.9941354266788,341.1961049259402,48944300
2020-12-08,342.2593688964844,342.82336164005824,339.9478677180988,339.9940864550397,42458900
2020-12-09,339.18975830078125,343.0730641489794,338.3576233487797,342.91589783781166,74098300
2020-12-10,339.0787658691406,340.1235407764272,336.952167699225,337.82129446332254,57735400
2020-12-11,338.68109130859375,339.08791771318033,335.8703266070758,337.38665648334694,57698600
2020-12-14,337.1648864746094,341.9173192847848,336.9892100885421,340.8448073293693,69216200
2020-12-15,341.7231140136719,341.7231140136719,338.329845795208,339.6982365511047,63865300
2020-12-16,342.2593688964844,343.1747143338236,341.0573713537836,341.935753088197,58420500
2020-12-17,344.1732482910156,344.37666151029305,343.07297154354643,343.895879454076,64119500
2020-12-18,342.7990417480469,344.6282701572163,340.79338813671035,344.46113944048307,136542300
2020-12-21,341.5733337402344,351.41588135786776,336.15994813580005,338.8898629814059,96386700
2020-12-22,340.9976501464844,342.0097572148125,339.87412260631737,341.8983367429737,47949000
2020-12-23,341.3041687011719,343.20766834908954,340.97917335383556,341.96342554621316,46201400
2020-12-24,342.6319274902344,342.659782611028,341.19269902115246,341.7776565578183,26457900
2020-12-28,345.57537841796875,345.9653500649846,344.5539768762825,345.1760839492796,39000400
2020-12-29,344.9161071777344,347.2746111341923,344.33112134700883,347.0981859364546,53680500
2020-12-30,345.4083251953125,346.4390215375945,345.01835342882407,345.73332055862136,49455300
2020-12-31,347.1631774902344,347.8874388872676,344.70254763729105,345.2132342407314,78520700
2021-01-04,342.4368896484375,348.6209805572402,338.7505780933009,348.4909711220461,110210800
2021-01-05,344.79534912109375,345.88175529048493,341.74973372476126,341.79617780811327,66426200
2021-01-06,346.8567199707031,350.0416393473608,342.743287286381,343.2911234562188,107997700
2021-01-07,352.01025390625,352.7530761209453,349.0482028609267,349.2246280958658,68766800
2021-01-08,354.015869140625,354.22941562712896,350.1531317059406,353.3937336428552,71677200
2021-01-11,351.6295471191406,353.384476638568,350.72886031003054,350.8495752953006,51034700
2021-01-12,351.7038269042969,352.71593423715626,349.46603738716954,351.815275742109,52547700
2021-01-13,352.65087890625,353.6443970420134,350.84950564563337,351.6294773146356,45303600
2021-01-14,351.4158630371094,353.89508169750326,351.0816016465891,353.3936612748807,49989100
2021-01-15,348.85321044921875,350.5988454547158,346.9961266104406,349.80031300572944,107160000
2021-01-19,351.59234619140625,352.13091630295105,349.8281224423444,351.3045005009363,51233300
2021-01-20,356.4579772949219,357.2936593696755,353.4866317659634,353.876603510318,61836100
2021-01-21,356.78289794921875,357.44218304043847,355.86365062010475,357.0150334029827,47840100
2021-01-22,355.5200500488281,356.6807271719311,354.5543587480902,354.9350642448892,52860500
2021-01-25,356.9222412109375,357.2750633365752,351.4159661050598,356.25368989697324,70402000
2021-01-26,356.36505126953125,358.2778450349725,356.1329158287073,357.86928439217473,42665300
2021-01-27,347.65533447265625,353.14301984374345,345.4268398473695,353.05015999751345,123351100
2021-01-28,350.6452331542969,354.6379514307327,349.0295795422171,349.465966970764,94198100
2021-01-29,343.6254577636719,349.75383907984985,341.9540655846165,348.78814770996314,126765100
2021-02-01,349.3453063964844,350.37597423640665,343.91333096928156,347.0146573120808,75817600
2021-02-02,354.2850646972656,355.83574176244537,349.42880987347587,352.52084118245415,64450700
2021-02-03,354.5637512207031,356.2815595050007,353.2916532761181,355.11158757378746,52427100
2021-02-04,358.5935363769531,358.63995212915546,354.67508910571235,355.59433635934124,47142600
2021-02-05,360.0049743652344,360.710675281438,358.54718510912704,360.4599791681368,48669800
2021-02-08,362.6048278808594,362.6512436310637,360.5991744109489,361.45341690524697,38365200
2021-02-09,362.36346435546875,362.95774475328056,361.3606516052226,361.76918395765694,35551100
2021-02-10,362.2055358886719,364.24833897480704,359.80991075751706,364.09976890155684,59154400
2021-02-11,362.7905578613281,363.7005390243798,360.3670773709089,363.2826838806573,42913300
2021-02-12,364.5826416015625,364.82404318438233,361.9177030106144,361.9920022182859,50593300
2021-02-16,364.26690673828125,366.0033035639086,363.5519398125603,365.80828939947554,50972400
2021-02-17,364.3505554199219,364.6012515218009,361.5091912477151,362.5213268153556,52290600
2021-02-18,362.7997741699219,363.542596113311,360.03271000764204,361.75051763067523,59712800
2021-02-19,362.1591491699219,364.34122801938736,361.71343891444184,364.05338233465426,83241000
2021-02-22,359.3735656738281,361.77848576262124,359.1042805920692,359.401420796986,67414200
2021-02-23,359.8100280761719,361.156425322424,353.03168275296207,357.1729721740489,107284100
2021-02-24,363.7747497558594,364.20189931472817,357.7392290684119,358.72348094434057,72433900
2021-02-25,355.00927734375,363.87686612338655,353.5700492800379,362.5119089152561,146670500
2021-02-26,353.18017578125,358.0271655270358,351.2024053803291,356.88507715052293,152701600
2021-03-01,361.7412414550781,362.9855121953321,353.37510050582176,358.0363693607086,105348800
2021-03-02,358.9185791015625,362.19633073939394,358.41715856200267,361.964195274004,79595300
2021-03-03,354.16448974609375,359.18787685432164,354.0623353944959,358.22221361056233,119940200
2021-03-04,349.7817077636719,356.5600515760826,345.306129482108,353.9787065028338,183433000
2021-03-05,356.21649169921875,357.2657484566025,346.01182648724296,353.27300175449477,152039600
2021-03-08,354.4429931640625,359.977094609663,354.16444194612137,357.17290844727864,123149200
2021-03-09,359.5035400390625,362.04773549523804,357.7764375613555,358.2778580660894,113633600
2021-03-10,361.7412414550781,363.43119404918576,360.43202267254077,361.8433957711477,109899400
2021-03-11,365.4090576171875,367.3775617218999,363.7469598417814,364.201964598063,86245000
2021-03-12,365.901123046875,366.0403986280399,363.2455075098559,364.0533342174548,64653600
2021-03-15,368.0832824707031,368.34327305827475,364.01626458616573,366.15189953144346,73427200
2021-03-16,367.61895751953125,369.401741761804,366.84825201962127,368.6960693202915,73722500
2021-03-17,368.87255859375,369.6710910137919,365.19551232371896,366.33762904443535,97959300
2021-03-18,363.505615234375,368.37116601733726,362.8277694050452,366.2912411031278,115349100
2021-03-19,362.8329162597656,364.7799210991891,360.662312193328,363.20554373191754,113624500
2021-03-22,365.73016357421875,367.10891663764517,363.28942068287944,363.3453133880508,73778600
2021-03-23,362.8515319824219,366.5405922291803,362.0690057743006,365.09665013615654,90686600
2021-03-24,361.00701904296875,365.87920816679144,360.9604512667513,364.2489379839986,97588600
2021-03-25,363.03790283203125,363.82972563036685,357.63470442840975,359.5724129695901,116128600
2021-03-26,368.88824462890625,369.28881849367565,363.5875351124933,364.18373344592686,114409100
2021-03-29,368.7018737792969,369.60551031662703,365.935071468474,367.4162848468423,108107600
2021-03-30,367.7237548828125,368.39449575639236,366.1307275395253,367.4349664373488,76262200
2021-03-31,369.21435546875,370.77011191473036,368.2641508437477,368.29209720243415,112734200
2021-04-01,373.2013854980469,373.257306623369,370.9376460344491,371.1425953951237,99682900
2021-04-05,378.5580749511719,379.09840904135075,375.7819756542243,375.8564897892532,91684800
2021-04-06,378.33447265625,379.3778410378448,377.663731778131,377.9991164320186,62021000
2021-04-07,378.7723693847656,379.11705058317233,377.7103794337197,378.16684605543014,55836300
2021-04-08,380.5702209472656,380.6261136446718,379.08900760669604,380.02059046966957,57863100
2021-04-09,383.3371276855469,383.5048342531352,380.3281324128653,380.44924276681104,61104600
2021-04-12,383.476806640625,383.7469452179368,382.13532496213276,382.74084817389485,56704900
2021-04-13,384.6133728027344,385.2375459689583,382.992427357714,383.3743798281407,56551000
2021-04-14,383.29974365234375,385.63799708242254,382.759409722935,384.58530399928327,61659900
2021-04-15,387.41741943359375,387.6875864651336,385.3865753074208,385.43314308577106,60229800
2021-04-16,388.7123107910156,389.31783402254797,387.28699001478793,388.70298586402646,82037300
2021-04-19,386.8025207519531,388.22784142524785,385.4796889791716,387.78069983654575,78498500
2021-04-20,383.9705810546875,386.6907875184191,382.4986639809094,385.59152639170094,81851800
2021-04-21,387.6037292480469,387.80867863656937,383.2159530341772,383.3557132219947,66793000
2021-04-22,384.06365966796875,388.2651075101176,383.0016699793457,387.43601353904774,97582800
2021-04-23,388.2279052734375,389.6346047551007,384.54816933952253,384.62268347334305,73209200
2021-04-26,389.0384216308594,389.60670212994864,388.2931664903758,388.88006841759574,52182400
2021-04-27,388.9544982910156,389.53210359386003,387.8179659687333,389.33645070740164,51303100
2021-04-28,388.84271240234375,390.342575715046,388.3769209336228,389.2246648182536,51238900
2021-04-29,391.3207092285156,391.93555735176267,387.94838369193803,391.56292987909427,78544300
2021-04-30,388.7495422363281,389.9047243925387,387.85523059091884,389.05698052139843,85527000
2021-05-03,389.5879821777344,391.11576335825885,389.09424437535307,390.7338109557142,68128300
2021-05-04,387.1845397949219,388.09750141176715,383.5048038327527,387.60376353614816,101591200
2021-05-05,387.3056640625,389.0570447951,386.74670853065714,388.82414902597037,60162200
2021-05-06,390.3984680175781,390.528874845266,385.3772223436678,387.3801199711882,74321400
2021-05-07,393.2398376464844,393.89195716185367,390.48235974282153,391.1624256128691,67733800
2021-05-10,389.3458251953125,393.81741249794896,389.22471484913274,393.59384166171475,81852400
2021-05-11,385.8708801269531,386.8583555604407,382.00481742833864,384.83683692816203,116888000
2021-05-12,377.673095703125,384.3618553205323,376.3595601632733,383.0949159919616,134811000
2021-05-13,382.2098388671875,384.1382223326197,379.17286945378146,379.2194656575238,106394000
2021-05-14,388.078857421875,388.9266014154042,384.9114807136324,384.9394270681594,82201600
2021-05-17,387.0914001464844,387.9019013257999,385.07917723544665,386.9703182241895,65129200
2021-05-18,383.7563171386719,387.59443468838975,383.5979355139091,387.3522140021612,59810200
2021-05-19,382.7501220703125,382.92712508894346,377.5984699667049,379.0797117393857,106467100
2021-05-20,386.8678283691406,388.12547123922195,383.5048270266521,383.6259089486558,78022200
2021-05-21,386.5509948730469,389.5879640994018,386.09452836834424,388.34894297284785,76578700
2021-05-24,390.49163818359375,391.56295289159766,388.544604797389,388.7868254622032,51376700
2021-05-25,389.6252746582031,391.9262858634761,389.0476977323679,391.57227976579446,57451400
2021-05-26,390.3984680175781,390.9015023339306,389.1780966451499,390.2121400584183,43088600
2021-05-27,390.6033630371094,391.9355196277636,390.32387113726895,391.42316045586614,56707700
2021-05-28,391.3020324707031,392.4292396557625,391.06913677951275,392.16839761881533,58520200
2021-06-01,390.95745849609375,393.7987753351119,390.5196133395258,393.65904356804924,54216600
2021-06-02,391.5722961425781,392.410743642536,390.60347022695476,391.6095674253817,49097100
2021-06-03,390.1189270019531,391.25545917868044,387.7992948793943,389.2618867288055,58138800
2021-06-04,393.6870422363281,393.98515566544813,390.1842805183219,391.96360773445116,55938800
2021-06-07,393.3049621582031,393.8545926231731,392.37337931662984,393.677589608902,51555000
2021-06-08,393.38885498046875,394.25522031845156,391.56296032167944,394.1620563356279,47134300
2021-06-09,392.802001953125,394.30186550282065,392.5784311103021,394.22732293544,48436300
2021-06-10,394.6278381347656,395.5780709347275,392.7087795402519,394.0223149057569,51020100
2021-06-11,395.2800598144531,395.39184524815073,393.89200996327,395.1775993101179,45570800
2021-06-14,396.1650390625,396.2674995574854,394.1528161505777,395.3918091672138,42358500
2021-06-15,395.4383544921875,396.3512876197017,394.56266421460623,396.3140447697688,51508500
2021-06-16,393.2304992675781,395.8016775286566,391.19035858653814,395.5781066988787,80386100
2021-06-17,393.10009765625,394.07824847919915,390.63140827908353,392.82063411530976,90949700
2021-06-18,387.7969970703125,390.5167474088944,387.5913771677302,389.82512979232945,118676300
2021-06-21,393.3486022949219,393.53553981527546,388.7408804970825,389.55400451756464,72822000
2021-06-22,395.45159912109375,396.28343417143736,392.61966911686017,393.339353041914,57700300
2021-06-23,394.9749755859375,396.33017311106846,394.8908622379778,395.52640432656335,49445400
2021-06-24,397.31158447265625,397.7321512462469,396.86295139148933,397.115319978314,45110300
2021-06-25,398.7228088378906,399.1714418641056,397.73210252899935,398.05922899461444,58129500
2021-06-28,399.526611328125,399.69483801915226,398.04990728021846,399.2462335097463,53159600
2021-06-29,399.7415466308594,400.545315311481,399.20880030663477,399.9097733050363,35970500
2021-06-30,400.0780944824219,400.75102986074927,399.25561473972493,399.28365252537725,64827900
2021-07-01,402.29315185546875,402.452051650708,400.7696989990123,400.83513000426785,53441000
2021-07-02,405.3680419921875,405.72320623377107,402.3772122424309,403.45206040174946,57697700
2021-07-06,404.62969970703125,405.6391169295271,401.9005937821132,405.4241415803903,68710400
2021-07-07,406.0596923828125,406.34009873848606,403.3025486160357,405.31199914635374,63549500
2021-07-08,402.75103759765625,403.50808611480505,399.57327068511836,400.7509143885333,97595200
2021-07-09,407.0504150390625,407.3495037546776,402.55484295981864,404.2558779418757,76238600
2021-07-12,408.5083923339844,408.76076088893643,406.5363351584208,406.9662573135737,52889600
2021-07-13,407.1158142089844,409.2187334442086,406.854118733952,407.72331850573784,52911300
2021-07-14,407.7232971191406,409.29349840963926,406.4802508086064,408.8074721795963,64130400
2021-07-15,406.3307189941406,407.05972983900836,404.43341971053184,406.38679455738685,55126400
2021-07-16,403.14361572265625,407.555073909898,402.75108678868395,407.5083537824567,75874700
2021-07-19,397.19000244140625,403.20902632092094,394.38611039278754,398.3302530154178,147987000
2021-07-20,402.8819274902344,404.1530401378472,397.0591676686946,397.85360950811923,99608200
2021-07-21,406.143798828125,406.28401626491234,402.83522636423976,404.0782727663207,64724400
2021-07-22,406.9942932128906,407.23730633204167,405.3400070746696,406.3213579405747,47878500
2021-07-23,411.1814270019531,411.51788035862415,408.2373460404216,408.91960818789283,63766600
2021-07-26,412.19073486328125,412.2000902955781,410.54580457062264,410.592524686788,43719200
2021-07-27,410.3122253417969,411.18142503169713,407.4896224241449,411.15338725210887,67397100
2021-07-28,410.14398193359375,411.51789021824817,408.72335352250394,410.9384237416545,52472400
2021-07-29,411.8450012207031,412.91982079238494,411.05991487644866,411.06927031045103,47435300
2021-07-30,409.8450012207031,411.29366769297104,409.1533549658099,409.284216981458,68951200
2021-08-02,408.98504638671875,412.1067095157106,408.62988215553224,411.55528082300833,58783300
2021-08-03,412.3123779296875,412.4338844991458,407.5925037276187,409.7795364098606,58053900
2021-08-04,410.28424072265625,412.28433581198715,410.050583021591,411.03193395699765,46732200
2021-08-05,412.88250732421875,412.96662067268136,411.1253968736616,411.4431679198543,38969700
2021-08-06,413.5647277832031,413.9853230057107,412.9198303207797,413.20023664333985,46930000
2021-08-09,413.22833251953125,413.8545192015544,412.46192839518204,413.53674814277605,41222600
2021-08-10,413.7423400878906,414.4526685963435,412.9946468851688,413.67690908891893,43339300
2021-08-11,414.77044677734375,414.8639155599606,413.6862716488568,414.80783999492405,44034300
2021-08-12,416.01348876953125,416.15370620330873,413.72366049428854,414.62089804805976,38909400
2021-08-13,416.7705383300781,416.7892206760995,415.9760965228515,416.4620942233985,39470300
2021-08-16,417.7519226074219,417.8827560853764,413.91993068902,415.47142121296486,73740000
2021-08-17,415.01348876953125,415.87333317500145,412.032014089514,415.2003978250957,92673900
2021-08-18,410.4710693359375,415.5648176300806,410.22808476985836,414.0039719428465,89351900
2021-08-19,411.1067199707031,412.3030748636905,407.61120965110115,407.7513985767886,92812200
2021-08-20,414.37786865234375,414.7049951138694,410.96647217681397,411.4524984131377,72008700
2021-08-23,418.02294921875,418.9295421673049,414.45265298648917,416.0602189821948,54973000
2021-08-24,418.68658447265625,419.2193309044513,418.1725489124351,418.68658447265625,38744700
2021-08-25,419.56512451171875,420.0791600532625,418.49963168684314,418.87350683269574,40529700
2021-08-26,417.0883483886719,419.5183656415265,416.99487960448477,419.2847079423929,57829600
2021-08-27,420.8174133300781,421.1912598528241,417.8359395357212,417.89201508800005,77235100
2021-08-30,422.6680908203125,423.4531772582027,421.24743377041483,421.4904469021432,48357400
2021-08-31,422.0419006347656,422.91110047218524,421.4437517278113,422.57464706002395,59300200
2021-09-01,422.2661437988281,423.4905077483613,422.03248612109024,422.9764722664043,48721400
2021-09-02,423.5653381347656,424.369106938718,422.36901184150173,423.68684470342555,42501000
2021-09-03,423.4624938964844,423.9765579301553,422.0325099688313,422.4344228744772,47170500
2021-09-07,421.9483642578125,423.21012139664674,421.27542901861193,423.1166526229062,51671500
2021-09-08,421.4343566894531,422.14468518971387,419.5183465302411,421.4156743425341,56181900
2021-09-09,419.6304931640625,422.98581388405796,419.38748005990004,421.23805907529504,57970400
2021-09-10,416.3218994140625,421.9764037145198,416.2003928599835,421.5558370150139,89948200
2021-09-13,417.38739013671875,419.57445120398825,415.07885103030503,419.31275573342043,83738600
2021-09-14,415.1348876953125,419.03228133911085,414.24697721294655,418.82666146543994,78197100
2021-09-15,418.6024169921875,419.0977701394543,414.4526542585058,415.5555116773011,78792200
2021-09-16,417.9388732910156,419.05105771787464,414.99476341128366,418.0790622084627,77786700
2021-09-17,413.86767578125,417.59004823430996,413.51137369740354,417.168134146106,118425000
2021-09-20,406.966796875,409.3296017705494,402.10987722418974,407.7543985068498,166445500
2021-09-21,406.5823059082031,410.59533949300106,406.0572382327374,409.30141250201683,92526100
2021-09-22,410.5484313964844,412.58309005146594,406.69480673198865,408.8513325900805,102350100
2021-09-23,415.5366516113281,417.14001100580157,412.17996661282217,412.4143728690153,76396000
2021-09-24,416.22113037109375,416.9337345501658,413.6895313452658,413.9051954031547,62094800
2021-09-27,415.03033447265625,416.3523605127942,414.33647253059087,415.18971469523467,61371100
2021-09-28,406.66668701171875,412.5924834545763,405.9353407086728,412.2643090052773,130436300
2021-09-29,407.3511962890625,409.77964162679973,406.7886155612909,408.045029638689,82329200
2021-09-30,402.37237548828125,409.52642965582174,402.0348156347722,408.8232109595568,140506000
2021-10-01,407.154296875,408.8326537442385,400.58156466232106,404.0976586371233,129240100
2021-10-04,401.903564453125,406.8917073430287,399.7657521393978,405.9915954205408,128570000
2021-10-05,406.08538818359375,408.3262970264828,402.6068074886927,403.4037658375677,90682500
2021-10-06,407.7731018066406,407.97938044868795,400.8721956255004,402.49426854273986,113032200
2021-10-07,411.2985534667969,414.1301704422201,410.86725401277494,411.0454050378357,72437500
2021-10-08,410.5484313964844,412.4518374427157,409.9202387275282,412.0674077940218,74557400
2021-10-11,407.5762023925781,412.7987803671197,407.5105617770027,409.8921372238028,65233300
2021-10-12,406.572998046875,408.89831863461245,405.78539638345933,408.4951467022772,71181200
2021-10-13,408.0356140136719,408.8513431322092,404.6226741156243,407.594929147859,72974000
2021-10-14,414.8990783691406,415.04910180856405,411.2235756383798,411.6923881563111,70236800
2021-10-15,418.05877685546875,418.4244642725793,416.389805808692,417.0086416279291,66260200
2021-10-18,419.2964782714844,419.6340094982905,415.6209761000303,416.27732497087453,62213200
2021-10-19,422.5313415527344,422.59695355572194,420.3091462784129,420.91862541650084,46996800
2021-10-20,424.1909484863281,424.49099536699856,422.8782791509517,422.99078957769177,49571600
2021-10-21,425.29736328125,425.5223841474882,423.1595792098458,423.59087874148474,41305400
2021-10-22,424.8565979003906,426.3099336904653,422.91570745443045,424.8659833060559,58845100
2021-10-25,427.13507080078125,427.46324528395957,424.1722008875209,425.9442973142117,45214500
2021-10-26,427.51953125,429.8917216010357,427.1444869339798,428.68220582792407,56075100
2021-10-27,425.6254577636719,428.6446111455954,425.5504317463337,427.97890546543795,72438000
2021-10-28,429.7322998046875,429.80729721502064,427.0413206145411,427.050677407055,51437900
2021-10-29,430.6042785644531,430.8949400235168,427.14444004690756,427.43510150597126,70162400
2021-11-01,431.34503173828125,431.9638676988326,429.6198050970678,431.5887947913139,48433600
2021-11-02,433.0889587402344,433.3983909976397,431.3824744636354,431.5137556913935,48908400
2021-11-03,435.7331237792969,436.1362956921223,432.0857485213813,432.52643344894864,52509800
2021-11-04,437.7864685058594,437.87085131761023,435.9862160130472,436.33313266603705,52847100
2021-11-05,439.3054504394531,441.2932109079652,437.7958878886841,440.0086692059953,66390600
2021-11-08,439.6804504394531,440.8993800137787,438.99600255528054,440.4024399467041,50405200
2021-11-09,438.2272033691406,440.2806045314554,436.8207657847632,440.0461982673925,51149100
2021-11-10,434.70172119140625,438.2272005366199,433.2202862022842,436.53945827784827,69429700
2021-11-11,434.84234619140625,436.2675545379645,434.8236039920207,436.19252851233256,34848500
2021-11-12,438.1239929199219,438.67718819768925,435.161094692695,436.1081050332003,53466700
2021-11-15,438.2740478515625,439.56797493267015,437.14891501750157,439.40859470618256,46980500
2021-11-16,440.0086364746094,441.14315465497026,437.9364933419403,438.0114907479462,48857500
2021-11-17,438.9397888183594,439.9242836397509,438.3209528739824,439.7461325975495,47858300
2021-11-18,440.4305419921875,440.69307581212365,437.25197993727926,439.9710863467691,50625600
2021-11-19,439.6429748535156,441.5650945480242,439.2772873896782,440.31803734544474,57315600
2021-11-22,438.4053039550781,444.00292604113224,438.1990253218852,441.518225650883,72762000
2021-11-23,438.98663330078125,439.83987544998917,435.4799250989726,438.07713594296996,73206500
2021-11-24,440.1586608886719,440.28055671099236,436.17375483241744,436.9894839645097,61858800
2021-11-26,430.34173583984375,434.96422009835896,429.21657442443677,433.50152742675596,112669600
2021-11-29,435.62060546875,437.4583425612124,432.9296261441328,435.1236653350825,86268800
2021-11-30,427.1444396972656,435.08612453579684,426.90064804249147,433.1827469437874,148559600
2021-12-01,422.4000244140625,435.68618205628803,422.2031311937479,432.8451797070104,131939200
2021-12-02,428.86968994140625,430.43553635703284,422.22193180478286,422.61574691393747,127637800
2021-12-03,425.1379089355469,431.58874442702455,420.9185967447433,430.5292522904625,137331600
2021-12-06,430.17291259765625,432.0481622961489,425.2691243350437,427.6788270649763,98977500
2021-12-07,439.0710144042969,439.633595102183,430.0416814760553,435.4424103932935,95484700
2021-12-08,440.23370361328125,440.68377393878586,437.71148993714627,439.4648728181905,72238800
2021-12-09,437.2614440917969,440.3368530852221,437.06455084489505,438.9491577219033,61272600
2021-12-10,441.37750244140625,441.5275258475931,437.4113677313655,439.96170840846366,77159800
2021-12-13,437.4676818847656,441.20879629669554,437.1863772299923,440.86187964178026,87724700
2021-12-14,434.4578552246094,436.6894070406909,431.54185555192583,434.20470680540546,97264100
2021-12-15,441.2462463378906,441.4900093337228,432.00125072662127,434.5141069927306,116899300
2021-12-16,437.35516357421875,443.37469964954175,435.8080595359977,443.09342361388826,116568600
2021-12-17,432.70050048828125,437.2827723193572,430.997439062657,434.28123782567144,135511600
2021-12-20,428.0993957519531,428.4945657060667,424.4862697414786,427.62893618734074,107134800
2021-12-21,435.7020263671875,435.84315849906136,429.35082200169626,431.51492459595994,69806300
2021-12-22,440.0584716796875,440.1713773813337,435.2503599777173,435.44797367017134,58890200
2021-12-23,442.7964782714844,444.2925360057626,440.95228510851217,441.05577241344565,56439700
2021-12-27,449.06304931640625,449.11008378457836,444.12322414632985,444.17025861450196,56808600
2021-12-28,448.696044921875,450.5214301033936,447.9339028188725,449.49583182545905,47274600
2021-12-29,449.2701110839844,450.28629118812887,447.8022794254561,448.79965148280036,54503000
2021-12-30,448.0281066894531,450.7003138729297,447.56706545265257,449.69352339929355,55329000
2021-12-31,446.89892578125,448.68666632067624,446.6260799179109,447.5387725895835,65237400
2022-01-03,449.4864501953125,449.61819265083415,445.8545162929149,448.15975083339737,72668200
2022-01-04,449.33587646484375,451.62233155714586,447.4822648058163,450.9072238974489,71178700
2022-01-05,440.70770263671875,449.7405319442751,440.61360498167255,448.9689713732978,104538900
2022-01-06,440.293701171875,443.0035528678846,437.9319849605687,440.2466667010779,86858900
2022-01-07,438.55291748046875,441.4791903967264,437.19799187206786,440.30304168905667,85111600
2022-01-10,438.00726318359375,438.2236562011222,429.62367048499374,435.36328278709937,119362000
2022-01-11,441.99664306640625,442.09074069714615,434.7515562179163,437.7437000738783,74303100
2022-01-12,443.1916809082031,445.2429062617321,441.2345819172256,443.7280116585806,67605400
2022-01-13,437.08514404296875,444.9418241930247,436.05954567988096,444.29258772329274,91173100
2022-01-14,437.2639465332031,437.6120820227763,432.7287093594842,433.9425030975037,95890900
2022-01-18,429.5201416015625,432.7851319574491,428.4098639787604,432.578128611285,109709100
2022-01-19,425.0601806640625,432.455790611051,424.7873060995941,431.0632487949444,109357600
2022-01-20,420.3555908203125,431.6372011815895,418.2385229314581,426.94202425230395,122379700
2022-01-21,412.1037292480469,421.58818048554997,412.0755028255823,419.2358828982697,202271200
2022-01-24,413.8538513183594,414.36195566976323,395.90112761933347,406.5052754832323,251783900
2022-01-25,408.8011169433594,413.7409421509055,401.9135823339121,407.47441758472695,167997300
2022-01-26,407.7756042480469,417.8058072699386,403.52263070334715,414.68194835284964,186391100
2022-01-27,405.7619323730469,415.50045053402,404.0777079047049,412.3672026513168,149878300
2022-01-28,415.83917236328125,415.88620682845203,402.54398201671927,407.1168346707988,164457400
2022-01-31,423.3288879394531,423.67702338927,413.82559991033423,415.1711072435179,152251400
2022-02-01,426.189208984375,426.8290269174716,420.5342774489513,424.0533047955474,123155400
2022-02-02,430.3293151855469,431.0538124863708,426.2833462117449,428.58860927324656,117361000
2022-02-03,420.21441650390625,426.2080657307745,419.3769848400867,424.30741975423217,118024400
2022-02-04,422.19036865234375,426.0293055549054,417.6080689818472,419.9792032496543,118454400
2022-02-07,420.8354797363281,424.3450895509773,419.50878037886775,422.95254768054906,84472900
2022-02-08,424.2980651855469,425.2201762493433,418.91600673505786,420.33680377789557,81012000
2022-02-09,430.50811767578125,430.82802671260504,428.1275935863995,428.32517855026134,92589900
2022-02-10,422.77374267578125,430.6680383540824,420.778998939607,424.67438876665915,140103700
2022-02-11,414.437255859375,424.92849902096657,413.0070690365457,422.85849404433793,153214600
2022-02-14,413.0821838378906,415.5097705548557,409.6196093559533,413.92903377587095,123006300
2022-02-15,419.7440490722656,419.91340763201026,416.99655245102997,417.51407522523783,88482700
2022-02-16,420.21441650390625,421.5881501559702,415.8297306709073,417.7021502270157,84863600
2022-02-17,411.2381286621094,420.18627912524965,410.63595532705654,417.03419417418587,102259100
2022-02-18,408.5753173828125,412.74358216810356,406.3076988713617,411.49214366579196,132642900
2022-02-22,404.190673828125,409.77031787811296,400.69984286814764,406.373613297068,124391800
2022-02-23,397.02081298828125,407.66260537056274,396.4562558034865,407.098048185768,132578000
2022-02-24,402.9955749511719,403.4284183428238,386.378971556724,386.7364966376221,213942900
2022-02-25,411.8873596191406,411.97203889724267,402.5816554040874,404.2282639234101,121804500
2022-02-28,410.8335266113281,412.3107765451423,405.25388303089113,406.50529284633944,145615000
2022-03-01,404.576416015625,411.3416268267393,401.8759540045587,409.3374644946176,137785900
2022-03-02,412.0190734863281,413.740942784039,406.0724579549326,406.8251817399771,117726500
2022-03-03,409.9678955078125,415.04885343146157,408.17073639481583,414.446680076633,105501700
2022-03-04,406.6370544433594,407.7661402300269,402.60050312317946,406.2418557535522,113978200
2022-03-07,394.6496887207031,406.7593128666358,394.5838174926232,406.0536235461076,137896600
2022-03-08,391.6576232910156,401.97008984857894,390.5943799836052,394.82851645161617,164772700
2022-03-09,402.1581726074219,404.13410814898197,397.83935806469975,400.0222969242245,116990800
2022-03-10,400.3422546386719,401.2361105228519,395.6000145047704,397.55711352812676,93972700
2022-03-11,395.2519226074219,403.4379021571393,394.7438182155745,402.8263104395944,95636300
2022-03-14,392.3632507324219,399.4671781987032,391.2247467020312,396.0234396841189,95729200
2022-03-15,400.99151611328125,401.62191584683524,393.6993928949382,394.969610741959,106219100
2022-03-16,409.8831787109375,409.9396315604553,399.7024270341616,404.4917305799787,144954800
2022-03-17,415.01116943359375,415.01116943359375,407.596722776026,407.9730846505351,102676900
2022-03-18,419.5567626953125,419.8776656161691,412.6667255275147,413.40292135860483,106345500
2022-03-21,419.43402099609375,421.3877523283893,415.93234592986585,419.3868116069883,88349800
2022-03-22,424.3419494628906,425.276343887646,420.82140820007544,420.82140820007544,74650400
2022-03-23,418.87713623046875,423.303758234989,418.79219389310117,421.8125003060186,79426100
2022-03-24,425.1914367675781,425.200884406194,419.7832397355188,420.8969665486931,64736900
2022-03-25,427.2679443359375,427.54166664957455,423.247167191328,425.8238668662759,77101300
2022-03-28,430.30706787109375,430.30706787109375,424.7855856636152,426.67326991890525,68529800
2022-03-29,435.63031005859375,436.12112638537604,431.50572468711965,434.18623279666707,86581500
2022-03-30,432.9404296875,435.30003519309184,430.83565120715195,434.4883159212036,79666900
2022-03-31,426.2769470214844,432.99709953880534,425.82389235149907,432.1759613525289,121699900
2022-04-01,427.48504638671875,427.9947004651948,423.9173238184881,427.85312988784034,89048800
2022-04-04,431.1470642089844,431.25090181901925,426.86204176947047,427.68317979634264,59601000
2022-04-05,425.7010803222656,432.11919476582733,424.55903950236103,429.65578083151576,74214500
2022-04-06,421.4443664550781,423.71902938512,418.5656595556562,421.793612229182,106898000
2022-04-07,423.5680236816406,425.3802132507673,418.62230012164184,420.5666126114327,78097200
2022-04-08,422.4354553222656,425.32361011547357,420.89698794603316,422.8129864370016,79272700
2022-04-11,415.21502685546875,420.0097320215141,414.7147916975716,419.16969873165914,89770500
2022-04-12,413.67657470703125,420.71762892299597,412.12865978994853,418.1975577653763,84363600
2022-04-13,418.4146728515625,419.16973507105604,413.25185499529334,413.4311873130841,74070400
2022-04-14,413.2046813964844,419.7549485147844,413.1008437773758,418.64119283709516,97869500
2022-04-18,413.37457275390625,415.05461073103595,411.1470901663332,412.2797123367979,66002500
2022-04-19,420.0475158691406,420.76481631207815,413.10082271070314,413.2707073837323,77821000
2022-04-20,419.736083984375,422.4354878298303,418.57517643732126,421.8219961207023,65224400
2022-04-21,413.45947265625,424.7383973991878,412.55339229515056,423.3509483444846,85417300
2022-04-22,402.1144714355469,413.478308876768,401.54816044987837,412.374029818299,132471800
2022-04-25,404.4458312988281,404.61571598232445,395.31886452951045,399.87763849644267,119647700
2022-04-26,392.7326965332031,402.1144891433886,392.7043824228615,401.9162615672227,103996300
2022-04-27,393.8370361328125,399.1697677643689,391.7039722839688,393.8087220181219,122030000
2022-04-28,403.78515625,405.5124037214935,394.1485348093446,398.57515732733924,105449100
2022-04-29,388.86297607421875,401.9540624319965,388.11733269096055,399.8021034252902,145491100
2022-05-02,391.20367431640625,392.5628092111438,382.2749075321882,388.92901145512707,158312500
2022-05-03,392.9969482421875,395.4037338921699,390.1465268831045,391.70388927238196,100028200
2022-05-04,404.9648742675781,405.53118526756083,390.47689280324255,393.65763595496884,144247900
2022-05-05,390.5712890625,401.132884248546,386.4467037789483,400.7081437907731,172929100
2022-05-06,388.2399597167969,391.5056449287852,382.9450199922549,388.01344685698336,151770800
2022-05-09,375.80963134765625,383.5868812355381,374.23340232623997,382.35045035687074,155586100
2022-05-10,376.67791748046875,383.27536414376215,372.6477223262594,381.77465875186067,132497200
2022-05-11,370.6940002441406,381.3499860628742,369.94835688896774,375.71524733858433,142361000
2022-05-12,370.30706787109375,373.57275401716174,363.5208397349999,367.5038552140162,125090800
2022-05-13,379.1602478027344,380.5382491972758,373.39335762056186,374.4315896864937,104174400
2022-05-16,377.6218566894531,381.2839693671578,375.27169861489534,377.51804786382434,78622400
2022-05-17,385.3896789550781,385.6256395203469,379.9720047899369,383.7001932426954,83029700
2022-05-18,369.85394287109375,381.123419587076,368.61751205317614,380.8402784851767,117674500
2022-05-19,367.58880615234375,372.00600991179766,365.3707710345012,366.79598209392395,98510700
2022-05-20,367.74920654296875,374.7336324078952,359.1696852051724,371.16591037827914,131432200
2022-05-23,374.62982177734375,375.39433157969796,368.457086332618,370.7694822124612,76414900
2022-05-24,371.76995849609375,372.9591798912348,365.2291112058376,370.5146324408455,91448800
2022-05-25,375.0545349121094,377.0177426324369,369.88229858000193,370.2786961363731,91472900
2022-05-26,382.5487060546875,384.1815635422074,376.07396194375553,376.2816083941698,82168300
2022-05-27,391.93988037109375,392.0531368146943,384.80443638650837,385.0026351628093,84768700
2022-05-31,389.7407531738281,393.0725149914447,387.00361655148845,390.3259307298854,95937000
2022-06-01,386.5882873535156,392.86483164009155,384.0776638781302,391.8549424707136,86585800
2022-06-02,393.9502868652344,393.9974674509903,384.1815149003103,386.4278638148007,79609600
2022-06-03,387.4849548339844,390.7884022780611,386.51279859544996,389.240487364167,71874300
2022-06-06,388.6647644042969,393.21406164588547,387.4943805595861,391.48684319664267,57508900
2022-06-07,392.3929443359375,392.84599895820924,384.7195026936411,385.18200495505744,59272400
2022-06-08,388.1268005371094,392.4684805286195,387.33397652533813,390.6846048993001,64350000
2022-06-09,378.89599609375,388.6175587452947,378.89599609375,386.3523433395128,86289800
2022-06-10,367.90966796875,373.55385453962793,367.86248738155257,372.70440234363315,132893900
2022-06-13,353.94085693359375,360.3684205912054,352.33631352731584,358.5184977773577,170004900
2022-06-14,352.87432861328125,356.71577382349307,349.7785269115855,355.68698913644283,104011800
2022-06-15,357.9049987792969,362.3410401471121,351.2225794060758,356.1683036625761,125666800
2022-06-16,346.0596923828125,350.1087829653544,343.63401132773026,349.70293778443306,134473300
2022-06-17,346.8057556152344,350.14245020385545,343.30795986691686,346.474006989018,111113900
2022-06-21,355.5361022949219,356.92005638665404,352.44587608946637,352.521725834006,76811900
2022-06-22,354.8915100097656,358.99598772773135,350.90074904768903,351.3178358414842,90059400
2022-06-23,358.370361328125,359.1002487608876,353.46963484148904,357.0243321478926,79292100
2022-06-24,369.7643127441406,369.77380119326506,361.507944524138,361.5363809433128,98050300
2022-06-27,368.3519592285156,370.9776852889989,367.2618578134948,370.683832618729,66009600
2022-06-28,360.82550048828125,372.68398100101825,360.71175479299797,369.90658420443964,86548900
2022-06-29,360.5316467285156,362.3611241546952,358.71165775298255,361.3753088463661,65676000
2022-06-30,357.6025390625,360.8349471944622,353.1567954408799,356.6451313576215,112508300
2022-07-01,361.3847351074219,361.82079880218214,354.33221338787916,356.9484798436387,74839700
2022-07-05,362.0671691894531,362.08614608538556,353.4790245086268,356.30383382402914,81438000
2022-07-06,363.29010009765625,365.7736442291068,359.8302001680812,362.2094581257224,70426200
2022-07-07,368.7311706542969,369.52741950591667,363.30907034528104,365.06272708039626,64525900
2022-07-08,368.42779541015625,370.29519752923926,365.5745491503481,367.10068528955685,72397800
2022-07-11,364.2190246582031,366.7215164411496,363.5270331899998,365.7546492181339,58366900
2022-07-12,360.99603271484375,366.04845792183517,359.25186497173377,363.6691716276499,62219200
2022-07-13,359.10028076171875,362.02937706003513,355.14747320454023,355.5645600399159,84224600
2022-07-14,358.2281494140625,359.30876226262916,351.71594911911046,354.15207948496095,89704800
2022-07-15,365.07220458984375,365.1859502897795,360.72125799807424,362.6265563284071,79060400
2022-07-18,362.0577697753906,368.825898190188,360.8349458407432,368.1528836213448,63203600
2022-07-19,371.84027099609375,372.4090283274704,365.31861090466685,365.97264856832055,78506000
2022-07-20,374.2100830078125,375.62250240338216,370.6648741646818,372.02988023942527,71843800
2022-07-21,378.0207214355469,378.068105826219,371.2336162126565,373.6318507302927,64903900
2022-07-22,374.5134582519531,379.3383643459128,372.29533041038957,378.1440056178114,72197300
2022-07-25,374.96844482421875,375.8215664094441,372.73134023128426,375.13906335562353,53631500
2022-07-26,370.5321960449219,373.5370840827539,369.64114957187473,373.328540675696,52946400
2022-07-27,380.1535949707031,381.89776315262577,373.52761885571124,373.82147154826214,82342100
2022-07-28,384.92156982421875,385.61353235014826,377.4140367716771,380.95927437369363,73966600
2022-07-29,390.533203125,391.5190471453721,385.5850639824012,386.3528761831323,87003700
2022-08-01,389.37677001953125,391.8792906615118,387.13020608259814,387.8411455020427,69997500
2022-08-02,386.8079528808594,391.4906766053588,385.63254218875403,387.8127450392465,63435400
2022-08-03,392.86517333984375,394.0310955881913,388.6469207989162,388.931285023342,67820600
2022-08-04,392.59979248046875,393.4718621327927,390.9598814965707,392.7893590044414,45656600
2022-08-05,391.9361877441406,392.5807659148732,388.26774474140564,388.3246175842232,56814900
2022-08-08,391.48114013671875,395.8700106498597,390.3815503961838,393.6234467801919,53886100
2022-08-09,389.9265441894531,391.25362520037476,388.85539093228897,390.75122921309026,44931800
2022-08-10,398.1165466308594,398.25875764308745,395.01686148617915,396.9695725820738,68665700
2022-08-11,398.1165466308594,402.81824634961964,397.3771708656973,400.9603040242822,59489700
2022-08-12,404.8563232421875,404.9605804756404,399.10244636975136,400.0503656332881,61694500
2022-08-15,406.5246887207031,407.0460617331619,402.5908291054767,402.6477019536426,54048300
2022-08-16,407.32098388671875,409.24525914057574,404.64784419568446,405.4535814834621,59289000
2022-08-17,404.4297790527344,407.1313549468698,402.42968313864895,403.7283280008868,63563400
2022-08-18,405.6051940917969,406.28766820146114,403.33965312992564,404.628809463559,49023200
2022-08-19,400.1546630859375,403.11216664311075,399.28256461046794,402.84675039895933,68016900
2022-08-22,391.8224792480469,395.5004110497399,390.921944270961,395.3297635768896,77695600
2022-08-23,390.87457275390625,393.78469227238185,390.3247632987665,391.3959168557966,49105200
2022-08-24,392.125732421875,393.4907094010359,389.96447788992435,390.64695191540625,49177800
2022-08-25,397.66168212890625,397.70906652826534,392.5239461830148,393.61404772211625,50942300
2022-08-26,384.20123291015625,398.0882471734594,384.1443600569768,397.5479550682545,103087000
2022-08-29,381.6607666015625,384.70357956798847,380.30524889484775,381.2531682301508,65370800
2022-08-30,377.470947265625,383.0542059895712,375.3760536519589,382.8172261577202,85652400
2022-08-31,374.5987548828125,380.3431437236325,374.4660612189248,379.10137171228644,76029700
2022-09-01,375.774169921875,376.1154069737023,369.7264403478649,372.4280160542996,78740100
2022-09-02,371.81182861328125,380.6464427581479,370.00129941700374,379.43310730382876,99632100
2022-09-06,370.4089660644531,373.5939611226999,368.1908383071308,372.6555302445026,76637400
2022-09-07,377.0633239746094,377.8311362647998,369.8781086762223,370.0961115930664,70964200
2022-09-08,379.5279235839844,379.98290632149366,373.59393967123003,374.79781566335777,80821700
2022-09-09,385.4239196777344,386.2865295476467,381.49952063845404,381.76493683471966,76706900
2022-09-12,389.5664367675781,390.2868647682197,387.18714981782034,387.49049096842776,69256300
2022-09-13,372.6270751953125,382.10626800654813,371.5085373863549,380.90239200547273,122947100
2022-09-14,374.0489501953125,375.5656268148488,370.7501807174359,373.9257160615463,85023700
2022-09-15,369.8022155761719,375.33805996184594,368.53200738172376,372.49430250102864,87633800
2022-09-16,366.9810791015625,367.63783250475103,363.6973120856197,365.6295206827052,103084800
2022-09-19,369.8270263671875,369.8270263671875,363.763980617156,363.84014194343365,73278500
2022-09-20,365.5819091796875,367.51408871168167,362.83118428153335,366.5051690967704,77274900
2022-09-21,359.20477294921875,370.55036925173334,359.1952455228189,367.504555601014,106746600
2022-09-22,356.1875,360.0708846733697,355.44508694272207,358.4337649769324,89472600
2022-09-23,350.2196350097656,352.76095967141856,345.7841825636604,352.7228790149844,122346900
2022-09-26,346.7550354003906,352.37072699861113,345.53671576875286,348.753848761664,92581200
2022-09-27,345.8699035644531,352.5516221250691,343.48084301099055,350.28630194167937,108294100
2022-09-28,352.6753845214844,354.36008362291216,345.1275119459914,346.82173847556913,110802200
2022-09-29,345.3083190917969,349.42013004160674,342.3672197883283,349.13459770031216,112952300
2022-09-30,339.9685974121094,348.2779362644351,339.83535868204586,344.36596930372804,153711200
2022-10-03,348.9442443847656,350.7907644280534,341.90083208876825,343.6807182327434,89756500
2022-10-04,359.7568359375,359.78538917158465,348.9061712798272,354.45522944852485,103602800
2022-10-05,358.91925048828125,361.1750432151708,353.0751323104993,355.3975589353477,88065700
2022-10-06,355.2167053222656,360.47070383972516,354.72174385776447,357.5200770483229,82333500
2022-10-07,345.3083190917969,355.30235769557754,343.547458861724,351.19051769873397,107789500
2022-10-10,342.6717834472656,346.65988314467035,340.43504562807703,346.42192984075376,76042800
2022-10-11,340.50164794921875,345.5367479558779,338.56946829764377,340.9775545535183,92482800
2022-10-12,339.3785400390625,342.4814606200205,339.1310592917608,340.9109745209168,76991800
2022-10-13,348.3350830078125,349.8008834901985,331.3356839052994,332.3826842498608,147254500
2022-10-14,340.3970031738281,352.4184100845512,339.7592754670555,350.7907883892063,123737000
2022-10-17,349.1441345214844,350.24824134925336,340.06382821256403,346.46954168027236,93168200
2022-10-18,353.2464904785156,357.3583310897419,349.8104292073491,357.0537438488278,97162900
2022-10-19,350.7431335449219,353.9317132956456,347.9352732315164,351.2095126771094,79746900
2022-10-20,347.8020935058594,354.71226720130164,347.04062545500517,350.2958396474553,88283100
2022-10-21,356.2541809082031,356.7395859020458,346.02218871676973,347.5260408349085,131038400
2022-10-24,360.6134338378906,361.7460937798273,355.1309809456278,357.77704931693273,85436900
2022-10-25,366.3719177246094,366.68600327248134,360.4230857441992,360.53729867069814,78846300
2022-10-26,363.6116638183594,368.9037428227225,362.97396524839513,363.23094435236135,104087300
2022-10-27,361.6700439453125,366.4481364625134,361.0513420357324,364.61114368478263,81971800
2022-10-28,370.27435302734375,370.75025961760167,361.3844214069697,361.5652682350303,100302000
2022-10-31,367.59979248046875,369.68426585196175,366.6955873080766,367.81871998807645,96631300
2022-11-01,365.99114990234375,371.57831700264165,364.8204384205559,371.340363735998,85407600
2022-11-02,356.80615234375,369.9031091678092,356.70146685113565,365.4010229977816,126990400
2022-11-03,353.13226318359375,356.1685499468717,351.0192364870028,353.57008917022813,87100100
2022-11-04,358.2149353027344,360.61349432188257,352.170915138916,358.8336081280306,103505200
2022-11-07,361.6413879394531,362.2315073959389,357.4343613850076,359.5093069084671,68286900
2022-11-08,363.5926513671875,366.5623039769019,359.5188919325988,362.74552365571884,84641100
2022-11-09,356.1018981933594,362.77411841444257,355.6069367100275,361.622403460563,78495500
2022-11-10,375.6711730957031,376.0043135418382,367.0572748219786,369.351119187772,141455800
2022-11-11,379.30706787109375,380.10658743180727,374.64316019638335,376.5277606911573,93839900
2022-11-14,376.0804443359375,380.89661702699635,375.80441036199727,377.5462448649226,71903500
2022-11-15,379.2880859375,382.92401984243446,375.48083260383993,381.8199128900285,93194500
2022-11-16,376.3945007324219,378.61221246717844,375.76630060291683,377.66039937041876,68508500
2022-11-17,375.2427673339844,375.91857551297977,371.34035706871845,371.64491516881156,74496300
2022-11-18,376.94659423828125,378.6408206344442,374.1006819611119,378.5741867367159,92922500
2022-11-21,375.575927734375,376.7466683045898,373.73893542221714,375.62353581760493,51243200
2022-11-22,380.6300964355469,380.7919174617573,376.1089836932025,377.5176776993283,60429000
2022-11-23,383.0286560058594,383.51406095455076,380.06850204043604,380.29692789864373,68261600
2022-11-25,382.9429626464844,383.4950305265415,382.191051189936,382.4670560829331,30545400
2022-11-28,376.8323974609375,381.49627670237254,376.07092941217024,379.8591567063179,67881600
2022-11-29,376.1851806640625,378.1554121174717,374.34815892103285,376.96564549358453,52310000
2022-11-30,388.0352478027344,388.0352478027344,374.5195160703624,376.4326410939259,144566700
2022-12-01,387.74969482421875,390.2434409456629,385.2464212750172,389.07270016589297,76398200
2022-12-02,387.30230712890625,388.20651222768515,382.76216868711776,382.86685419503635,85342700
2022-12-05,380.3350524902344,385.4177317516839,378.9834939436765,384.48497335823737,77289800
2022-12-06,374.8525695800781,380.7157422182558,372.7681254520418,380.17323078475664,77972200
2022-12-07,374.21490478515625,376.57541212687585,373.0822446819997,374.005504706076,65927900
2022-12-08,377.1464538574219,378.2124799961138,374.3195674856605,376.09948257287107,60737900
2022-12-09,374.3290710449219,378.45993659247966,374.205330689029,375.9090843451082,81447700
2022-12-12,379.725830078125,379.725830078125,374.4527776179369,375.11902932851245,75405800
2022-12-13,382.6003723144531,390.7098107273862,379.8401197057134,390.45283160745686,123782500
2022-12-14,380.1541748046875,385.9602409589763,377.21307559103866,382.257673780074,108111300
2022-12-15,370.85498046875,376.20416598654884,369.1988348015829,375.2999318308924,117705900
2022-12-16,366.4765625,369.6415286124747,364.3442912550409,368.3028770994123,119858000
2022-12-19,363.3690185546875,367.0025351167428,361.70526779936387,366.6678648941245,79878100
2022-12-20,363.86627197265625,365.48222528681765,361.2941346468216,362.61367325179793,74427200
2022-12-21,369.306884765625,370.4351746621718,365.9219858955704,366.4574464966575,78167400
2022-12-22,364.0383605957031,369.28780122976565,358.3490543275083,366.2662563964438,100120900
2022-12-23,366.1323547363281,366.27577647509355,361.466172965727,363.01518610522345,59857300
2022-12-27,364.6885070800781,366.36182878328543,363.01518537687076,366.017616610939,51638200
2022-12-28,360.15625,366.59137848650926,359.9267751898031,364.6216127041186,70911500
2022-12-29,366.6391906738281,367.5093216045126,362.4702133125497,362.9961320141737,66970900
2022-12-30,365.67333984375,365.8167615683377,361.848604892548,363.9617919629837,84022200
2023-01-03,364.13397216796875,369.49815002254616,361.274962367188,367.52841345608357,74850700
2023-01-04,366.9450988769531,368.972203833434,363.34983850558666,366.39049594030786,85934100
2023-01-05,362.757080078125,365.10928447945327,362.1642506841692,364.9945470716449,76970500
2023-01-06,371.0758361816406,372.19458418736764,362.7857380848977,365.8455090657922,104189600
2023-01-09,370.865478515625,376.44961824670435,370.6838304181261,373.26550947515705,73978100
2023-01-10,373.4662780761719,373.53321794947027,369.3451279864,370.28219867133123,65358100
2023-01-11,378.18988037109375,378.26639143115705,374.231293835196,375.04405606095594,68881100
2023-01-12,379.56671142578125,381.0296714661986,375.2256580025695,379.28943913488575,90157700
2023-01-13,381.0393371582031,381.6130534140989,376.10542404617286,376.37315440820146,63903900
2023-01-17,380.34124755859375,382.69348088927234,379.66236518124305,381.0201591163604,62677300
2023-01-18,374.3363952636719,382.58826631918953,374.1356048315,381.5269162830095,99632300
2023-01-19,371.6113586425781,373.94442072442195,370.2918200719056,372.2997830998825,86958900
2023-01-20,378.53411865234375,378.6871115907864,371.36273880270227,373.0073764154368,91806400
2023-01-23,383.0760192871094,385.00750055643533,378.38115211629884,379.3373361629709,84178800
2023-01-24,382.6648254394531,383.57318267652687,380.21699688122226,381.40265563212273,59524900
2023-01-25,382.8082580566406,383.14292828207675,376.3157607326886,378.6010544265812,84800300
2023-01-26,387.0154113769531,387.1779754700334,382.5022224600164,385.4663982164665,72287400
2023-01-27,387.9046630859375,390.2760095744735,385.762820567528,385.97318218490153,68346200
2023-01-30,383.0377197265625,387.37880296998725,382.7413050405992,385.1508780562935,74202000
2023-01-31,388.669677734375,388.717475261581,383.2098461559824,383.5540875652921,86811800
2023-02-01,392.8003234863281,395.5445957142965,384.7205872650518,387.4552591361378,101459200
2023-02-02,398.51837158203125,399.981331954011,394.7892597691829,396.6824854385565,101654500
2023-02-03,394.28240966796875,398.69997431086017,393.07760869975664,393.55570061661354,94736800
2023-02-06,391.87286376953125,393.2689133762878,390.2186841761235,391.834637420615,60295300
2023-02-07,396.998046875,398.2410744328294,389.71192928803475,390.95495684586416,90990700
2023-02-08,392.656982421875,396.3669812815154,391.9685287244116,395.0283294198983,76227500
2023-02-09,389.2528991699219,396.40516522520073,388.028984948847,396.25217230001425,78694900
2023-02-10,390.1613464355469,390.54381421799513,387.26410994237983,388.0768430374244,70769700
2023-02-13,394.7413330078125,394.8752127422372,390.35245300429375,390.8114317189332,64913500
2023-02-14,394.55975341796875,396.86413102531327,390.61070909281807,393.2210725630297,88389300
2023-02-15,395.841064453125,395.9175463340548,391.52866525765285,392.3701118499811,61555700
2023-02-16,390.3907470703125,394.8178830322616,390.25689650308516,390.87841017898984,76431500
2023-02-17,389.4154357910156,389.65448174842203,386.34606468801917,388.26800352329917,89257800
2023-02-21,381.6034240722656,386.4512833840668,381.3452649276504,385.39947527197734,82655900
2023-02-22,381.0775146484375,383.55402728513724,379.62409654042705,382.0145561334285,83742300
2023-02-23,383.1046447753906,384.577176151522,378.88787027584414,383.965204449082,96242400
2023-02-24,379.01220703125,379.84408241701556,376.39227228887677,378.0942785897589,108194400
2023-02-27,380.30303955078125,383.7070519585176,379.365968807818,382.3492579579314,80444700
2023-02-28,378.8974609375,381.78512595829335,378.79226552930106,379.82496053517093,96438600
2023-03-01,377.4440002441406,379.3085704071732,376.14360422634064,378.08465625730815,99706800
2023-03-02,380.3795471191406,381.2209936912257,375.1396483986959,375.4743186281051,85127800
2023-03-03,386.4799499511719,386.7285670881584,381.54603781817946,382.1962358283126,90120000
2023-03-06,386.7477111816406,389.59714976739536,386.3078747490803,387.3022850157021,72795900
2023-03-07,380.8193664550781,386.93896700217493,380.20742390861926,386.699921017692,108310600
2023-03-08,381.4408874511719,382.19625170885286,379.212962662717,380.9341111603913,74746600
2023-03-09,374.40338134765625,383.88873887527785,373.41851305631604,382.2249589763906,111945300
2023-03-10,369.00091552734375,375.9332484862883,367.48058669730784,373.8583166785041,189253000
2023-03-13,368.4749755859375,373.28460811867615,363.9713580532645,365.0805347641921,157790000
2023-03-14,374.5659484863281,376.21058604424246,370.0909854321958,373.3898317252391,149752400
2023-03-15,372.2232971191406,372.42408758364206,366.8973453679593,368.9818486133687,172996900
2023-03-16,378.75396728515625,379.0982086417623,369.3642641428275,369.8710404113854,143254200
2023-03-17,374.3253479003906,378.55821591341066,372.94318572096427,377.4256197444262,140553400
2023-03-20,377.9247131347656,378.33746367070916,374.40214170963634,375.1028011958168,93055800
2023-03-21,382.8870544433594,383.36697102971766,379.69079357481445,381.28412015653794,91524200
2023-03-22,376.36016845703125,386.3232414014182,376.3217962204962,382.71428861761933,111746600
2023-03-23,377.3777160644531,383.2518918682351,374.670978808423,379.22057981492253,119351300
2023-03-24,379.8540344238281,379.9404159071664,373.7590870150187,376.1010826470393,107682400
2023-03-27,380.5642395019531,382.89665633801565,379.67160169490063,382.1287722364247,74010400
2023-03-28,379.71002197265625,380.5642582938647,377.8767370350477,379.8731772141997,62871700
2023-03-29,385.2290344238281,385.46899270747423,382.6662670661032,383.8660584843338,77497900
2023-03-30,387.4846496582031,388.1085353397573,385.6225710265115,387.8589693504225,69840000
2023-03-31,392.9461669921875,393.2437129705157,388.3005480641613,388.40614495841936,112062600
2023-04-03,394.4434814453125,394.84659500245755,392.03429064106433,392.4278257842298,67391100
2023-04-04,392.2550354003906,395.3744932102715,390.8824517022873,395.0865256835199,66601500
2023-04-05,391.2279968261719,392.2838191469049,389.577082640603,391.52554275858984,65200200
2023-04-06,392.7541809082031,393.0325407601975,389.3851567329968,390.4313714897771,63743300
2023-04-10,393.1572265625,393.23402961478297,389.66344926995697,390.2777272293107,63681000
2023-04-11,393.2628479003906,394.6641961280183,392.4949930804865,393.78116601430696,59297900
2023-04-12,391.6599426269531,395.6144801885437,391.07445840947173,395.32651264091214,86420400
2023-04-13,396.8622131347656,397.2173467130726,391.6023169352439,392.7445207254535,85814800
2023-04-14,395.8928527832031,398.41721916409074,393.5892586164342,396.2288003118919,78161500
2023-04-17,397.3133544921875,397.3325406110166,394.577824032139,395.8064093482449,66436400
2023-04-18,397.57244873046875,399.0218060432113,396.199894466918,398.887415353016,63560000
2023-04-19,397.50531005859375,398.4075262603893,395.60482989922565,395.66241754419593,55227300
2023-04-20,395.3360595703125,397.0829628319808,393.79071305675006,394.6929585087422,75840400
2023-04-21,395.64324951171875,396.10395069254025,393.6947893230702,395.6336418065236,73457400
2023-04-24,396.0560302734375,396.4783592805185,394.10756979195463,395.4417228843057,64332100
2023-04-25,389.7690124511719,394.6449810037149,389.71142480850085,394.08826140218645,97766700
2023-04-26,388.1181335449219,391.4583635816679,387.56144318468967,390.3833550986097,80447000
2023-04-27,395.8448181152344,396.11357024267807,390.40255091976803,390.65211692803183,92968400
2023-04-28,399.223388671875,399.2329963765921,394.904139565875,394.9617272106124,89433100
2023-05-01,398.8202819824219,400.845515871164,398.5899021077479,398.781880454679,62122300
2023-05-02,394.33782958984375,398.1579758951747,391.4391441559721,398.1099666648256,103998500
2023-05-03,391.63116455078125,397.24619509986604,391.3912062306647,394.837004192524,91531800
2023-05-04,388.8572082519531,390.91123595861524,387.52302611509293,390.58489620304397,94901900
2023-05-05,396.0560302734375,397.10224508450085,392.2263046733684,392.4854491265273,87891800
2023-05-08,396.1615295410156,396.64144612156804,394.76018132750204,396.3823017131118,50046800
2023-05-09,394.4242858886719,395.53769601743005,394.19393527299343,394.61626426292884,49220100
2023-05-10,396.2671203613281,397.8892407221348,392.44697389350114,397.2557473304781,96142900
2023-05-11,395.5760498046875,395.8639880395315,393.5028066384593,395.4032868637811,70157100
2023-05-12,395.0577087402344,397.0253842033069,392.6389398327061,396.8142197460938,70481500
2023-05-15,396.4207458496094,396.82385941720236,393.75241054660967,395.66246936913564,54289400
2023-05-16,393.7715759277344,396.2383543170176,393.761968222226,395.31689334176326,57705500
2023-05-17,398.55157470703125,399.1562450551422,394.14594356293253,395.7872502342352,87287000
2023-05-18,402.39093017578125,402.8132591766572,398.0140926137832,398.234835528931,97177200
2023-05-19,401.80535888671875,403.82101441184767,400.58638129995114,403.29311788250186,103793300
2023-05-22,401.96856689453125,403.50430592203884,400.58640469895295,401.8245977682805,60745400
2023-05-23,397.4573059082031,401.90133808318683,397.06377080135275,400.3271976557855,86383500
2023-05-24,394.57781982421875,396.2383417764392,393.4164298740769,395.85441436146004,89213700
2023-05-25,397.9948425292969,399.4442000783956,395.84482546980115,398.0812240048889,90961600
2023-05-26,403.149169921875,403.86904489294824,398.5707756508926,398.6475494260872,93830000
2023-05-30,403.3027038574219,405.6062976614237,401.9205417166639,405.07840112218025,72216000
2023-05-31,401.06634521484375,402.3813121326053,399.5018122688516,401.47906649861943,110811800
2023-06-01,404.87689208984375,405.93271458460026,400.04893173325473,401.29670331410193,88865000
2023-06-02,410.7318420410156,411.5188830151562,406.92130300774403,407.44919955900986,91426200
2023-06-05,409.94476318359375,412.36353228842165,409.2440744066445,411.0773593229492,65460200
2023-06-06,410.8374328613281,411.3653294424387,408.87936479133043,409.5320736758542,64022200
2023-06-07,409.41680908203125,412.36350381538136,408.99448016231673,411.2309077542299,85373300
2023-06-08,411.89324951171875,412.34437231335727,408.71620378018724,409.48405866767195,61952800
2023-06-09,412.6322937011719,414.63834160760314,411.64366666036057,412.6898813507892,85742800
2023-06-12,416.3756408691406,416.4524439304632,412.89147087099775,413.61134578902306,76104300
2023-06-13,419.12078857421875,419.76386044542505,417.1723282571571,417.8346155400201,95899700
2023-06-14,419.6199035644531,421.42439480568777,416.1741056268984,419.45674831132544,100612100
2023-06-15,424.82220458984375,426.06997610483035,418.7080714411939,418.8040313332803,110303100
2023-06-16,423.3752136230469,427.3733126232331,422.90315763573193,426.80491087916494,114165800
2023-06-20,421.1786193847656,422.32506614292663,419.1073181445954,421.4387558395076,76160400
2023-06-21,419.02056884765625,420.9955241203809,418.43288044222425,420.19591625792975,76982300
2023-06-22,420.5331115722656,420.6390713007603,417.72961825633774,418.06681362984074,70637200
2023-06-23,417.3539123535156,419.1362056994903,416.64100677536294,417.08416191308544,92074500
2023-06-26,415.6487121582031,418.7026693868189,415.40786249787595,416.7855154988048,72823600
2023-06-27,420.2055358886719,420.82209563920264,416.07254809930254,416.52534656947205,72813700
2023-06-28,420.41754150390625,421.4290983033547,418.5100016357142,419.1265614695,75636000
2023-06-29,422.0746154785156,422.23840620353093,419.59870301653166,420.0033140302923,67882300
2023-06-30,427.05535888671875,428.0380149404403,424.9647708481831,425.2827088718478,104964000
2023-07-03,427.54669189453125,427.82605633249915,426.4291459408796,426.70853977944085,32793400
2023-07-05,426.9107666015625,427.6429588433256,425.72577590511764,425.7354192979581,58418400
2023-07-06,423.5678405761719,423.991738320798,421.06299828536083,423.3366343156822,80658300
2023-07-07,422.49847412109375,426.4388005460157,422.2576244540767,422.5755624788719,86134200
2023-07-10,423.5678405761719,423.7412452715391,421.57359837767063,422.1420000351028,62443500
2023-07-11,426.265380859375,426.75672360489915,423.35592736761294,424.3289694634643,64463800
2023-07-12,429.69500732421875,431.1015903646367,428.62564905437046,430.0514894814251,91924500
2023-07-13,433.10540771484375,433.89540150524687,431.0726510840857,431.5061627491208,72425200
2023-07-14,432.835693359375,434.83954937929775,432.0746002832751,433.99178336356243,69815800
2023-07-17,434.33868408203125,435.3887851797582,432.64309289273456,432.6912804700556,52680200
2023-07-18,437.5660400390625,438.2115006773749,433.5775554716282,434.01109662916457,80668200
2023-07-19,438.5390625,439.724023983291,437.48893213427476,438.35601441060516,65891700
2023-07-20,435.62957763671875,438.44271452207744,434.91667207150675,437.5467608684042,70591600
2023-07-21,435.62957763671875,437.5467608684042,435.61996364299455,437.3444259913096,71275600
2023-07-24,437.5756530761719,438.38490436691495,435.74517222742827,436.7760157789645,54023400
2023-07-25,438.7702331542969,440.02263949533193,437.2576903912355,437.30587795856155,55191200
2023-07-26,438.83770751953125,440.263518637083,436.7856637889011,437.83576473919794,71052900
2023-07-27,435.92822265625,442.6238546795818,435.02262562113657,442.2192143317386,92194400
2023-07-28,440.1961669921875,441.0246757996423,435.92828821232376,439.1942240663801,80011800
2023-07-31,441.0342712402344,441.39072403261815,439.35793761574195,440.6681750532694,62040400
2023-08-01,439.7722473144531,440.51405372612544,438.81846261305157,439.56991241987384,55291500
2023-08-02,433.65460205078125,436.9205079074881,432.90315234388123,436.6604008783812,93933400
2023-08-03,432.4118347167969,434.2904737931767,430.9956375639887,431.64112757810364,64276100
2023-08-04,430.4561462402344,436.3232404604835,429.9359027397443,434.2230384704291,100128900
2023-08-07,434.2134094238281,434.36755674020003,431.5929638466943,432.28661207007076,58357500
2023-08-08,432.3250732421875,434.20371206163696,428.97243590614755,431.6795833163524,71361300
2023-08-09,429.4349060058594,432.7586427817327,428.67381291504086,432.5948520910791,78789600
2023-08-10,429.5890808105469,435.16716703483127,428.42337671620794,431.7856284811605,93005500
2023-08-11,429.3385925292969,430.3501787286785,427.1227874459535,427.72008989099777,68690900
2023-08-14,431.70855712890625,431.70855712890625,428.11509896255956,428.4233935882657,47867400
2023-08-15,426.67962646484375,430.2923712690211,426.1111954097984,429.9358890851779,75707500
2023-08-16,423.5485534667969,427.9223617239687,423.44256433778145,426.2653150386881,80107200
2023-08-17,420.3211669921875,425.273020314269,419.8009235363625,425.01291328665195,95711300
2023-08-18,420.5234680175781,421.5543115245304,417.1612164787308,417.5080258452247,98852000
2023-08-21,423.2594909667969,424.00129722321185,419.3866396038395,421.5349994297979,68719000
2023-08-22,422.113037109375,425.0321333206804,421.5542789285874,425.0321333206804,64994200
2023-08-23,426.814453125,427.431042301619,423.0283039267051,423.17280782729074,68441000
2023-08-24,420.8992004394531,428.92429730681755,420.87027025881116,428.41369725884107,88517300
2023-08-25,423.866455078125,425.14776219480035,419.07836317797603,422.62366273446645,102325100
2023-08-28,426.55438232421875,427.1709421526019,423.8664919427265,426.05339622552776,61595400
2023-08-29,432.7201232910156,432.999517120143,426.26534084235647,426.4483889303442,83081900
2023-08-30,434.5024108886719,435.1382574911251,432.35402143192493,433.05731299234867,69053900
2023-08-31,433.8665466308594,436.2557562391773,433.6834985527266,435.1189529964718,66084600
2023-09-01,434.6758728027344,437.0651122233985,433.2211313207377,436.58341286121106,58944100
2023-09-05,432.7971496582031,434.5505420529184,432.72973410501413,434.23263347174435,55166200
2023-09-06,429.88775634765625,432.0939475374288,427.5659620214055,431.987958395261,70758500
2023-09-07,428.56787109375,429.24223247025344,426.5447281630559,426.8915375451562,70355400
2023-09-08,429.2132873535156,430.74508743408427,428.2595322506645,428.6159849900901,61659700
2023-09-11,432.03607177734375,432.344336954817,430.12853215124545,431.8337369226589,60180100
2023-09-12,429.6661682128906,432.11320909412444,429.08815252492514,430.59105211482444,67565400
2023-09-13,430.16705322265625,431.32311372742333,428.7893710886088,429.8876594387545,60199300
2023-09-14,433.8761901855469,434.5698383708397,431.332833106535,432.6334271290332,83430800
2023-09-15,428.6487121582031,432.6222625307114,428.2136712808251,432.2935551441486,111848900
2023-09-18,428.9000549316406,430.1955590603149,427.86557530879384,428.3392962837647,55752200
2023-09-19,428.01068115234375,428.57143992105387,425.33266414931774,427.9816784232244,66514600
2023-09-20,424.0758056640625,429.6832158729015,423.8727570723084,429.2675002876334,82562600
2023-09-21,417.0665588378906,421.4944759763419,416.9118677822532,421.23345141612367,104095800
2023-09-22,416.1286926269531,419.6864977783781,415.71294757869936,418.091288955446,100829700
2023-09-25,417.8786315917969,417.91728222441265,414.4851650567311,414.92023546020613,70874500
2023-09-26,411.7394714355469,415.54865360911657,410.90801075336816,414.84288124552415,96168400
2023-09-27,411.90380859375,413.4700443597365,408.26867230252077,412.9092856337623,104705800
2023-09-28,414.291748046875,415.964317107926,410.762945679416,411.35270706101295,92258300
2023-09-29,413.28631591796875,417.5112133076614,411.7684378270295,417.3371969608053,115111300
2023-10-02,413.1219482421875,414.3691244055631,410.36657139466814,412.454856073705,83798600
2023-10-03,407.59185791015625,413.1799422139496,406.22867088652805,410.94664397430034,103760600
2023-10-04,410.55999755859375,411.3044205907774,406.59612415084763,408.0559969911016,87453000
2023-10-05,410.4052429199219,411.2463514179395,407.1858225474584,410.269877205424,70142700
2023-10-06,415.2779235839844,416.81512702154566,406.6347574601129,407.9592644123595,113273300
2023-10-09,417.93658447265625,418.5069910271343,412.8318987010215,413.3829504373266,80374400
2023-10-10,420.11187744140625,422.70288570856627,418.1686064888882,418.5649967058061,78607300
2023-10-11,421.8327941894531,422.08414129890025,418.79703802262225,421.17537943505704,62451700
2023-10-12,419.2610778808594,422.81888280363904,416.91176888328704,422.4418474172078,81154200
2023-10-13,417.1728515625,421.95850789546967,415.60664534568787,420.75965970754623,95143100
2023-10-16,421.5621337890625,422.62561629317145,419.1741442361407,419.4158434641518,75433200
2023-10-17,421.5427551269531,423.5923892481788,418.09131276942526,418.4393454760135,75324700
2023-10-18,415.9256591796875,420.73064064200355,414.8428514424272,419.77352121429993,93559800
2023-10-19,412.2711181640625,418.4489633659572,411.59437816274504,416.64105822052716,121323000
2023-10-20,407.2052001953125,412.37756965755136,407.0988371910665,411.8361657385735,123919900
2023-10-23,406.4993896484375,410.35692908932583,403.92770652261123,405.67760643648245,92035100
2023-10-24,409.56414794921875,410.7146385432617,406.7700909338865,408.61667642933105,78564200
2023-10-25,403.68597412109375,407.9109007331841,403.17357302000806,407.8818980106432,94223200
2023-10-26,398.8520202636719,403.47330792914914,397.9335809780985,402.6225515026816,115156800
2023-10-27,397.0441589355469,400.83401590980566,395.6229662582375,400.43762562519,107367700
2023-10-30,401.79107666015625,402.8448816266276,398.5329761803426,399.8284803456642,86562700
2023-10-31,404.3144226074219,404.6334525608876,400.4568834170143,402.3614742415841,79665200
2023-11-01,408.6263122558594,409.4384179741357,404.7494479004914,405.2812038082296,98068100
2023-11-02,416.45745849609375,416.61214954670544,412.3968995543654,412.41622487157895,94938900
2023-11-03,420.25689697265625,421.8037777300333,418.6326854543438,418.75837375712325,100167800
2023-11-06,421.2237243652344,421.66844265759465,419.28045324415575,421.01102787683624,67831700
2023-11-07,422.42254638671875,423.0606358569916,420.0829145000172,421.2237277176419,64256100
2023-11-08,422.7319030761719,423.544008852029,420.4309219590949,423.0219303160148,61746000
2023-11-09,419.4351806640625,423.91145521433583,419.00978765036695,423.8727750755541,83174400
2023-11-10,425.9803466796875,426.28972875327344,419.42546520511473,421.5041020397778,89462200
2023-11-13,425.5743103027344,426.6764433760795,423.86309048956497,424.64619358239656,52236100
2023-11-14,433.83074951171875,435.1165763059157,431.2783917339626,431.50076562505876,97176900
2023-11-15,434.7491760253906,436.39274237985995,433.8983901244557,435.16489156652574,77327600
2023-11-16,435.28094482421875,435.59997479434537,433.24098818272,434.30447059030485,66665800
2023-11-17,435.82232666015625,436.43141334936854,434.3721314970017,435.29057073108856,83133200
2023-11-20,439.1771545410156,440.0182630951851,435.5613141930735,435.57099160312566,69936200
2023-11-21,438.219970703125,439.05143128536895,436.95346926763995,438.13296253247677,49244600
2023-11-22,439.9119567871094,441.22681603879204,438.81950096949345,439.8733061505178,59394900
2023-11-24,440.1826171875,440.3759883694041,439.63156537724313,439.96027278304024,29737400
2023-11-27,439.3898620605469,440.3663068584605,439.0031197003399,439.55420100976517,50506000
2023-11-28,439.8248596191406,441.1203637861366,438.44234728096177,439.0030764411284,62115000
2023-11-29,439.5155334472656,443.1023712619962,439.1191726740231,441.97120588419773,63146000
2023-11-30,441.2460632324219,441.59412543023933,438.28766732031204,440.35662667945024,79752700
2023-12-01,443.8564147949219,444.38814123082403,440.0472330596215,440.6369649429203,89183400
2023-12-04,441.5264587402344,443.8757680204174,439.25448022667734,440.47265370720123,72430900
2023-12-05,441.439453125,442.3965725770802,439.76688393206007,440.14394887033336,69793500
2023-12-06,439.6605224609375,443.60504042530386,439.2254520989698,443.57603770145914,69124700
2023-12-07,443.0153503417969,443.6630877368815,441.13976201140014,441.73917136361564,66995400
2023-12-08,444.9199523925781,445.4516788944759,442.02920955180366,442.2709087807209,83194400
2023-12-11,446.650390625,446.8244364513927,444.21407360272804,444.4267700533918,65002200
2023-12-12,448.6903991699219,448.78708475043413,445.30661038207074,446.30240990232363,68327600
2023-12-13,454.8779296875,455.12930631637573,448.70976090431213,449.06747102737427,93278000
2023-12-14,456.33782958984375,458.00072149405844,453.6694606145386,456.8115506454331,119026000
2023-12-15,455.58642578125,456.91633245678577,453.74207009746453,455.7417439978948,141553700
2023-12-18,458.1491394042969,459.12957270241793,456.13006180277284,457.1881393985243,70375300
2023-12-19,460.93511962890625,461.01279355520546,458.6151220933891,458.6927663957653,55761800
2023-12-20,454.5477600097656,461.96401935450547,454.12064234016117,460.0808267995912,102921000
2023-12-21,458.8577575683594,459.1295570366737,455.1107760152546,457.5278509164755,86667500
2023-12-22,459.7799377441406,461.4592882220052,457.8870580411275,459.98377994700513,67160400
2023-12-26,461.7213439941406,462.62410332069675,460.1099508863103,460.1876248035588,55387000
2023-12-27,462.5561828613281,462.7017844285322,460.98362668768385,461.5175089754055,68000300
2023-12-28,462.73089599609375,463.5656980482324,462.31349497002446,462.9153345190397,77158100
2023-12-29,461.39129638671875,463.060930093317,459.44014657654174,462.53673484415077,122283100
2024-01-02,458.8092346191406,459.79938459581,456.7124830275094,458.33359292378987,123623700
2024-01-03,455.062255859375,457.3919698393569,454.4604162904711,456.6542157231931,103585900
2024-01-04,453.5964660644531,457.16869615612853,453.37319057475315,454.5865863632777,84232200
2024-01-05,454.2177429199219,456.66393818647634,452.7713549830218,453.8003122508208,86118900
2024-01-08,460.7021179199219,460.84771948944723,454.5865853845721,454.71278328613425,74879100
2024-01-09,460.0032043457031,461.02244496424106,457.54729244084217,458.05205442710235,65931400
2024-01-10,462.6047668457031,463.46871896304185,459.9935364474402,460.2750525964962,67310600
2024-01-11,462.40087890625,464.119036700077,458.4306513904914,463.60455806414546,77940700
2024-01-12,462.7211608886719,464.58494971105563,461.31363965656635,463.84719564870727,58026400
2024-01-16,461.0224304199219,462.6532272077025,459.2071951071508,461.34278348918724,85014900
2024-01-17,458.459716796875,458.9450750603383,456.11056976718885,458.00347884426276,68843900
2024-01-18,462.5367431640625,463.09005873569527,458.58594911701266,460.12938495584103,91856200
2024-01-19,468.30279541015625,468.5843115147551,462.5852901238366,463.66277131466796,110834500
2024-01-22,469.29290771484375,471.01106526965975,468.64251461985964,469.8365065894946,75844900
2024-01-23,470.66162109375,470.90430023582877,468.7493378931313,469.83653570981716,49945300
2024-01-24,471.1761779785156,474.45717543420074,470.68110299788805,473.525295727068,81765000
2024-01-25,473.73876953125,474.0105689646991,471.17609339071845,473.3019352592457,72525000
2024-01-26,473.1369934082031,474.79691054106985,472.29247468488353,473.3117152908374,76641600
2024-01-29,476.8839111328125,477.029542315143,472.9039969579279,473.4475958586122,61322800
2024-01-30,476.51513671875,477.2237409528727,475.75794925118413,476.1947836172532,58618400
2024-01-31,468.7396240234375,474.7580490082776,468.7201907326481,474.31152767890586,126011100
2024-02-01,474.8746337890625,474.9037541058598,469.63273977415656,470.4384512454217,91891600
2024-02-02,479.8737487792969,481.523949196212,474.97161226030033,475.31136898916844,99228200
2024-02-05,478.1264953613281,479.9029234991888,475.8744551474019,479.24284325758833,75757100
2024-02-06,479.51458740234375,479.84462748505155,477.64108188661896,479.06803644581043,55918600
2024-02-07,483.5140075683594,483.9314086511629,480.85422359252465,481.75701266267623,70556500
2024-02-08,483.72747802734375,484.1060420771884,482.6985208548494,483.51391920150996,52343600
2024-02-09,486.523193359375,486.9599980744067,483.8925299274153,484.2322866772762,63979400
2024-02-12,486.3095703125,488.7557652655047,485.5912199471907,486.4940088202494,56502300
2024-02-13,479.6116638183594,482.53353038052535,476.3500701317823,480.04849815534635,113099200
2024-02-14,483.9701843261719,484.4555426281319,479.9222830533005,482.2423099561509,68387800
2024-02-15,487.3094482421875,487.4938867654942,484.19342663721847,484.6690979139186,61683000
2024-02-16,484.8826904296875,488.1442842020213,484.144936285217,487.00856229426716,75532900
2024-02-20,482.2132263183594,483.8149029118612,479.97087316267243,483.14510603430045,71736700
2024-02-21,482.6500244140625,482.8053426352379,479.1069145137689,480.9124629140013,59293400
2024-02-22,492.638671875,493.5996718242251,488.2898508655614,489.25088043870596,76402500
2024-02-23,492.97845458984375,495.1916873577398,492.25041710535265,494.35685563775104,61321800
2024-02-26,491.17291259765625,493.8521000550051,491.0467146922128,493.41526570907337,50386700
2024-02-27,492.0854187011719,492.3086942109039,489.96926336586625,491.8621728153631,48854500
2024-02-28,491.43505859375,492.01746492951116,490.17310907711266,490.53226952547317,56506600
2024-02-29,493.20172119140625,494.8131144463538,490.5516835957709,493.19203416880555,83924800
2024-03-01,497.8320007324219,498.25911842016706,493.6676477127876,494.0753617325155,76844800
2024-03-04,497.29815673828125,499.14254217920546,497.0069535759895,497.03610351614157,49799300
2024-03-05,492.3280334472656,495.7449748064334,490.1245174506037,495.29842384541166,72855600
2024-03-06,494.8227844238281,497.0748540345267,493.53174438668293,495.5993458504527,68382400
2024-03-07,499.734619140625,500.7830096761973,494.8810360564722,498.1135389799133,58652100
2024-03-08,496.735107421875,503.04473579557066,496.1623881738849,500.36560770630734,86532500
2024-03-11,496.3079833984375,496.89041928478855,493.6093924281333,495.5314219659159,62557200
2024-03-12,501.6468811035156,502.22928728092404,495.90019699654187,498.41437869932173,73114400
2024-03-13,500.8606262207031,502.14197926945354,499.4239845817287,501.9672573875113,55104100
2024-03-14,499.8705139160156,501.9866689472691,496.8321662856789,501.83132111592977,110171800
2024-03-15,496.43817138671875,498.2590766512578,494.7730966492492,496.80819459859333,107646300
2024-03-18,499.3885498046875,501.93972478311895,498.9795987021718,500.498619372016,88893300
2024-03-19,502.1636962890625,502.44605736767124,497.6942371868493,498.6972103635703,60755300
2024-03-20,506.808349609375,506.9446864437559,501.5502289693654,502.22210687375775,69594600
2024-03-21,508.48321533203125,510.34301859328446,508.20079481953724,509.6419595938359,60256100
2024-03-22,507.5191955566406,508.8823855528386,507.2854498071945,508.39551924735605,79070800
2024-03-25,506.11712646484375,507.26612405969263,505.9612959318849,506.1463075448143,48512100
2024-03-26,505.1822509765625,507.87950952715136,504.78304672651166,507.53866742888704,65463700
2024-03-27,509.4277038574219,509.4666912006187,505.8443747669276,508.00609219695343,82999800
2024-03-28,509.3303527832031,510.8298796934876,509.04799170553036,509.46668962011773,96294900
2024-04-01,508.4442138671875,510.60593125263364,507.2854696375655,510.07039018205234,62477500
2024-04-02,505.2115783691406,505.34785579995645,502.91352367339005,504.62730299960265,74230300
2024-04-03,505.7664489746094,507.2660352902269,504.0721636747669,504.12083842082313,59155800
2024-04-04,499.59307861328125,510.10938062558256,499.29122383235546,509.7685979294163,96858100
2024-04-05,504.8121643066406,506.7693762627344,500.50828302932854,500.9464745680228,74546500
2024-04-08,505.09454345703125,506.516214442084,504.2863881936749,505.5133007732254,48401800
2024-04-09,505.6788024902344,507.0712329255352,500.8393207404325,506.82779978442835,68049200
2024-04-10,500.615478515625,502.60187193743167,498.638831930463,499.9922752896709,82652800
2024-04-11,504.3935241699219,505.8346295064768,498.6290433917763,502.1344572387197,70099000
2024-04-12,497.4313659667969,502.27081877394835,495.70784003413945,500.85889444352966,92561100
2024-04-15,491.1994323730469,501.7644075343254,490.3522600316743,501.59888962975333,92101400
2024-04-16,490.3036193847656,493.19560665785394,489.01828510429004,491.6765860412786,73484000
2024-04-17,487.4018249511719,492.92290168590637,486.00939451097605,492.7573540743495,75910300
2024-04-18,486.39892578125,490.88784877913054,485.46415075166374,488.7943295112607,74548100
2024-04-19,482.1534729003906,487.3142441699,480.8876025986124,486.32104754330464,102212600
2024-04-22,486.5937194824219,489.18385210193054,482.41639776348796,484.7533503648902,67961000
2024-04-23,492.3679504394531,492.79639521919916,486.4087108687592,488.5996095177476,64633600
2024-04-24,492.13427734375,494.0427852311199,489.9141678416356,493.2540640735244,55928100
2024-04-25,490.2646484375,491.02415872515365,484.42225246602163,486.0678630419317,69122400
2024-04-26,494.90936279296875,496.4868049205615,492.4166096033967,493.0495298783495,64306100
2024-04-29,496.662109375,497.33398732987405,493.9259228058318,496.6913201679961,46415400
2024-04-30,488.7943420410156,496.1752226900087,488.7943420410156,495.20149000874,77483600
2024-05-01,487.2071533203125,494.841213980312,486.7397509352648,488.2100967940072,80242800
2024-05-02,491.7641906738281,492.60161619088024,486.4281251448712,490.90730120185356,62550200
2024-05-03,497.85980224609375,499.08668524553275,495.20150126804214,497.73321224009646,72756700
2024-05-06,503.0010681152344,503.039996024656,499.81694342031363,500.25513498697876,47264700
2024-05-07,503.55615234375,504.9485829994704,502.8842743906612,503.9651034446084,52561300
2024-05-08,503.6047668457031,504.14030789046143,501.60862689782874,501.7254700555243,42047200
2024-05-09,506.5065002441406,506.54548758690595,503.13742328274043,503.78980752288453,43643700
2024-05-10,507.158935546875,508.91164241656554,505.94176974404485,508.10342768254765,52233200
2024-05-13,507.22705078125,508.94082976185797,506.0878002167031,508.8337334335511,36716400
2024-05-14,509.5542297363281,510.07033651333364,506.8862120678195,507.42175308205213,57535900
2024-05-15,515.864013671875,516.1561215249,511.3848086751437,512.0177585499588,59504900
2024-05-16,514.802734375,517.558414507879,514.6566506998298,515.9614786446474,50244800
2024-05-17,515.542724609375,515.6108930215729,513.4686694664939,514.9195214966393,59187600
2024-05-20,516.1367797851562,517.5973789121299,515.2701433728218,515.6596602461204,37764200
2024-05-21,517.4026489257812,517.5584794564415,515.1728221981522,515.3773274826686,33437000
2024-05-22,515.9127197265625,517.4219932520712,513.7412557847823,516.7111875279095,48390000
2024-05-23,512.1444091796875,519.0676335599267,510.9369308576571,518.9605372397859,57211200
2024-05-24,515.5330810546875,516.3412958961842,513.0403275362747,513.9848197975488,41291100
2024-05-28,515.893310546875,516.5749353115505,513.2642204156563,516.3412489766735,36269600
2024-05-29,512.2807006835938,513.458938533357,511.5698948988185,511.87174962966077,45190300
2024-05-30,508.8824768066406,511.40447087133504,507.6361297457073,510.7423397089747,46377600
2024-05-31,513.5175170898438,513.6441071219834,504.7441741112185,509.8368376154552,90785800
2024-06-03,513.93603515625,515.4063808363203,508.8726139393969,515.1240197883811,46835700
2024-06-04,514.5105590820312,515.250605333056,511.17066354967966,512.6312623824123,34632700
2024-06-05,520.6256103515625,520.645104022442,514.8416361330836,516.8280887412405,47610400
2024-06-06,520.6159057617188,521.3559521321091,518.6879340097541,520.9275073614583,30808500
2024-06-07,519.9829711914062,522.787325920015,518.5515533208824,519.6421291117942,43224500
2024-06-10,521.589599609375,521.9109480214009,518.5807990347079,519.1747616812378,35686100
2024-06-11,522.845703125,522.9041247005574,518.0743898707741,520.0413486344055,36383400
2024-06-12,527.139892578125,529.8274041983666,526.1077383475028,527.4028194115604,63251300
2024-06-13,528.2012939453125,529.0581834417079,525.4164327979901,528.8829186945259,44760900
2024-06-14,528.522705078125,528.551886156822,525.6696157422205,526.6725890295746,40089900
2024-06-17,532.7291870117188,534.1216772051151,527.3834034899254,527.8410888070123,55839500
2024-06-18,534.0826416015625,534.2092316077063,532.3688625324717,532.7875604635906,41376400
2024-06-20,532.6317749023438,535.669816103357,530.8595742964317,535.0076850141029,70328200
2024-06-21,531.917724609375,533.0313753907063,530.4621917432297,531.8102827682807,64338600
2024-06-24,530.1886596679688,534.3013212499749,530.0714395414016,531.7419157804823,45528700
2024-06-25,532.2303466796875,532.5917853363576,529.8956032092343,531.4097461795637,37936200
2024-06-26,532.89453125,533.6076301716555,530.4719028733521,531.1166134619692,38550600
2024-06-27,533.734619140625,534.3110010096894,532.0153114364416,532.7577451835803,35041500
2024-06-28,531.6343994140625,537.5543137581463,530.3938098387125,534.5064116818106,76144500
2024-07-01,532.728515625,533.2560061424955,529.9737236752046,533.0117876323043,40297800
2024-07-02,536.3135986328125,536.3135986328125,531.0775683576217,531.126400132376,40434800
2024-07-03,538.7069091796875,539.068347757372,535.9618958708759,536.000949362856,32789900
2024-07-05,541.8134155273438,542.2139076372644,538.3747999305978,539.0097918869257,41488400
2024-07-08,542.4385986328125,543.3861377502993,541.3737797869028,542.5948722312855,36110500
2024-07-09,542.9661254882812,544.2946598471173,542.6730752067231,543.3959524424528,27289700
2024-07-10,548.3388671875,548.6807492045888,543.8941028470899,544.1871530936876,38701200
2024-07-11,543.61083984375,549.3255886798729,542.9759074999535,548.4561564855596,53054200
2024-07-12,547.0396118164062,550.6345006536228,544.2653232987394,544.7342036963953,53084400
2024-07-15,548.5440673828125,551.7775178290722,546.6879829958002,549.0325043663784,40584300
2024-07-16,551.7969970703125,552.090047326324,549.1008154677004,549.8530274778409,36475300
2024-07-17,544.0602416992188,547.5476892504238,543.7378565645935,545.8772131422685,57119000
2024-07-18,539.8790893554688,546.5804894498617,537.700679694463,545.5938372966342,56270400
2024-07-19,536.2941284179688,541.2664440605769,535.2390876445896,539.6447995873152,65509100
2024-07-22,541.8231811523438,542.4288382548532,538.2771238069361,540.2113152231016,43346700
2024-07-23,540.9732666015625,543.8647752379528,540.4848296428585,541.7156406949248,34439600
2024-07-24,528.7134399414062,536.4698210648305,527.7951760937185,536.1669925418511,74515300
2024-07-25,525.9586791992188,534.7994361794972,525.0209183627663,528.8306910081631,61158300
2024-07-26,531.8493041992188,534.5357078065754,528.9675138593225,529.7392825093052,53763800
2024-07-29,532.1619873046875,534.3990077101311,530.1691258203317,533.3928583100442,39515800
2024-07-30,529.4657592773438,534.6822931769603,526.0662565076813,533.6272524601584,46853600
2024-07-31,538.0719604492188,540.6997538692295,534.9166765387299,536.2842643515584,65663400
2024-08-01,530.4523315429688,542.0380422456446,526.955106117804,539.7912440920945,76428700
2024-08-02,520.5762329101562,524.5716145988897,516.3756265717791,523.3603002519518,82789100
2024-08-05,505.41510009765625,511.4717311244644,498.4695101090915,499.80785259777787,146267400
2024-08-06,510.0747375488281,517.4989554385519,505.8936885816187,507.2124445147762,84826300
2024-08-07,506.66552734375,519.2965627450678,506.0696484137689,516.2486605015515,70698300
2024-08-08,518.378173828125,519.0033278281719,509.7719169059722,511.79399346845105,63276600
2024-08-09,520.6640014648438,522.1488688468696,516.3364573171235,517.5575496711185,45619600
2024-08-12,520.9376831054688,523.3407552909962,518.6713279832952,521.8559471668351,42542100
2024-08-13,529.5047607421875,529.739260585726,523.8780165940644,524.122235093717,52333100
2024-08-14,531.17529296875,532.3573320967027,527.6292352085552,530.2960824274743,42446900
2024-08-15,540.27978515625,540.5630571909627,536.1866801444643,536.7923373384469,60846800
2024-08-16,541.4910888671875,542.1846909540823,538.5116347380534,538.6679083622046,44430700
2024-08-19,546.6685180664062,546.6685180664062,541.0514918139045,541.901367537868,39121800
2024-08-20,545.7794799804688,547.8700045132335,544.4411674580102,546.2190851764095,33732300
2024-08-21,547.6551513671875,549.1106842316043,541.9013486274712,546.8248322343893,41514600
2024-08-22,543.3567504882812,550.1558140271343,542.145436440108,549.5501570030477,56121500
2024-08-23,549.1302490234375,550.0680696349215,544.4021520897437,546.5904001832064,50639400
2024-08-26,547.8211669921875,550.8690092024209,546.1214157161334,550.1559102385648,35788600
2024-08-27,548.573486328125,549.0619234396653,545.4084233851316,546.551349531508,32693900
2024-08-28,545.3887939453125,548.661357929549,542.204174863817,548.2315309438809,41066000
2024-08-29,545.4376220703125,550.644377643334,544.2946960843145,547.352316743397,38715200
2024-08-30,550.6443481445312,551.1523417216108,544.2556134288437,547.8016709409602,62700100
2024-09-03,539.3125610351562,547.8406511283397,536.801987949737,547.5084877669302,60600100
2024-09-04,538.2088012695312,541.6083040829072,536.7532683896355,537.4761456891545,47224900
2024-09-05,536.8997802734375,540.9928852935313,534.4478166491117,538.1502077884983,44264300
2024-09-06,527.8635864257812,538.8436399407501,526.964879098129,537.2220554393132,68493800
2024-09-09,533.7737426757812,535.0437266855093,530.1300214174476,532.054494369654,40445800
2024-09-10,536.0986938476562,536.4504138231891,530.8138314182086,535.6786451567546,36394600
2024-09-11,541.5985107421875,542.5167747623394,527.4729497044474,536.0108196239122,75248600
2024-09-12,546.1605224609375,546.4633510224045,539.9573366553728,542.1748597619055,51819600
2024-09-13,549.0130004882812,550.0094311099382,546.5122052774053,546.7662020730168,39310500
2024-09-16,549.8237915039062,550.0875069413107,546.9517795427174,548.7491943236346,36656100
2024-09-17,550.0485229492188,553.4773606816602,547.8212213158272,552.0315464267048,49321000
2024-09-18,548.4171142578125,555.5385046014119,547.8602888957543,550.702966140304,59044900
2024-09-19,557.7755737304688,559.6316584337985,554.9426745171918,557.8049085738365,75315500
2024-09-20,556.8114013671875,557.8500616857909,553.793383536953,556.4096807844697,77503100
2024-09-23,558.20263671875,558.8493845385034,556.6642333372524,557.8793226154038,44116900
2024-09-24,559.7998657226562,559.8586555458002,556.174333811357,558.9963649353333,46805700
2024-09-25,558.5653076171875,560.378103761662,557.4580492681129,559.6432009533316,38428600
2024-09-26,560.7797241210938,563.1412448815947,558.4280714385313,562.8178709578742,48336000
2024-09-27,559.966552734375,562.6611965458859,558.9377006949258,561.8479471107624,42100900
2024-09-30,562.21044921875,562.8179640810873,556.6447925339722,558.9376557740085,63557400
2024-10-01,557.1738891601562,562.5043864049716,554.6066335561335,561.8576982708267,72668800
2024-10-02,557.4090576171875,558.4281611024765,553.8913563966638,556.282242548741,38097800
2024-10-03,556.3899536132812,558.3300776437013,554.1068390984451,555.9391917508498,40846500
2024-10-04,561.4461059570312,561.8184614824812,556.6643337627131,560.8287828388663,42939100
2024-10-07,556.370361328125,560.446655391967,555.2239297880301,559.7999074826037,49964700
2024-10-08,561.63232421875,562.2300906410503,558.0656412646009,558.9376805045769,37398700
2024-10-09,565.5223999023438,566.0809331902332,561.0247685875196,561.6224751598685,37912200
2024-10-10,564.5326538085938,565.9534776371613,562.9256522396411,564.1799148709799,44138100
2024-10-11,567.9132690429688,568.6481717987969,564.3171018304082,564.4542980317323,42268000
2024-10-14,572.5579223632812,573.4888112745962,569.0401610478535,569.520288010914,36217200
2024-10-15,568.1093139648438,573.1262458468478,566.8942243784207,572.8224884018784,54203600
2024-10-16,570.5784301757812,571.097790111378,567.3056970578953,568.1091978334298,30725400
2024-10-17,570.6275634765625,574.3216944108202,570.441385688738,574.1159000748407,34393700
2024-10-18,572.8224487304688,573.6063330690159,570.8528997080355,572.3128969974695,37416800
2024-10-21,571.8817138671875,573.0771269383695,568.9126781204517,572.0972566282711,36439000
2024-10-22,571.5780029296875,572.7342428128154,568.697181591541,569.3536780068462,34183800
2024-10-23,566.3551635742188,570.0003117934486,562.8570198066266,569.5593582450659,49314600
2024-10-24,567.5801391601562,568.3836400907534,564.9639018539431,568.3052337104026,34979900
2024-10-25,567.3841552734375,572.6950960929863,566.4435179318251,569.8044663478088,47268200
2024-10-28,569.1381225585938,570.9802836348513,568.8343651367928,570.8528957024953,30174700
2024-10-29,570.0592041015625,571.1762108700161,566.7864107519835,568.1778099310847,42899700
2024-10-30,568.3346557617188,571.5780244818477,567.6291179550885,569.5888588084969,41435800
2024-10-31,557.193603515625,564.0428890862833,556.9976174444517,563.974290971045,60182500
2024-11-01,559.545166015625,563.9643910438907,559.1336371976272,559.8195584319851,45667500
2024-11-04,558.3399658203125,560.9758196621659,556.4586313456186,559.6823835212687,38217000
2024-11-05,565.0912475585938,565.1304208425688,559.0356559214524,559.251198693126,39478300
2024-11-06,579.142578125,580.0146771322202,573.6063462638446,577.3396500855225,68182000
2024-11-07,583.6205444335938,584.6396478381987,581.0630972629532,581.1415036340469,47233200
2024-11-08,586.148681640625,587.5695056932594,584.1693242787533,584.1693242787533,46444900
2024-11-11,586.7070922851562,588.0886829564369,584.9825111589258,587.7359440369437,37586800
2024-11-12,584.8846435546875,587.2264882691159,582.4055428293386,586.6287817012992,43006100
2024-11-13,585.1687622070312,587.1676761411395,582.9836705187753,585.3451316888757,47388600
2024-11-14,581.4061279296875,585.7763718199695,580.7202664359244,585.2962448517161,38904100
2024-11-15,573.9590454101562,578.3194803370213,572.1070761341368,577.8491019104924,75988800
2024-11-18,576.310791015625,577.6237838402152,573.5573576252949,574.4195885423085,37001700
2024-11-19,578.41748046875,579.142574989824,572.2737337790142,572.9400384688264,49412000
2024-11-20,578.6134033203125,578.8975441726233,572.8615695316089,578.4958236706298,50032600
2024-11-21,581.7196044921875,583.1404284379229,575.6248397212988,581.4550801704302,46750300
2024-11-22,583.5225219726562,584.1496532645427,581.2100426161727,581.709726188909,38226400
2024-11-25,585.5020751953125,588.7650010479646,583.218960080664,587.4520080099294,42441400
2024-11-26,588.5592041015625,589.2255088244219,586.0311216188419,586.746407902425,45621300
2024-11-27,586.77587890625,588.7551766837055,585.2570915650057,588.3730726347505,34000200
2024-11-29,590.4208984375,591.2047827973582,587.3147260107087,587.5890586237147,30177400
2024-12-02,591.4791259765625,592.1552388895445,590.3424429138348,590.8323780737772,31746000
2024-12-03,591.7534790039062,591.9984465923378,590.2151351783115,591.2439870884159,26906600
2024-12-04,595.4280395507812,595.6730071584342,592.7726289600115,593.4389336760423,42787600
2024-12-05,594.4481811523438,596.2315525489399,594.0954421437544,595.4280516027892,28762200
2024-12-06,595.5750122070312,596.8096584526629,594.800936138575,595.212464951605,31241500
2024-12-09,592.508056640625,595.6240374954255,591.9201582931329,595.457476264727,34742700
2024-12-10,590.6658325195312,593.6054435570935,590.0093361336401,593.184106485161,37234500
2024-12-11,595.2320556640625,596.1825011825678,593.3114882757061,593.5858806768452,28677700
2024-12-12,592.1649780273438,594.9379676481675,592.1649780273438,594.3696859896878,31543800
2024-12-13,592.0475463867188,594.9087513561514,590.6757038334936,594.1934650654297,35904700
2024-12-16,594.5755004882812,595.54562235978,593.0273484159295,593.8014244521054,43695200
2024-12-17,592.1257934570312,592.9880840930309,590.7540109408761,592.0278303510687,55773500
2024-12-18,574.4784545898438,594.2031909866316,574.0962907751041,591.822113059209,108248700
2024-12-19,574.302001953125,581.0631314525076,574.057034359764,579.456129686489,85919500
2024-12-20,581.2000732421875,585.7226242648472,571.1323775607835,571.9779480628706,125716700
2024-12-23,584.6803588867188,585.2800771480029,577.7686569320756,580.9443313472664,57635800
2024-12-24,591.1790771484375,591.2184422848073,585.4471892507113,586.0272849416975,33160100
2024-12-26,591.218505859375,592.3392722176656,588.0133673077331,589.4094496188982,41219100
2024-12-27,584.9949951171875,587.7183905820746,580.8165297326684,587.4823797773107,64969300
2024-12-30,578.3193359375,581.7801081982007,574.5734664197146,577.9949335439408,56578800
2024-12-31,576.2152099609375,580.698454354243,574.583117216775,579.9807007946825,57052700
2025-01-02,574.7994995117188,581.180251846637,570.7291685588775,579.4695486945864,50204000
2025-01-03,581.9865112304688,582.6255346471705,576.5594027877501,577.64092396713,37888500
2025-01-06,585.339111328125,589.6060884935793,583.6087253809885,586.2338281568046,47679400
2025-01-07,578.7222900390625,587.6887790314382,576.903452910936,587.3643167301589,60393100
2025-01-08,579.5678100585938,580.6394897953063,575.3500401020275,578.7911287868388,47304700
2025-01-10,570.7193603515625,576.0874809051687,568.8120114375996,576.0186519228087,73105000
2025-01-13,571.604248046875,571.9581742427216,565.6658729466735,566.0788468496604,47910100
2025-01-14,572.3906860351562,575.1533862250869,568.6152938144415,574.5241441869972,48420600
2025-01-15,582.8025512695312,583.9430001285099,579.2827918470954,580.3937768602567,56900200
2025-01-16,581.6817016601562,584.34604932179,580.9836305712422,584.1690862304802,43319700
2025-01-17,587.521728515625,589.2717368825727,585.5848557638515,586.9121689712896,58070600
2025-01-21,592.899658203125,592.9094994878243,588.5933760531964,590.5597127423754,42532900
2025-01-22,596.2326049804688,597.5893820777127,595.1707663809229,595.7213382459036,48196000
2025-01-23,599.4868774414062,599.4868774414062,595.3280946897063,595.6033506126263,41152100
2025-01-24,597.7368774414062,600.4996383180872,596.5865871884719,599.5459337435196,34604700
2025-01-27,589.2815551757812,589.5961762199101,584.6311885086425,584.798310310645,70361100
2025-01-28,594.3448486328125,595.1805175844501,587.1971967465958,590.5104687195756,44433300
2025-01-29,591.6804809570312,593.9614384934404,589.1340487911447,593.5583059073574,37177400
2025-01-30,594.856201171875,596.389941511758,590.6089063826978,593.7944224804594,39281300
2025-01-31,591.6903686523438,599.6933732210748,590.9333098394596,597.2747575383468,66566900
2025-02-03,587.7085571289062,590.1861005375324,580.5510628181718,582.6943625959686,65857200
2025-02-04,591.6510620117188,592.1622687341741,587.2268045597665,587.767535135661,33457800
2025-02-05,594.0499267578125,594.1974260072697,588.5049031019603,590.5302274178379,30653100
2025-02-06,596.1146240234375,596.242440705887,592.4867305159943,595.7901616750784,35771500
2025-02-07,590.6580200195312,597.8941240756534,589.9501076619601,596.6750050236558,50788500
2025-02-10,594.66943359375,595.30851711154,592.5949624942194,593.8632882437039,26048700
2025-02-11,595.1216430664062,595.6623736678141,592.2901133629294,592.408088766588,30056700
2025-02-12,593.2044677734375,594.3744405625547,588.4361250659014,589.1145136580423,45076100
2025-02-13,599.4672241210938,599.6737110792319,593.047165943141,594.3055902381474,40921300
2025-02-14,599.437744140625,600.7060096863363,598.8183432907158,599.6736949390985,26910400
2025-02-18,601.1975708007812,601.1975708007812,598.1399318067746,600.5978525430173,26749000
2025-02-19,602.6133422851562,602.908280775238,599.3000698962699,599.8113366176324,31011100
2025-02-20,600.1062622070312,601.3843689751305,596.8028311734677,601.2467110134413,36554000
2025-02-21,589.842041015625,600.0276510429451,589.3799206723878,599.8899930676969,76519800
2025-02-24,587.157958984375,592.8800056614799,586.4500466079941,591.8869960824046,50737200
2025-02-25,584.2379150390625,587.8265033006376,579.6366946428752,587.098968367302,58266500
2025-02-26,584.5328369140625,589.488043359785,581.8979531727184,585.8994552001853,43321600
2025-02-27,575.20263671875,587.9543615454245,574.8094053796542,586.8040113591791,74196700
2025-02-28,584.1788940429688,584.70978328648,572.636508577737,575.7039886670112,88744100
2025-03-03,573.9441528320312,587.2857532860544,570.1392964764723,586.1452445030724,74249200
2025-03-04,567.150390625,575.5368441329807,562.6179996474549,569.952455985737,109648200
2025-03-05,573.24609375,575.035467216836,563.434093538414,566.9833166199888,71230500
2025-03-06,563.0703125,570.4047092717689,560.5238803180225,565.7936477589768,80094900
2025-03-07,566.226318359375,567.6716070865215,556.1095373006934,561.2908538818324,81158800
2025-03-10,551.14453125,559.9536812738498,546.2385307775894,558.0365509948175,99326600
2025-03-11,546.5629272460938,554.5266268117218,542.728606721458,549.9843938775969,88102100
2025-03-12,549.4633178710938,553.6319422779778,544.3705127696392,552.7077615834074,69588200
2025-03-13,542.1385498046875,549.6991150739693,540.4278468712175,549.089555638085,74079400
2025-03-14,553.3369140625,554.3397648685512,542.2074423986709,546.7496748611676,62660300
2025-03-17,557.6039428710938,560.1208513978755,552.8846868765244,553.3172833424321,49008700
2025-03-18,551.5770874023438,555.5097605205915,549.6500559715837,555.2934322950165,66041400
2025-03-19,557.5842895507812,561.3399999727566,552.1768634471969,553.3566775077279,66556000
2025-03-20,555.971923828125,560.9664364159598,553.1305525718145,553.8483063542163,62958200
2025-03-21,556.1552734375,557.0526817242638,550.2878724028328,551.5205297947124,83763000
2025-03-24,566.1151733398438,567.1703352751009,562.2890000340255,562.880651498493,58766800
2025-03-25,567.4760131835938,568.4127846067184,565.73055113845,567.3181993393742,38355700
2025-03-26,560.7013549804688,568.3339598573967,559.3207546377017,567.2097618801449,51848300
2025-03-27,559.2122802734375,562.9792883535321,557.101956447335,559.3108687859911,42164200
2025-03-28,547.95068359375,558.4135249923543,547.3689030262066,557.6838014665011,71662700
2025-03-31,551.62890625,552.9305994826874,539.282592409213,542.201546342058,95328200
2025-04-01,553.1869506835938,555.1296497708261,545.998115405224,549.7158288612504,54609600
2025-04-02,556.687744140625,559.547472787333,547.1124411566806,547.3491017135567,76014500
2025-04-03,529.2537841796875,540.3673821784607,529.2537841796875,537.5470765410741,125986000
2025-04-04,498.2696533203125,518.5739803507369,498.05270443606094,516.4044915082214,217965100
2025-04-07,497.3821716308594,515.9114550791749,475.115432610906,482.40291724281104,256611400
2025-04-08,489.591796875,517.6963548854247,482.3733480760591,514.6196468974629,165816600
2025-04-09,541.0084228515625,541.0084228515625,486.20939567811143,486.59399925019795,241867300
2025-04-10,517.3019409179688,526.0981670837639,502.25365007002944,524.7866027854379,162331200
2025-04-11,526.5320434570312,528.9874872153164,512.8544826104954,515.7536950429114,97866300
2025-04-14,531.6402587890625,536.7287027931718,526.4532262576091,536.5018528789103,68034000
2025-04-15,530.151123046875,535.6931457102869,529.3622343758641,532.1825399641931,56892900
2025-04-16,518.3668823242188,530.4272422697393,513.0713913810127,524.3033791384568,83484800
2025-04-17,519.1064453125,523.8004136549424,516.6411308627585,520.3194209498447,79868100
2025-04-21,506.7503356933594,514.4618467446136,501.40552056556845,513.9293002870572,69368100
2025-04-22,519.9348754882812,521.9564215250564,511.9867032226325,512.9235348557764,75948100
2025-04-23,527.991455078125,537.8625838932508,526.4728430251603,532.9319549297188,90590700
2025-04-24,539.105224609375,539.8349482182391,528.0211780146883,529.2735171048926,64150400
2025-04-25,543.0004272460938,543.4047124173812,536.1468396073658,539.0657941930334,61119600
2025-04-28,543.2073974609375,545.8699492792146,537.4583271221219,543.7399439376,47613800
2025-04-29,546.6293334960938,547.7436606136026,540.9393676118534,541.2943585019403,47775100
2025-04-30,546.84619140625,548.7987614609631,534.0068741379372,539.9729233205555,93101500
2025-05-01,550.7216796875,556.2440206119321,550.1201573586014,552.595342895286,63186100
2025-05-02,558.8966064453125,560.4941252501916,554.5773711022435,556.8947424015222,60717300
2025-05-05,555.6917724609375,558.7882219920989,553.9068871278389,554.7648117792631,38659200
2025-05-06,551.0471801757812,555.5340413030556,549.2327420958744,550.1892553966732,48264700
2025-05-07,553.3645629882812,555.9975022415719,548.3254139860352,552.3784371058738,55588000
2025-05-08,557.2203369140625,562.3974982446085,553.9069681077176,557.3978323656503,65130800
2025-05-09,556.51025390625,559.6263849147109,554.9521583078488,558.6205173502777,37603400
2025-05-12,574.9014892578125,574.9113601462691,569.0340285188223,573.402558732667,78993600
2025-05-13,578.6981811523438,580.907093658496,574.7536773375426,575.3157161654024,67947200
2025-05-14,579.437744140625,580.8084133986617,577.4161378946785,579.6546629482465,66283500
2025-05-15,582.2679443359375,582.77081800724,576.9822635531588,577.4359031534708,71268100
2025-05-16,585.9559936523438,586.2518193704545,581.1042713102905,583.0469103495059,76052100
2025-05-19,586.596923828125,587.2773530559552,579.9405744991373,579.9405744991373,68168500
2025-05-20,584.6246948242188,585.8080578995526,581.419785763877,584.8614155899625,60614500
2025-05-21,574.7733154296875,584.3584902721909,573.7477661832594,580.2759146876367,95197700
2025-05-22,575.0001831054688,578.4811762683786,573.3434386116112,574.5760959985981,70860400
2025-05-23,571.0753173828125,573.7378691727489,567.6140060747297,567.988738706783,76029000
2025-05-27,582.9484252929688,583.1061789745086,570.404870923911,577.9388882200049,72588500
2025-05-28,579.5757446289062,584.545857588394,578.8460211072919,583.3526236048898,68445500
2025-05-29,581.8635864257812,584.9699071457442,577.9388245287198,584.8318350718904,69973300
2025-05-30,581.2127685546875,582.9286180198035,575.1480700909575,580.7591289651484,90601200
2025-06-02,584.4866333007812,584.5654800276525,576.9427470010985,579.6052986473595,61630500
2025-06-03,587.8197631835938,588.7960181097066,583.6385391723649,584.121791379625,63606200
2025-06-04,587.6619262695312,589.6539195966438,587.2280285207049,588.6776647088699,57314200
2025-06-05,584.8219604492188,590.6894216670538,582.8497086239531,589.3384339818148,92278700
2025-06-06,590.8274536132812,592.4940086999786,588.5790577947733,590.3540722792903,66588700
2025-06-09,591.3599243164062,592.9081490758875,590.1864321834666,591.3993476813894,53016400
2025-06-10,594.7127685546875,595.0973118762876,590.7781362147839,591.8924030034493,66247000
2025-06-11,593.0166625976562,596.6653405011278,590.9556931519085,595.8074157747775,73658200
2025-06-12,595.3734741210938,595.3734741210938,591.2021810906274,591.6853731206485,64129000
2025-06-13,588.7171020507812,593.4997881009825,587.2181715759101,590.1962907494013,89506000
2025-06-16,594.318359375,596.0638215052488,591.8924679557008,592.0700235861916,79984100
2025-06-17,589.2398681640625,593.401290785268,588.480531921813,591.8826784891205,82209400
2025-06-18,589.1510620117188,592.8785866278505,588.1944885876793,590.1371879149127,76605000
2025-06-20,587.7673950195312,592.8906208578056,586.3629131433069,591.8224395288368,94051400
2025-06-23,593.572998046875,593.9586781700418,585.403509483969,588.5189525073708,87426000
2025-06-24,600.1304321289062,601.1886530620405,596.7973078378046,597.7072691809916,67735300
2025-06-25,600.4666748046875,601.940336500435,598.903972841808,601.247995602986,62114800
2025-06-26,605.1646118164062,605.5997923429508,601.7029677445283,602.3161684365299,78548400
2025-06-27,608.1712646484375,609.6350865938839,604.1360202356653,606.1635425121184,86258400
2025-06-30,611.0791015625,612.4340832221852,608.2998981128763,610.6142811588834,92502500
2025-07-01,610.8812866210938,612.0483479268365,608.7746241554748,609.6053849111585,70030100
2025-07-02,613.6505737304688,613.6901136433279,609.8526292762224,610.4757300098587,66510400
2025-07-03,618.4869995117188,619.4167005776212,615.6088560521965,615.628656191773,51065800
2025-07-07,613.8780517578125,617.1913758193931,611.0988485499288,616.5286747873084,74814500
2025-07-08,613.5418090820312,615.2923708557059,612.7307881009865,614.5406899285775,59024600
2025-07-09,617.2210083007812,617.8737488887257,614.1055045789822,615.945166968477,66113300
2025-07-10,618.9617919921875,620.000273214104,616.1825885407072,617.3595500232223,57529000
2025-07-11,616.7857666015625,618.0121678287132,614.7187046395575,615.9154056597896,63670200
2025-07-14,617.9627685546875,618.3089087938923,614.9857451789246,616.3308265898004,51898500
2025-07-15,615.3220825195312,620.9793689858044,615.242942324076,620.6431287961128,74317300
2025-07-16,617.3792724609375,617.883693134462,611.2769051241828,616.9045519994012,88987500
2025-07-17,621.1573486328125,621.5134493059918,617.3396644874989,617.557284919235,68885700
2025-07-18,620.7025146484375,622.5717567026577,619.5947932954602,622.4036365954075,65621600
2025-07-21,621.87939453125,624.6189973413707,621.4541141003111,621.87939453125,63375000
2025-07-22,621.9684448242188,622.828905853138,619.3277216791315,622.2058050575365,60046300
2025-07-23,627.2597045898438,627.2597045898438,622.8287599296668,624.6288217656338,70511000
2025-07-24,627.4674682617188,629.1785504969665,627.0421878119985,627.6454884244192,71307100
2025-07-25,630.1181030273438,630.5928838363332,627.8829206987424,628.1301809903662,56865400
2025-07-28,629.9598388671875,631.0477599275997,628.5751571845921,630.4938993278172,54917100
2025-07-29,628.2982788085938,631.6708825055948,627.3883778702398,631.3543820995848,60556300
2025-07-30,627.5070190429688,630.6917023127537,624.6189756546709,628.9509803708415,80418900
2025-07-31,625.1531372070312,632.8379457731452,623.8574957354674,632.4522656090571,103385200
2025-08-01,614.9066162109375,619.476041722763,612.5032535330552,619.4364414435403,140103600
2025-08-04,624.2530517578125,624.3024917393647,618.7243458354196,618.813325728958,73218000
2025-08-05,621.0880737304688,625.6772386500149,620.168272806011,624.8662177521945,68051400
2025-08-06,625.8455200195312,626.4982606508958,621.2464542892866,622.1563552914652,64357500
2025-08-07,625.3212280273438,629.9993730574174,622.2156245224251,629.2674923107387,74205800
2025-08-08,630.1972045898438,630.6620853000642,626.7949007710238,627.1114011688534,64051600
2025-08-11,628.9509887695312,631.9478122276477,627.7047873460086,630.474150672182,58742300
2025-08-12,635.6467895507812,635.8050095563038,629.8114232578196,631.2949848204768,64730800
2025-08-13,637.82275390625,639.10849531226,635.6369512596368,637.8424936799373,60092800
2025-08-14,637.882080078125,638.5447207235369,635.300697252298,635.7457174616427,59327500
2025-08-15,636.3886108398438,639.0095939138803,635.4787099260534,638.9106535836406,68592500
2025-08-18,636.2501831054688,636.9425240091701,635.1424618060598,635.8150025688236,43804900
2025-08-19,632.7984008789062,637.0512656505922,631.4829592777961,636.0721245937336,69750700
2025-08-20,631.1170043945312,632.6500060324975,626.013578858981,632.3929060531275,88890300
2025-08-21,628.5850830078125,630.9785456585483,626.864161086776,629.3071240874224,54805800
2025-08-22,638.2381591796875,639.4151205943501,630.2664897119097,630.7709103705197,84083200
2025-08-25,635.4292602539062,638.218363635622,635.3105801411765,636.9820621561176,51274300
2025-08-26,638.0897216796875,638.4359222802034,634.5390979794016,635.1621986940528,51581600
2025-08-27,639.5436401367188,640.2755208793137,637.3578376120881,637.5062179210042,48341100
2025-08-28,641.8085327148438,642.3623933153343,638.267809046051,640.146950913372,61519500
2025-08-29,637.98095703125,640.7404203673219,636.0919150690585,640.374419619015,74522200
2025-09-02,633.2533569335938,633.4709169972102,627.9619508913343,630.5136938017484,81983500
2025-09-03,636.685302734375,637.1501834379544,633.4412793439511,635.6270215222661,70820900
2025-09-04,642.0064086914062,642.0361089027498,636.4579021356687,637.3579030521721,65219200
2025-09-05,640.14697265625,645.0625384730564,636.2798483910566,644.3404973975818,85178900
2025-09-08,641.7195434570312,642.718484610511,640.1370415028089,641.5118230975241,63133100
2025-09-09,643.2031860351562,643.7273464852004,640.1272219983028,641.8580441132016,66133900
2025-09-10,645.0625,647.3768223058731,643.4997982019892,646.4570213518696,78034500
2025-09-11,650.423095703125,651.115436538164,646.4273914384058,647.0108918753651,69934400
2025-09-12,650.20556640625,651.8869485652141,649.701206088218,650.3934866540098,72780100
2025-09-15,653.6671142578125,653.7956944276398,652.114372883025,652.4110731340584,63772400
2025-09-16,652.7671508789062,654.5276730798186,651.9858301119879,654.2210123755038,61169000
2025-09-17,651.9561157226562,654.4682584259048,647.1295902463727,652.7770367516476,101952200
2025-09-18,655.0023193359375,657.6035020628194,653.0341373534065,654.6363789857319,90459200
2025-09-19,658.2465209960938,659.0895125014193,654.9438659954435,656.8877828567474,97945600
2025-09-22,661.3607177734375,661.8069717744121,656.7290467709187,656.7588293222589,69452200
2025-09-23,657.7605590820312,661.856628548307,656.5406245808955,661.2416672722171,81708900
2025-09-24,655.6678466796875,659.1490153831234,654.2496039734066,659.0498612769777,68082200
2025-09-25,652.6429443359375,653.9917550046746,649.0328388399253,652.5338627083877,89622100
2025-09-26,656.3818969726562,656.9273655696547,652.4742691464395,654.0908804383538,69179200
2025-09-29,658.2266845703125,659.8135740530697,656.4216318338509,658.9010899003678,73499000
2025-09-30,660.7060546875,661.1722242194463,656.173598681204,657.4827596300943,86288000
2025-10-01,662.9574584960938,663.8698820443607,657.6117327913598,657.7208144097488,72545400
2025-10-02,663.7210693359375,665.0600128657511,661.3011766397112,664.9410037342527,56896000
2025-10-03,663.7113037109375,667.1527626006609,662.6698828508305,664.4848631838105,70494400
2025-10-06,666.0914916992188,666.9841207809839,663.9591941673339,666.1014192164715,54623300
2025-10-07,663.6220092773438,667.4602056461605,662.1839114453724,667.0138910729768,72020100
2025-10-08,667.5791625976562,667.6783772359653,663.919480237528,664.7426772273783,60702200
2025-10-09,665.6452026367188,668.4023890582872,663.7112737749407,667.9957845708525,66501900
2025-10-10,647.6542358398438,668.4122493878771,647.4757221413303,666.6071968358344,159422600
2025-10-13,657.5919189453125,659.664772492732,654.3488290056752,655.2216030747315,79560500
2025-10-14,656.78857421875,660.3590300864076,647.8030207789583,651.7701536094826,88779600
2025-10-15,659.7044067382812,664.7228272522149,653.5156893256119,661.3408732132422,81702600
2025-10-16,655.211669921875,663.215367636124,651.7106461582608,661.3408828539109,110563300
2025-10-17,658.9308471679688,660.2895852935891,652.7322022395391,654.0810128478913,96500900
2025-10-20,665.7840576171875,666.6866142382812,661.7872027532737,661.8367798071084,60493400
2025-10-21,665.7741088867188,667.4601523988813,664.4748753427003,665.9229005771253,56249000
2025-10-22,662.312744140625,666.4782452803545,657.8497201766941,666.4782452803545,80564000
2025-10-23,666.2402954101562,667.1825015615415,662.3128121266341,662.6301900162397,65604500
2025-10-24,671.6851806640625,672.8951271271609,670.0983517375236,670.9016937183009,74356500
2025-10-27,679.6094970703125,679.9070199177999,676.5151383891614,677.1201116013259,63339800
2025-10-28,681.41455078125,683.2493254549719,679.2028936555786,681.4046232640447,61738100
2025-10-29,681.7418212890625,684.0328379014793,677.2589421639235,683.0608492697363,85657100
2025-10-30,674.2440185546875,680.3037996369978,674.2440185546875,678.2805836148408,76335800
2025-10-31,676.4556884765625,679.4508932951077,673.6588524169174,679.4111832231399,87164100
2025-11-03,677.7251586914062,680.1649066224819,674.3530715971103,680.0359699637585,57315000
2025-11-04,669.691650390625,674.3728983771498,669.0371001406891,670.5544968959969,78427000
2025-11-05,672.012451171875,675.2654684624238,668.6304366940664,669.4337786331213,74402400
2025-11-06,664.80224609375,671.8141611273297,663.2252840482561,670.9116044462689,85035300
2025-11-07,665.4567260742188,665.5658682287408,655.7769731606511,662.4218719882706,100592400
2025-11-10,675.8406982421875,676.5746080726943,669.4833950163819,671.6751969912248,75842900
2025-11-11,677.387939453125,677.9532631527235,673.1530057317516,674.3630127379913,58953400
2025-11-12,677.7647705078125,679.3318048264125,675.3547447293747,679.1631581075335,62312500
2025-11-13,666.5180053710938,675.265541055433,665.0105359672095,674.9085136071693,103457800
2025-11-14,666.4088134765625,670.1081450818862,657.8199984349773,659.9126462553079,96846700
2025-11-17,660.2003173828125,668.1742931923078,656.7290761218832,664.1972328051172,90456100
2025-11-18,654.65625,659.6548153709225,650.4708935566339,656.6596108350068,114467500
2025-11-19,657.185302734375,661.856623370592,653.3371790986623,655.3505280387882,94703000
2025-11-20,647.1683349609375,670.0090710879778,646.5335791707308,667.3808213360044,165293500
2025-11-21,653.6148681640625,659.0894699034471,645.5020288545189,649.6675301260088,123956200
2025-11-24,663.2351684570312,664.5542570793402,656.1538823239337,657.2448196444445,80437900
2025-11-25,669.4735107421875,670.6537351639657,659.0200771396823,663.1360016067486,81077100
2025-11-26,674.09521484375,676.0986363282427,671.1595147067713,672.0620713400136,71879600
2025-11-28,677.7747192382812,678.0523870500939,674.9084513312986,675.2654787466182,49212000
2025-12-01,674.6803588867188,677.3779800628074,673.1629015749381,673.2323336611282,61201200
2025-12-02,675.9299926757812,678.2011542749951,673.748057660358,676.316742094939,62953800
2025-12-03,678.2706298828125,679.2822075879724,674.105128319461,674.9779023816353,57238500
2025-12-04,678.7665405273438,679.7384687237238,675.7416137771377,679.6690366334618,61970300
2025-12-05,680.0557861328125,682.7336127271673,678.9549213715281,679.8375623637357,79241000
2025-12-08,678.0127563476562,680.9980334759979,675.9696853695019,680.9484564225444,55231500
2025-12-09,677.4276123046875,679.7583392727543,676.9813582671167,677.5367544682442,58310100
2025-12-10,681.9203491210938,683.3088092137841,675.7117769038598,676.951505843926,85671300
2025-12-11,683.5072021484375,683.5865617528303,676.5647198382891,679.51034738166,86173700
2025-12-12,676.1581420898438,683.2196338188487,673.5893968987631,682.5154459360199,113160300
2025-12-15,675.1365966796875,680.1252955149479,673.6687768311533,680.1054404790556,90811000
2025-12-16,673.2918701171875,675.4837328267965,669.4338188610296,673.6488975485244,122030600
2025-12-17,665.8832397460938,674.8489377460819,665.6848710067972,674.3034691132465,110625200
2025-12-18,670.9114990234375,675.1464323222394,669.3544527925658,672.0322187932205,108650100
2025-12-19,676.9923095703125,677.4896664833268,672.8940327515619,673.0134542661981,103599500
2025-12-22,681.2098388671875,681.7370055876305,676.9922622536055,680.3245290528953,69556700
2025-12-23,684.3233032226562,684.562024812114,680.2548972126992,680.3046207584179,64840000
2025-12-24,686.7305297851562,687.1781631452748,684.164151137988,684.313382495532,39445600
2025-12-26,686.660888671875,688.0037280321676,685.6264081645946,686.989161229118,41613300
2025-12-29,684.2138671875,685.5567672531378,682.4433081832867,683.9055083361335,62559500
2025-12-30,683.3782958984375,684.9200900521846,682.9505762759469,683.8159723723246,47160700
2025-12-31,678.3152465820312,683.726492314561,678.1063955310838,683.5076844111845,74144800
2026-01-02,679.55859375,683.2390468658663,676.2263268834449,682.0852055985325,89377200
2026-01-05,684.0845947265625,685.7855773037328,682.7517121374489,682.910839643419,71927200
2026-01-06,688.1529541015625,688.6602678554459,684.1442890432024,684.2934596862484,69273800
2026-01-07,685.9347534179688,690.2916046822218,685.6761181181482,688.5309418430683,75588300
2026-01-08,685.8651123046875,686.9692300361542,683.8557710289468,685.1787573638412,64019200
2026-01-09,690.4010009765625,691.6344363504869,685.5368360184962,686.9791831428475,80125500
2026-01-12,691.4852294921875,692.410366767912,686.979207477028,687.0289310253164,63976000
2026-01-13,690.1026000976562,692.4103433578374,687.6953490317495,691.813478661017,78309700
2026-01-14,686.7105712890625,688.0633674208381,682.4134005947378,687.347202661372,94676700
2026-01-15,688.5806884765625,691.7737417111902,687.5959315038539,690.8983886882239,77862000
2026-01-16,688.0037231445312,690.5800586110835,686.4519720383781,689.9931507530615,79289200
2026-01-20,673.9981689453125,681.1501633341576,672.9934983300664,677.8874730475171,111623300
2026-01-21,681.77685546875,685.0991655259935,674.5452667925615,676.0572511802958,127844500
2026-01-22,685.3379516601562,687.476610793547,683.2888434897402,686.2033478813381,77112200
2026-01-23,685.5865478515625,687.3074439470811,683.5274830754288,684.5123006998919,63059600
2026-01-26,689.068115234375,690.4607389282814,686.2729717064406,686.8399658941375,60473800
2026-01-27,691.8134765625,692.8480177488461,689.9036431059924,690.5104039402848,55506100
2026-01-28,691.7438354492188,694.1510864943795,690.271678492269,693.3652237572153,61172200
2026-01-29,690.3711547851562,693.375209936545,681.2098793986574,692.7087686795362,97486200
2026-01-30,688.3121337890625,690.540343876794,683.4877957603626,688.1330925763239,101835100
2026-02-02,691.73388671875,693.2458711004026,685.7755608588325,685.9347490634862,79286500
2026-02-03,685.885009765625,693.2757257351432,680.4140840721383,692.529690413304,107904600
2026-02-04,682.5626831054688,687.7948875474046,678.1561081391175,686.7006659106327,105204600
2026-02-05,674.0379638671875,680.0758839506523,672.2176206040476,677.3404209861714,113610800
2026-02-06,686.96923828125,688.6503070282812,677.2508650473027,677.8576866055596,89127600
2026-02-09,690.2816162109375,692.1914496038428,684.7012866666231,685.7755337993461,73885200
2026-02-10,688.4613037109375,692.8579216647231,688.0037135108784,691.276360737094,65185700
2026-02-11,688.3021850585938,693.4547952732178,685.5368515439336,692.7087599208829,76353900
2026-02-12,677.668701171875,691.6742279947084,676.7734344520502,690.5701102294341,118829000
2026-02-13,678.1461181640625,682.6522007204912,673.9384983110481,678.0864377658819,96267500
2026-02-17,679.2402954101562,681.31927396984,672.2077222570326,676.5446598627462,81354700
2026-02-18,682.662109375,685.507036973797,679.2204384959671,680.4041503420104,73570300
2026-02-19,680.8616943359375,682.5527199680946,677.9471901363287,680.2251236342836,58649400
2026-02-20,685.7855834960938,686.4122580979458,678.126274472082,678.7131823752115,100034000
2026-02-23,678.7827758789062,686.3525334522094,676.7734345413753,684.1940214696967,90558100
2026-02-24,683.7164916992188,684.7112054782021,676.4053697086953,678.295350173768,73798700
2026-02-25,689.4859008789062,690.0130676270821,686.4519751919497,686.53156929616,56369500
2026-02-26,685.6561889648438,689.6350440416309,680.7323436648176,689.615191050754,71671000
2026-02-27,682.3637084960938,683.2291046432514,678.0367277603054,679.4790749097389,83308900
2026-03-02,682.7516479492188,684.9797970984218,674.4358553343317,675.1122534180175,87477200
2026-03-03,676.7337036132812,679.0016196644848,666.1200629162043,671.4915420947397,105003100
2026-03-04,681.50830078125,683.4579617719511,676.027417786932,678.026802327329,79182200
2026-03-05,677.7084350585938,681.9061587313661,672.0385544367263,678.4743840881955,106606500
2026-03-06,668.8256225585938,672.5358853430707,666.2194774432897,669.8501461298736,100687000
2026-03-09,674.6845092773438,676.3257505242918,658.888450195908,662.8673051642795,102667700
2026-03-10,673.6002807617188,679.7476047325034,671.1930903760745,674.1374043547928,81505300
2026-03-11,672.7548217773438,676.4849986405864,669.7806371390539,673.9982140650914,68441700
2026-03-12,662.5390625,668.0995392824933,662.3500644519811,667.6120785283837,108882200
2026-03-13,658.7890014648438,668.7859240392634,657.863924887251,665.7321452917186,97200200
2026-03-16,665.493408203125,668.5173163233716,663.5934708305671,664.8468199428278,82023100
2026-03-17,667.2440185546875,670.8747480492216,666.1598145596139,668.8355969918504,87128000
2026-03-18,657.9335327148438,666.1796881508768,657.6948111200146,664.8268919718373,82062600
2026-03-19,656.3121337890625,659.4753162945015,651.7066041735543,653.497076818377,111272500
2026-03-20,646.9034423828125,655.0025723674255,643.063298812559,654.8230422006715,163617500
2026-03-23,653.6959228515625,660.9173090129275,652.2596206790361,656.3790129905765,134802700
2026-03-24,651.5015869140625,655.3417305137531,648.2100787416998,649.6463809650626,96457500
2026-03-25,655.1322021484375,659.1917509309695,652.5588148295345,656.9774239230809,90653800
2026-03-26,643.432373046875,653.1672421520028,643.1630473705688,650.3844333840033,96494400
2026-03-27,632.4606323242188,641.0085567819559,631.4831091918358,640.8489947137006,103649400
2026-03-30,630.3460693359375,638.7245091624994,627.6630399662237,638.4651675144013,99275900
2026-03-31,648.6688842773438,649.865752001465,636.3405988140365,637.2981538716512,152534100
2026-04-01,653.5562744140625,656.8278752918841,651.3220400966815,652.219751792706,97841500
2026-04-02,654.144775390625,656.5086804928782,643.4522901873171,644.7589215344626,68358700
2026-04-06,657.23681640625,658.0247645183308,653.8356054757206,654.1746977251443,39105800
2026-04-07,657.5260009765625,657.9150134208243,649.386996170508,654.9626585699763,69980400
2026-04-08,674.27294921875,675.3402070755335,669.734652974974,674.6519776493207,93606100
2026-04-09,678.162841796875,679.4096297331154,672.0386657215836,673.1059235004034,57134400
2026-04-10,677.7140502929688,680.2774536083281,676.7066358948267,679.5692561407437,42253500
2026-04-13,684.3369750976562,684.536473353906,674.8414790590384,675.669302461078,54185800
2026-04-14,692.675537109375,692.7952238870419,685.8929616905456,685.9229138241225,63480500
2026-04-15,698.1414184570312,698.480571570673,692.4161778504387,693.4734516118131,58240400
2026-04-16,699.8569946289062,700.9741726960574,696.7350934539525,699.2585607342904,49972400
2026-04-17,708.3152465820312,710.5594650064761,703.9464965121796,704.3255249385737,70661900
2026-04-20,706.8988037109375,708.0857482546458,704.3254772575062,706.9587079747221,43546800
2026-04-21,702.2708129882812,709.4523240430285,700.8345107773317,708.4548936431559,58941400
2026-04-22,709.3825073242188,709.6218808832724,706.4001392457644,707.3278031045794,42518500
2026-04-23,706.6295776367188,710.5295037064266,700.4754491270062,707.6768673789517,56174000
2026-04-24,712.10546875,712.6340752101273,707.1881441382454,708.9236633096505,45182000
2026-04-27,713.332275390625,713.7911152864904,710.4696550399041,711.3374146094498,33135900
2026-04-28,709.8612060546875,711.0481506026886,707.4274735730012,709.9908768700561,43117400
2026-04-29,709.7515258789062,710.3699278433978,706.5497524472755,709.1729992133655,41859200
2026-04-30,716.8132934570312,717.9403946619685,708.6244289610544,712.7936806635566,67240900
2026-05-01,718.7982177734375,723.0073446973263,718.6186267345964,719.3966516418469,43049800
2026-05-04,716.1649780273438,720.2644021704073,713.152718877996,718.2196821209096,51950600
2026-05-05,721.9102172851562,723.1769124909786,719.6360467603954,719.9153564929043,36933200
2026-05-06,731.9443359375,732.7023927493656,725.9497697512824,726.288861980811,53288900
2026-05-07,729.7001342773438,734.238430329629,727.8748196364371,733.161188473549,51724600
2026-05-08,735.724609375,736.1834492768152,732.6824588199246,733.0415191543954,47227100
2026-05-11,737.4002685546875,738.8864300819614,734.5576163199453,734.5576163199453,44024000
2026-05-12,736.2831420898438,736.9414802248905,729.9494836014034,734.9964788307154,54185300
2026-05-13,740.4025268554688,741.9983910774667,733.5800764180441,736.5723674930287,44200200
2026-05-14,746.2474975585938,747.6040491923611,741.649357949993,741.7391534739264,45307600
2026-05-15,737.2706298828125,741.5496453663399,736.0637780312098,739.8838927249178,60410800
2026-05-18,736.751953125,739.5147938000424,731.5054597381557,737.9289136337939,47843900
2026-05-19,731.8446044921875,735.7545755811656,729.650306265128,732.8919551385734,54255900
2026-05-20,739.3452758789062,739.9636778498481,732.0042028263388,733.8195334397973,45768000
2026-05-21,740.8114624023438,742.9559620700644,735.1361419849363,736.7419902854853,43332200
2026-05-22,743.7239990234375,747.015507083493,742.566945697205,744.3224328967863,41762000
2026-05-26,748.6613159179688,750.1973368284331,746.4469887578754,748.0827892360243,41123600
2026-05-27,748.5316162109375,749.4492351039673,746.2973210478585,748.9505199197505,42106300
2026-05-28,752.6609497070312,753.2095851254732,747.3047533704411,748.3221518516883,41562600
2026-05-29,754.5361328125,756.1320579864754,752.7507543048832,753.9576670103595,55075700
2026-06-01,756.5908203125,758.3264003155792,752.7507376917755,753.4189990020213,43634900
2026-06-02,757.6182250976562,758.4461093852723,754.805464031348,755.0847737682097,31581900
2026-06-03,752.3018798828125,756.8501599793441,751.6336185743088,756.2018667594974,51402500
2026-06-04,755.1445922851562,756.3614281257201,749.5389775481502,750.1673635570705,49923000
2026-06-05,735.65478515625,750.8855669656407,733.6400171295905,750.3768677170906,93989400
2026-06-08,737.3204345703125,743.4247643242134,736.2931129658897,741.4498108327123,49319100
2026-06-09,735.1560668945312,744.9807928982774,720.7332622187009,741.7191759970133,87683500
2026-06-10,723.56591796875,736.4826536495077,723.4661992814284,731.5054857614351,60341300
2026-06-11,735.8642578125,738.0984921563339,722.5485255148498,726.8873842592473,86330500
2026-06-12,739.843994140625,742.5270843334097,733.1412911200548,738.8066884479139,57079500
2026-06-15,752.890380859375,754.7356026867302,749.8282623277308,749.9179969688896,60176400
2026-06-16,748.4019775390625,753.4988323298886,747.9531216783239,752.6111046530555,67093100
2026-06-17,739.0560302734375,750.217278570044,737.3204502885575,749.3594421826946,85945200
2026-06-18,746.739990234375,748.22998046875,743.8599853515625,747.760009765625,80875700
2026-06-22,744.3900146484375,750.1799926757812,743.1300048828125,747.7000122070312,46628100
2026-06-23,733.5800170898438,739.6300048828125,732.2999877929688,733.8099975585938,66846800
2026-06-24,733.239990234375,739.9500122070312,730.8400268554688,735.1699829101562,57439500
2026-06-25,734.2999877929688,739.3699951171875,729.5999755859375,738.9099731445312,53934400
2026-06-26,728.989990234375,736.530029296875,716.5800170898438,728.9500122070312,71034000
2026-06-29,741.0,741.5599975585938,732.0900268554688,736.530029296875,58035200
2026-06-30,746.77001953125,748.02001953125,740.8900146484375,741.2899780273438,55626000
2026-07-01,745.760009765625,749.4400024414062,742.3800048828125,745.0,47100900
2026-07-02,744.780029296875,751.3099975585938,740.030029296875,747.4000244140625,57447800
2026-07-06,751.280029296875,752.4099731445312,747.4099731445312,748.739990234375,50673300
2026-07-07,747.7100219726562,750.9600219726562,745.2100219726562,750.219970703125,43721500
2026-07-08,745.4000244140625,746.1500244140625,739.510009765625,743.1599731445312,43767400
2026-07-09,751.7100219726562,751.969970703125,745.5900268554688,747.3499755859375,41441700
2026-07-10,754.9500122070312,755.4199829101562,748.0999755859375,752.0499877929688,42191300
2026-07-13,749.1699829101562,753.9099731445312,748.0,752.469970703125,44013600
2026-07-14,751.8300170898438,753.3400268554688,748.6599731445312,750.9099731445312,35143100
2026-07-15,754.8099975585938,755.5800170898438,750.2000122070312,754.239990234375,43844800
2026-07-16,750.719970703125,754.5700073242188,747.8800048828125,752.760009765625,46409800
2026-07-17,743.2899780273438,747.2899780273438,740.7999877929688,742.0800170898438,62651000
2026-07-20,742.0900268554688,748.72998046875,741.510009765625,747.0599975585938,50422300
2026-07-21,748.280029296875,749.0399780273438,744.1799926757812,746.2899780273438,34324300
2026-07-22,747.4099731445312,750.02001953125,746.3699951171875,746.6199951171875,32836200
2026-07-23,738.1799926757812,742.5599975585938,735.2100219726562,739.3699951171875,55437300
2026-07-24,738.9299926757812,743.719970703125,737.2899780273438,738.510009765625,44782000
2026-07-27,739.0900268554688,745.530029296875,735.8699951171875,744.9099731445312,41461200
2026-07-28,740.8599853515625,742.7899780273438,735.97998046875,739.1900024414062,47322200
2026-07-29,729.4600219726562,742.6799926757812,729.0999755859375,739.969970703125,70697200
2026-07-30,741.6900024414062,742.4500122070312,734.5900268554688,736.0499877929688,66811300
2026-07-31,747.030029296875,748.9000244140625,737.6799926757812,744.6799926757812,62445900
2026-08-03,757.6699829101562,758.5800170898438,748.7999877929688,749.4400024414062,59927500
2026-08-04,771.3300170898438,773.4099731445312,760.52001953125,760.6300048828125,69154800
2026-08-05,769.7899780273438,776.8499755859375,769.510009765625,775.8499755859375,44689100
2026-08-06,768.5599975585938,771.8200073242188,767.4600219726562,770.2100219726562,38416900
2026-08-07,773.260009765625,773.9199829101562,769.6099853515625,771.02001953125,43586300
2026-08-10,773.030029296875,775.0499877929688,771.6199951171875,772.5999755859375,39249500
2026-08-11,770.5599975585938,774.6099853515625,769.2000122070312,774.530029296875,36740600
2026-08-12,772.489990234375,774.9000244140625,771.280029296875,774.7100219726562,33179100
2026-08-13,777.8800048828125,779.3699951171875,774.1099853515625,774.8699951171875,35634500
2026-08-14,776.3400268554688,778.7999877929688,775.4299926757812,778.5399780273438,31367900
2026-08-17,772.6699829101562,776.780029296875,772.510009765625,776.1799926757812,34356600
2026-08-18,767.4500122070312,769.5,766.9199829101562,768.7000122070312,43920900
2026-08-19,769.0599975585938,772.469970703125,768.0999755859375,770.3599853515625,40306000
2026-08-20,762.5999755859375,768.1500244140625,762.0399780273438,765.9600219726562,45520300
2026-08-21,765.719970703125,767.8499755859375,764.1699829101562,766.0499877929688,39188700
2026-08-24,763.469970703125,765.219970703125,762.0800170898438,764.780029296875,32430900
2026-08-25,765.9099731445312,766.780029296875,763.0499877929688,766.1599731445312,27422300
2026-08-26,766.0800170898438,767.3499755859375,763.9299926757812,764.72998046875,28751600
2026-08-27,771.0999755859375,772.3599853515625,767.1599731445312,768.5,34557100
2026-08-28,769.3499755859375,775.2999877929688,768.3099975585938,771.760009765625,36744300
2026-08-31,767.0499877929688,768.0,764.719970703125,767.3300170898438,38810800
2026-09-01,761.780029296875,764.6699829101562,759.47998046875,762.010009765625,41126300
2026-09-02,765.1599731445312,766.4299926757812,761.72998046875,762.4500122070312,29566200
2026-09-03,773.1699829101562,774.030029296875,767.4500122070312,767.9000244140625,43531600
2026-09-04,770.1900024414062,772.8699951171875,769.0,772.010009765625,34054200
2026-09-08,765.9600219726562,769.7000122070312,765.1400146484375,769.0700073242188,44746100
2026-09-09,762.4000244140625,764.469970703125,760.9400024414062,764.0800170898438,32812400
2026-09-10,757.8300170898438,760.1099853515625,756.6400146484375,758.030029296875,42740400
2026-09-11,764.2899780273438,766.3800048828125,763.5999755859375,764.719970703125,45512700
2026-09-14,760.8800048828125,763.52001953125,757.9299926757812,759.0,43992400
2026-09-15,757.3900146484375,760.3499755859375,756.1500244140625,760.1199951171875,46195000
2026-09-16,754.0499877929688,761.6699829101562,749.5999755859375,759.5,59217700
2026-09-17,762.5999755859375,763.5700073242188,759.9600219726562,763.1500244140625,49610800
