Datetime,Close,High,Low,Open,Volume
2024-09-18 09:30:00-04:00,563.1300048828125,563.9299926757812,562.1300048828125,563.739990234375,5640231
2024-09-18 10:30:00-04:00,562.760009765625,563.3499755859375,562.25,563.1199951171875,2987248
2024-09-18 11:30:00-04:00,563.003173828125,563.0700073242188,561.3400268554688,562.75,4068927
2024-09-18 12:30:00-04:00,563.719970703125,563.72998046875,562.8099975585938,563.0189819335938,3234896
2024-09-18 13:30:00-04:00,565.9000244140625,568.6900024414062,561.7999877929688,563.7100219726562,14059731
2024-09-18 14:30:00-04:00,564.9400024414062,566.97998046875,561.6099853515625,565.9299926757812,13819171
2024-09-18 15:30:00-04:00,561.3400268554688,565.530029296875,560.8300170898438,564.9400024414062,8516046
2024-09-19 09:30:00-04:00,571.3499755859375,571.3800048828125,568.0800170898438,571.010009765625,15326814
2024-09-19 10:30:00-04:00,570.8991088867188,571.8900146484375,569.4299926757812,571.5,9603307
2024-09-19 11:30:00-04:00,571.6799926757812,571.8200073242188,570.0499877929688,570.9000244140625,4511510
2024-09-19 12:30:00-04:00,571.8599243164062,572.0850219726562,571.1900024414062,571.6699829101562,5659467
2024-09-19 13:30:00-04:00,572.0,572.8800048828125,570.8900146484375,571.85498046875,6346185
2024-09-19 14:30:00-04:00,571.1699829101562,572.25,570.6699829101562,572.0,8443074
2024-09-19 15:30:00-04:00,570.9199829101562,571.780029296875,570.3499755859375,571.1699829101562,13481518
2024-09-20 09:30:00-04:00,567.219970703125,568.4957885742188,566.4099731445312,567.8400268554688,14137567
2024-09-20 10:30:00-04:00,565.989990234375,567.760009765625,565.1699829101562,567.22998046875,12680802
2024-09-20 11:30:00-04:00,567.9500122070312,568.0001220703125,565.7100219726562,565.97998046875,4603647
2024-09-20 12:30:00-04:00,568.219970703125,568.530029296875,567.6699829101562,567.9099731445312,5486097
2024-09-20 13:30:00-04:00,566.6199951171875,568.6455078125,566.4099731445312,568.2249755859375,6995501
2024-09-20 14:30:00-04:00,568.239990234375,568.6900024414062,566.0900268554688,566.5999755859375,7136365
2024-09-20 15:30:00-04:00,568.0999755859375,569.3099975585938,567.7999877929688,568.2349853515625,10705851
2024-09-23 09:30:00-04:00,569.7899780273438,570.33251953125,568.25,569.3400268554688,6921524
2024-09-23 10:30:00-04:00,569.7349853515625,570.0900268554688,568.72998046875,569.7999877929688,3465602
2024-09-23 11:30:00-04:00,568.9400024414062,570.1500244140625,568.3599853515625,569.739990234375,2894440
2024-09-23 12:30:00-04:00,568.7799072265625,569.2000122070312,568.0999755859375,568.9400024414062,3918972
2024-09-23 13:30:00-04:00,569.239990234375,569.5,568.5800170898438,568.8099975585938,2458461
2024-09-23 14:30:00-04:00,569.510009765625,569.5900268554688,569.0524291992188,569.380126953125,4176963
2024-09-23 15:30:00-04:00,569.6199951171875,569.9099731445312,569.1300048828125,569.510009765625,5126994
2024-09-24 09:30:00-04:00,568.2783813476562,570.5499877929688,567.7100219726562,570.47998046875,8270767
2024-09-24 10:30:00-04:00,569.8505249023438,570.0698852539062,567.5999755859375,568.280029296875,4363304
2024-09-24 11:30:00-04:00,570.5050048828125,571.0700073242188,569.72998046875,569.8699951171875,5671919
2024-09-24 12:30:00-04:00,570.6099853515625,571.2000122070312,570.27001953125,570.5,2121281
2024-09-24 13:30:00-04:00,570.2324829101562,571.010009765625,570.0700073242188,570.6099853515625,2225025
2024-09-24 14:30:00-04:00,570.639892578125,570.75,569.4299926757812,570.25,4698998
2024-09-24 15:30:00-04:00,571.239990234375,571.3599853515625,570.3800048828125,570.6400146484375,9698552
2024-09-25 09:30:00-04:00,571.0999145507812,571.8900146484375,570.8599853515625,571.1400146484375,7315079
2024-09-25 10:30:00-04:00,570.77001953125,571.4197998046875,570.5999755859375,571.0999755859375,3736068
2024-09-25 11:30:00-04:00,570.6400146484375,571.25,570.260009765625,570.75,3892745
2024-09-25 12:30:00-04:00,569.75,570.6400146484375,569.0999755859375,570.6300048828125,4085985
2024-09-25 13:30:00-04:00,570.2000122070312,570.3800048828125,568.9099731445312,569.719970703125,4094174
2024-09-25 14:30:00-04:00,569.864990234375,570.280029296875,569.7000122070312,570.1699829101562,3040842
2024-09-25 15:30:00-04:00,570.0,570.1400146484375,569.3300170898438,569.8350219726562,5773920
2024-09-26 09:30:00-04:00,572.6240234375,574.7100219726562,572.4299926757812,574.3800048828125,8960721
2024-09-26 10:30:00-04:00,571.3399047851562,573.4400024414062,570.9000244140625,572.6500244140625,6367140
2024-09-26 11:30:00-04:00,571.2498779296875,572.5701293945312,570.97998046875,571.0999145507812,3544384
2024-09-26 12:30:00-04:00,571.0900268554688,571.4298706054688,569.9000244140625,571.239990234375,4450097
2024-09-26 13:30:00-04:00,572.4199829101562,572.72998046875,571.0700073242188,571.0999755859375,6026284
2024-09-26 14:30:00-04:00,572.1199951171875,572.469970703125,571.9400024414062,572.4099731445312,4260770
2024-09-26 15:30:00-04:00,572.25,572.75,571.8200073242188,572.1199951171875,6179189
2024-09-27 09:30:00-04:00,573.8499755859375,574.219970703125,572.6400146484375,573.3900146484375,7715727
2024-09-27 10:30:00-04:00,573.28271484375,573.9509887695312,572.9199829101562,573.85498046875,3838380
2024-09-27 11:30:00-04:00,572.22998046875,573.3099975585938,571.8499755859375,573.2974853515625,3588032
2024-09-27 12:30:00-04:00,571.7750244140625,572.7100219726562,571.7501831054688,572.230712890625,2859981
2024-09-27 13:30:00-04:00,571.2050170898438,572.6500244140625,571.1799926757812,571.77001953125,3212030
2024-09-27 14:30:00-04:00,571.9771118164062,572.3900146484375,570.4199829101562,571.2100219726562,5756445
2024-09-27 15:30:00-04:00,571.4099731445312,572.1143188476562,571.3200073242188,571.969970703125,6649904
2024-09-30 09:30:00-04:00,570.9199829101562,571.489990234375,570.25,570.510009765625,5044665
2024-09-30 10:30:00-04:00,571.5599975585938,571.760009765625,570.864990234375,570.9199829101562,3463165
2024-09-30 11:30:00-04:00,571.8800048828125,572.260009765625,570.7310791015625,571.72998046875,6676861
2024-09-30 12:30:00-04:00,571.0693969726562,571.9600219726562,570.9099731445312,571.8699951171875,2462948
2024-09-30 13:30:00-04:00,569.290771484375,571.7100219726562,568.22998046875,571.0399780273438,6937007
2024-09-30 14:30:00-04:00,570.8900146484375,571.1799926757812,568.72998046875,569.2899780273438,8100339
2024-09-30 15:30:00-04:00,574.02001953125,574.3800048828125,570.7999877929688,570.8972778320312,15168854
2024-10-01 09:30:00-04:00,567.4600219726562,573.4600219726562,566.77001953125,573.4000244140625,17040043
2024-10-01 10:30:00-04:00,567.9199829101562,568.7899780273438,566.0,567.47998046875,9037601
2024-10-01 11:30:00-04:00,568.77001953125,569.5999755859375,567.6599731445312,567.9099731445312,8894710
2024-10-01 12:30:00-04:00,566.4400024414062,568.9000244140625,566.27001953125,568.760009765625,9651683
2024-10-01 13:30:00-04:00,570.47998046875,570.6998901367188,566.27001953125,566.4400024414062,8544883
2024-10-01 14:30:00-04:00,570.2600708007812,570.9299926757812,569.5800170898438,570.489990234375,5280983
2024-10-01 15:30:00-04:00,568.6900024414062,570.2750244140625,568.3800048828125,570.2750244140625,6504782
2024-10-02 09:30:00-04:00,568.3599853515625,568.8800048828125,565.27001953125,567.7100219726562,9602314
2024-10-02 10:30:00-04:00,569.52001953125,569.8300170898438,567.97998046875,568.3300170898438,5511553
2024-10-02 11:30:00-04:00,569.489990234375,569.9000244140625,568.8200073242188,569.5399780273438,3079887
2024-10-02 12:30:00-04:00,568.4299926757812,569.47998046875,567.7000122070312,569.47998046875,2935881
2024-10-02 13:30:00-04:00,568.4694213867188,569.3699951171875,567.5700073242188,568.3499755859375,2931861
2024-10-02 14:30:00-04:00,569.2100219726562,569.3400268554688,568.2100219726562,568.469970703125,4091886
2024-10-02 15:30:00-04:00,568.8499755859375,569.4600219726562,568.7000122070312,569.219970703125,5025068
2024-10-03 09:30:00-04:00,567.169921875,569.802490234375,566.77001953125,567.3599853515625,8994309
2024-10-03 10:30:00-04:00,567.4749145507812,568.489990234375,566.239990234375,567.1500244140625,4517151
2024-10-03 11:30:00-04:00,568.7000122070312,569.1599731445312,567.4400024414062,567.4400024414062,2230945
2024-10-03 12:30:00-04:00,566.469970703125,568.7100219726562,565.489990234375,568.7081298828125,6161439
2024-10-03 13:30:00-04:00,567.010009765625,567.4199829101562,566.0501098632812,566.4600219726562,4699261
2024-10-03 14:30:00-04:00,566.530029296875,567.25,566.0499877929688,566.989990234375,3649827
2024-10-03 15:30:00-04:00,567.780029296875,568.27001953125,566.4400024414062,566.5499877929688,6404739
2024-10-04 09:30:00-04:00,568.8699951171875,572.7100219726562,568.3499755859375,572.3499755859375,12064616
2024-10-04 10:30:00-04:00,568.780029296875,570.72998046875,568.0999755859375,568.5800170898438,5120153
2024-10-04 11:30:00-04:00,569.8049926757812,570.780029296875,568.280029296875,568.780029296875,3217279
2024-10-04 12:30:00-04:00,571.0499877929688,571.5700073242188,569.5399780273438,569.7999877929688,3364991
2024-10-04 13:30:00-04:00,570.7849731445312,571.5499877929688,569.5800170898438,571.0499877929688,4059947
2024-10-04 14:30:00-04:00,572.0399780273438,572.1900024414062,570.5800170898438,570.780029296875,3623727
2024-10-04 15:30:00-04:00,572.9199829101562,573.3599853515625,571.8958129882812,571.9600219726562,6750776
2024-10-07 09:30:00-04:00,571.5,571.9598999023438,570.530029296875,571.2999877929688,8203813
2024-10-07 10:30:00-04:00,571.6500244140625,571.7799072265625,570.6199951171875,571.510009765625,4949899
2024-10-07 11:30:00-04:00,570.9608764648438,571.739990234375,570.1199951171875,571.6500244140625,3066903
2024-10-07 12:30:00-04:00,570.3699951171875,571.0007934570312,570.2689208984375,570.969970703125,2236376
2024-10-07 13:30:00-04:00,569.5499877929688,570.5499877929688,569.5,570.3499755859375,3512280
2024-10-07 14:30:00-04:00,567.8800048828125,569.5399780273438,566.6300048828125,569.5399780273438,7575952
2024-10-07 15:30:00-04:00,567.8099975585938,568.6798706054688,566.77001953125,567.8800048828125,10976980
2024-10-08 09:30:00-04:00,570.8599853515625,571.3499755859375,569.5299072265625,570.4199829101562,8616207
2024-10-08 10:30:00-04:00,571.8400268554688,572.5499877929688,570.7449951171875,570.8499755859375,6370084
2024-10-08 11:30:00-04:00,572.030029296875,572.3300170898438,571.4000244140625,571.8499755859375,3063200
2024-10-08 12:30:00-04:00,571.219970703125,572.239990234375,570.5499877929688,572.02001953125,3016048
2024-10-08 13:30:00-04:00,571.9500732421875,572.0399780273438,571.10498046875,571.219970703125,1695615
2024-10-08 14:30:00-04:00,572.8599853515625,573.0399780273438,571.75,571.9500122070312,3690083
2024-10-08 15:30:00-04:00,573.1099853515625,573.780029296875,572.739990234375,572.8599853515625,7334708
2024-10-09 09:30:00-04:00,574.1099853515625,574.4400024414062,572.5499877929688,573.1599731445312,5798668
2024-10-09 10:30:00-04:00,575.7100219726562,575.9400024414062,573.9500122070312,574.0999755859375,4574646
2024-10-09 11:30:00-04:00,576.2570190429688,577.0599975585938,575.7000732421875,575.7200927734375,4626014
2024-10-09 12:30:00-04:00,576.4801025390625,576.6099243164062,575.6300048828125,576.260009765625,2710975
2024-10-09 13:30:00-04:00,576.4000244140625,576.8499755859375,575.0,576.469970703125,3167242
2024-10-09 14:30:00-04:00,576.7133178710938,576.8099975585938,575.719970703125,576.3800048828125,3857113
2024-10-09 15:30:00-04:00,577.1199951171875,577.7100219726562,576.6900024414062,576.7100219726562,8599143
2024-10-10 09:30:00-04:00,575.9500122070312,576.6494750976562,574.5599975585938,575.77001953125,10179350
2024-10-10 10:30:00-04:00,576.2940063476562,576.5599975585938,575.1300048828125,575.9500122070312,4365433
2024-10-10 11:30:00-04:00,577.1693725585938,577.5800170898438,575.882080078125,576.2899780273438,4194139
2024-10-10 12:30:00-04:00,576.3699951171875,577.2050170898438,575.260009765625,577.1699829101562,5555580
2024-10-10 13:30:00-04:00,575.3800048828125,576.6749877929688,574.77001953125,576.3800048828125,3874903
2024-10-10 14:30:00-04:00,575.39501953125,575.510009765625,574.489990234375,575.3699951171875,3794232
2024-10-10 15:30:00-04:00,576.10498046875,576.5399780273438,575.2999877929688,575.3800048828125,4967864
2024-10-11 09:30:00-04:00,579.780029296875,580.094970703125,575.989990234375,576.0800170898438,8860622
2024-10-11 10:30:00-04:00,579.1799926757812,580.0,578.7000122070312,579.760009765625,5501098
2024-10-11 11:30:00-04:00,578.75,579.6500244140625,578.4299926757812,579.1900024414062,2993815
2024-10-11 12:30:00-04:00,578.869873046875,579.0800170898438,578.0700073242188,578.739990234375,2916315
2024-10-11 13:30:00-04:00,579.4600219726562,579.9000244140625,578.6536865234375,578.8599853515625,2439273
2024-10-11 14:30:00-04:00,580.0595092773438,580.3300170898438,578.7899780273438,579.469970703125,4205929
2024-10-11 15:30:00-04:00,579.5499877929688,580.3200073242188,579.4600219726562,580.0549926757812,6601510
2024-10-14 09:30:00-04:00,583.4299926757812,583.6099243164062,580.7899780273438,581.219970703125,7318735
2024-10-14 10:30:00-04:00,582.7847900390625,583.780029296875,582.2999877929688,583.4299926757812,3736050
2024-10-14 11:30:00-04:00,583.7299194335938,583.9000244140625,582.5399780273438,582.7999877929688,2164618
2024-10-14 12:30:00-04:00,583.7799072265625,584.1400146484375,583.5999755859375,583.719970703125,1955655
2024-10-14 13:30:00-04:00,584.0399780273438,584.1900024414062,583.3099975585938,583.77001953125,1915888
2024-10-14 14:30:00-04:00,584.5399780273438,584.6400146484375,584.0,584.0399780273438,4537293
2024-10-14 15:30:00-04:00,584.2899780273438,585.27001953125,584.0700073242188,584.530029296875,9424058
2024-10-15 09:30:00-04:00,583.2576293945312,584.9000244140625,583.2576293945312,584.5900268554688,7415332
2024-10-15 10:30:00-04:00,582.3200073242188,583.3099975585938,581.2899780273438,583.239990234375,8683816
2024-10-15 11:30:00-04:00,582.1199951171875,582.6500244140625,581.25,582.3200073242188,4244797
2024-10-15 12:30:00-04:00,581.0800170898438,582.5499877929688,580.8200073242188,582.1400146484375,3052446
2024-10-15 13:30:00-04:00,580.5399780273438,581.75,580.3599853515625,581.0700073242188,3942091
2024-10-15 14:30:00-04:00,579.3099975585938,580.780029296875,578.8800048828125,580.5399780273438,5927784
2024-10-15 15:30:00-04:00,579.8099975585938,580.1950073242188,578.5449829101562,579.3400268554688,10948493
2024-10-16 09:30:00-04:00,580.8099975585938,581.1500854492188,578.9600219726562,579.780029296875,6240068
2024-10-16 10:30:00-04:00,580.5999755859375,581.0299072265625,579.469970703125,580.8200073242188,3245591
2024-10-16 11:30:00-04:00,580.8298950195312,580.9600219726562,580.0399780273438,580.5966796875,2710178
2024-10-16 12:30:00-04:00,581.1699829101562,581.6199951171875,580.6950073242188,580.8499755859375,2378710
2024-10-16 13:30:00-04:00,582.6192016601562,582.7550048828125,581.1400146484375,581.1799926757812,2642388
2024-10-16 14:30:00-04:00,582.3599853515625,582.8300170898438,582.1099853515625,582.6099853515625,3456611
2024-10-16 15:30:00-04:00,582.239990234375,582.530029296875,582.0999755859375,582.3599853515625,6372452
2024-10-17 09:30:00-04:00,583.8699951171875,586.1199951171875,582.844970703125,585.9099731445312,8815021
2024-10-17 10:30:00-04:00,584.02001953125,584.0590209960938,582.3699951171875,583.8599853515625,3608011
2024-10-17 11:30:00-04:00,584.2899780273438,585.0,583.8800048828125,584.2249755859375,2281761
2024-10-17 12:30:00-04:00,584.2150268554688,584.719970703125,583.72998046875,584.27001953125,1889322
2024-10-17 13:30:00-04:00,582.640380859375,584.7000122070312,582.47998046875,584.2100219726562,3110072
2024-10-17 14:30:00-04:00,582.5800170898438,583.4000244140625,582.4199829101562,582.6329956054688,3320538
2024-10-17 15:30:00-04:00,582.280029296875,582.739990234375,582.1599731445312,582.5800170898438,6723675
2024-10-18 09:30:00-04:00,583.47119140625,584.219970703125,582.5800170898438,584.0700073242188,6038203
2024-10-18 10:30:00-04:00,584.2501220703125,584.3300170898438,583.0599975585938,583.4910888671875,11220879
2024-10-18 11:30:00-04:00,584.1500244140625,584.469970703125,583.6901245117188,584.260009765625,2554403
2024-10-18 12:30:00-04:00,584.6199951171875,585.25,584.1099853515625,584.1699829101562,2765400
2024-10-18 13:30:00-04:00,585.1798706054688,585.3900146484375,583.8400268554688,584.6300048828125,3270853
2024-10-18 14:30:00-04:00,584.4600219726562,585.25,584.219970703125,585.1799926757812,2773937
2024-10-18 15:30:00-04:00,584.5700073242188,584.780029296875,584.0599975585938,584.4600219726562,4299962
2024-10-21 09:30:00-04:00,583.9199829101562,584.8499755859375,583.739990234375,583.8499755859375,5682310
2024-10-21 10:30:00-04:00,580.8300170898438,583.969970703125,580.6699829101562,583.9299926757812,7025204
2024-10-21 11:30:00-04:00,582.1701049804688,582.6300048828125,580.60009765625,580.8400268554688,4070194
2024-10-21 12:30:00-04:00,582.9099731445312,583.1900024414062,581.9000244140625,582.2399291992188,2381759
2024-10-21 13:30:00-04:00,582.6422729492188,583.3800048828125,582.3499755859375,582.9299926757812,2507826
2024-10-21 14:30:00-04:00,582.9299926757812,583.2000122070312,582.1701049804688,582.6500244140625,2792388
2024-10-21 15:30:00-04:00,583.6699829101562,583.72998046875,582.2899780273438,582.9000244140625,5498195
2024-10-22 09:30:00-04:00,581.4099731445312,582.239990234375,580.3800048828125,581.0499877929688,6641290
2024-10-22 10:30:00-04:00,582.0780029296875,582.27001953125,581.02001953125,581.4299926757812,3535831
2024-10-22 11:30:00-04:00,581.760009765625,582.3499755859375,581.5700073242188,582.1898803710938,2203413
2024-10-22 12:30:00-04:00,582.6599731445312,582.7100219726562,581.7000122070312,581.760009765625,1833439
2024-10-22 13:30:00-04:00,583.6799926757812,584.5,582.630126953125,582.6699829101562,5398674
2024-10-22 14:30:00-04:00,583.6400146484375,583.7100219726562,582.8499755859375,583.6900024414062,3000807
2024-10-22 15:30:00-04:00,583.3200073242188,584.260009765625,583.22998046875,583.6500244140625,4491637
2024-10-23 09:30:00-04:00,580.9921264648438,581.5599975585938,580.0999755859375,581.52001953125,5822544
2024-10-23 10:30:00-04:00,578.89990234375,581.6400146484375,578.8300170898438,580.989990234375,4807928
2024-10-23 11:30:00-04:00,578.1986083984375,579.8980712890625,578.0900268554688,578.8800048828125,3893783
2024-10-23 12:30:00-04:00,577.0,578.8350219726562,576.530029296875,578.0800170898438,5448488
2024-10-23 13:30:00-04:00,575.510009765625,576.97998046875,574.4149780273438,576.9700927734375,6452625
2024-10-23 14:30:00-04:00,577.280029296875,577.5499877929688,575.4000244140625,575.510009765625,7481003
2024-10-23 15:30:00-04:00,577.9299926757812,578.1300048828125,577.0800170898438,577.2899780273438,7714967
2024-10-24 09:30:00-04:00,578.9299926757812,580.0599975585938,578.6199951171875,579.97998046875,7059462
2024-10-24 10:30:00-04:00,578.6500244140625,579.8300170898438,578.25,578.9249877929688,3019840
2024-10-24 11:30:00-04:00,578.010009765625,578.7100219726562,576.5700073242188,578.6099853515625,3859424
2024-10-24 12:30:00-04:00,579.0499877929688,579.5089721679688,578.0150146484375,578.02001953125,2858107
2024-10-24 13:30:00-04:00,578.8800048828125,579.5601196289062,578.0701293945312,579.0499877929688,2510261
2024-10-24 14:30:00-04:00,579.4400024414062,579.5371704101562,578.25,578.8900146484375,3389197
2024-10-24 15:30:00-04:00,579.1799926757812,579.885009765625,579.0001220703125,579.4400024414062,5692343
2024-10-25 09:30:00-04:00,584.1749877929688,584.4600219726562,581.469970703125,581.510009765625,8583773
2024-10-25 10:30:00-04:00,582.5,584.3200073242188,582.3200073242188,584.1599731445312,4621778
2024-10-25 11:30:00-04:00,582.7000122070312,582.760009765625,581.7031860351562,582.47998046875,4000281
2024-10-25 12:30:00-04:00,580.4500122070312,582.7999877929688,580.010009765625,582.739990234375,3952657
2024-10-25 13:30:00-04:00,579.8300170898438,580.5700073242188,578.0800170898438,580.25,6592733
2024-10-25 14:30:00-04:00,579.510009765625,580.52001953125,579.010009765625,579.8400268554688,3776882
2024-10-25 15:30:00-04:00,579.0150146484375,579.7000122070312,578.5399780273438,579.5,6576322
2024-10-28 09:30:00-04:00,582.4099731445312,582.7100219726562,581.239990234375,582.5800170898438,7213735
2024-10-28 10:30:00-04:00,581.5900268554688,582.5,581.22998046875,582.4000244140625,2727818
2024-10-28 11:30:00-04:00,581.5349731445312,581.719970703125,580.5700073242188,581.5800170898438,2221715
2024-10-28 12:30:00-04:00,581.3300170898438,581.639892578125,580.5999755859375,581.5399780273438,2952664
2024-10-28 13:30:00-04:00,581.3200073242188,581.8699951171875,581.2449951171875,581.3599853515625,2785104
2024-10-28 14:30:00-04:00,581.4525146484375,581.780029296875,580.7899780273438,581.3300170898438,2833673
2024-10-28 15:30:00-04:00,580.77001953125,581.7098999023438,580.52001953125,581.47998046875,6280965
2024-10-29 09:30:00-04:00,580.4650268554688,581.8499755859375,578.4299926757812,579.8499755859375,7563013
2024-10-29 10:30:00-04:00,581.0,581.6099853515625,580.4201049804688,580.469970703125,8592626
2024-10-29 11:30:00-04:00,581.3900146484375,582.0,580.739990234375,581.0399780273438,2093661
2024-10-29 12:30:00-04:00,582.0098876953125,582.77001953125,580.8300170898438,581.3800048828125,3105038
2024-10-29 13:30:00-04:00,582.3599853515625,582.3599853515625,581.510009765625,582.010009765625,2290586
2024-10-29 14:30:00-04:00,582.8400268554688,582.906982421875,582.2999877929688,582.3499755859375,3747655
2024-10-29 15:30:00-04:00,581.7050170898438,582.89501953125,581.3400268554688,582.8150024414062,7417361
2024-10-30 09:30:00-04:00,582.7089233398438,582.9000244140625,579.2899780273438,581.2899780273438,7505829
2024-10-30 10:30:00-04:00,582.8499755859375,582.9600219726562,581.5900268554688,582.7100219726562,3559267
2024-10-30 11:30:00-04:00,582.489990234375,583.3200073242188,582.3900146484375,582.85009765625,2284474
2024-10-30 12:30:00-04:00,581.52001953125,582.5999755859375,581.4600219726562,582.4600219726562,3109763
2024-10-30 13:30:00-04:00,581.1300048828125,581.8099975585938,580.2899780273438,581.4400024414062,3446308
2024-10-30 14:30:00-04:00,580.5701293945312,581.4340209960938,580.1400146484375,581.1099853515625,4485033
2024-10-30 15:30:00-04:00,579.9600219726562,580.75,579.3800048828125,580.5700073242188,8955583
2024-10-31 09:30:00-04:00,571.989990234375,575.6300048828125,571.77001953125,575.5599975585938,11128418
2024-10-31 10:30:00-04:00,571.0800170898438,572.5399780273438,570.2750244140625,571.969970703125,6925262
2024-10-31 11:30:00-04:00,571.5,571.9099731445312,570.1099853515625,571.0850219726562,4857257
2024-10-31 12:30:00-04:00,571.176513671875,571.989990234375,571.0399780273438,571.47998046875,2448969
2024-10-31 13:30:00-04:00,570.4901123046875,571.1898803710938,569.9199829101562,571.0499877929688,3732994
2024-10-31 14:30:00-04:00,571.1749877929688,571.739990234375,569.7100219726562,570.5,7231289
2024-10-31 15:30:00-04:00,568.5700073242188,572.0,568.4400024414062,571.1799926757812,10434402
2024-11-01 09:30:00-04:00,575.4600219726562,575.5003051757812,570.6799926757812,571.3200073242188,10853991
2024-11-01 10:30:00-04:00,575.2000122070312,575.5499877929688,572.8599853515625,575.5,6287159
2024-11-01 11:30:00-04:00,573.3699951171875,575.27001953125,573.2999877929688,575.2000122070312,2832937
2024-11-01 12:30:00-04:00,573.7000122070312,574.239990234375,572.1500244140625,573.6799926757812,2635777
2024-11-01 13:30:00-04:00,571.9201049804688,573.75,571.1400146484375,573.6799926757812,3716106
2024-11-01 14:30:00-04:00,571.74951171875,572.9400024414062,571.7000122070312,571.77001953125,3821032
2024-11-01 15:30:00-04:00,571.02001953125,572.239990234375,570.6199951171875,571.739990234375,7784087
2024-11-04 09:30:00-05:00,572.1099243164062,572.5,569.27001953125,571.1799926757812,5624924
2024-11-04 10:30:00-05:00,571.1099853515625,572.219970703125,571.0203857421875,572.0900268554688,5091903
2024-11-04 11:30:00-05:00,570.010009765625,571.1799926757812,567.8900146484375,571.1099853515625,4733802
2024-11-04 12:30:00-05:00,570.5499877929688,571.0900268554688,569.2324829101562,569.97998046875,3296834
2024-11-04 13:30:00-05:00,570.3302001953125,571.27001953125,570.2600708007812,570.52001953125,2922060
2024-11-04 14:30:00-05:00,570.239990234375,571.0700073242188,569.9400024414062,570.3200073242188,3121731
2024-11-04 15:30:00-05:00,569.780029296875,570.27001953125,569.1699829101562,570.22998046875,7673271
2024-11-05 09:30:00-05:00,574.010009765625,574.780029296875,570.52001953125,570.739990234375,7820983
2024-11-05 10:30:00-05:00,574.7100219726562,575.2100219726562,573.5454711914062,574.1900024414062,5423678
2024-11-05 11:30:00-05:00,575.6699829101562,576.2100219726562,574.7100219726562,574.7100219726562,3252173
2024-11-05 12:30:00-05:00,575.3800048828125,576.4299926757812,575.330078125,575.6640014648438,3969752
2024-11-05 13:30:00-05:00,575.4299926757812,575.8699951171875,574.5999755859375,575.3200073242188,4258861
2024-11-05 14:30:00-05:00,575.6898803710938,575.8699951171875,574.7000122070312,575.4400024414062,4216684
2024-11-05 15:30:00-05:00,576.6799926757812,576.7100219726562,575.260009765625,575.6699829101562,6227081
2024-11-06 09:30:00-05:00,588.8200073242188,589.4299926757812,585.3900146484375,589.2000122070312,19813490
2024-11-06 10:30:00-05:00,588.1500244140625,589.0399780273438,586.3900146484375,588.8200073242188,7282837
2024-11-06 11:30:00-05:00,588.760009765625,589.0900268554688,588.1599731445312,588.1599731445312,5613154
2024-11-06 12:30:00-05:00,590.1900024414062,590.27001953125,588.510009765625,588.75,4460904
2024-11-06 13:30:00-05:00,590.5499877929688,590.7100219726562,589.7899780273438,590.219970703125,5136241
2024-11-06 14:30:00-05:00,591.114990234375,591.6599731445312,590.1199951171875,590.530029296875,5595203
2024-11-06 15:30:00-05:00,591.0399780273438,591.9299926757812,590.6699829101562,591.1099853515625,11275561
2024-11-07 09:30:00-05:00,594.27001953125,594.405029296875,592.9998779296875,593.3599853515625,7972498
2024-11-07 10:30:00-05:00,594.6099853515625,595.0,594.0599975585938,594.27001953125,5086265
2024-11-07 11:30:00-05:00,595.2349853515625,595.2999877929688,594.5800170898438,594.5900268554688,3110405
2024-11-07 12:30:00-05:00,594.8499755859375,595.5599975585938,594.5499877929688,595.2100219726562,4494370
2024-11-07 13:30:00-05:00,594.739990234375,595.4000244140625,594.2000122070312,594.8499755859375,4141976
2024-11-07 14:30:00-05:00,596.1500244140625,596.6500244140625,593.9199829101562,594.7199096679688,5637598
2024-11-07 15:30:00-05:00,595.5499877929688,596.4000244140625,595.1799926757812,596.1300048828125,9165377
2024-11-08 09:30:00-05:00,597.3350219726562,597.5798950195312,596.1649780273438,596.1699829101562,6647628
2024-11-08 10:30:00-05:00,597.9899291992188,598.0800170898438,597.22998046875,597.3300170898438,4291137
2024-11-08 11:30:00-05:00,597.6400146484375,598.219970703125,597.4400024414062,597.97998046875,4149684
2024-11-08 12:30:00-05:00,598.1749877929688,598.3499755859375,597.6099853515625,597.6699829101562,2590616
2024-11-08 13:30:00-05:00,599.22998046875,599.25,598.1400146484375,598.1599731445312,4147990
2024-11-08 14:30:00-05:00,598.25,599.6400146484375,598.239990234375,599.27001953125,5752043
2024-11-08 15:30:00-05:00,598.239990234375,598.3123168945312,597.6199951171875,598.280029296875,10548855
2024-11-11 09:30:00-05:00,598.8699951171875,600.1699829101562,598.530029296875,599.989990234375,7391401
2024-11-11 10:30:00-05:00,599.0900268554688,599.9500122070312,598.8800048828125,598.8800048828125,3623554
2024-11-11 11:30:00-05:00,598.80908203125,599.5599975585938,598.6849975585938,599.0999755859375,1977105
2024-11-11 12:30:00-05:00,597.8499755859375,599.030029296875,597.0,598.7999877929688,4612077
2024-11-11 13:30:00-05:00,598.1436767578125,598.6400146484375,597.5701293945312,597.8499755859375,2244888
2024-11-11 14:30:00-05:00,598.2799072265625,598.5888061523438,598.010009765625,598.1599731445312,3052366
2024-11-11 15:30:00-05:00,598.719970703125,598.8350219726562,597.97998046875,598.27001953125,7283055
2024-11-12 09:30:00-05:00,597.9534301757812,599.2899780273438,597.7899780273438,598.6799926757812,6625161
2024-11-12 10:30:00-05:00,597.1799926757812,598.3798828125,596.97998046875,597.9650268554688,3120433
2024-11-12 11:30:00-05:00,596.4924926757812,597.3499145507812,596.0399780273438,597.1798706054688,3059145
2024-11-12 12:30:00-05:00,595.8234252929688,596.6699829101562,594.4500122070312,596.489990234375,5111232
2024-11-12 13:30:00-05:00,597.97998046875,598.280029296875,595.7999877929688,595.8099975585938,3921707
2024-11-12 14:30:00-05:00,597.3900146484375,598.4000244140625,597.1799926757812,597.97998046875,5016605
2024-11-12 15:30:00-05:00,596.8699951171875,597.5700073242188,596.510009765625,597.3900146484375,6685041
2024-11-13 09:30:00-05:00,596.3200073242188,597.719970703125,594.9600219726562,597.3699951171875,7383708
2024-11-13 10:30:00-05:00,597.97998046875,598.1400146484375,596.0499877929688,596.3499755859375,3493972
2024-11-13 11:30:00-05:00,598.4600219726562,599.0598754882812,597.219970703125,597.969970703125,3495807
2024-11-13 12:30:00-05:00,598.760009765625,599.22998046875,598.2899780273438,598.4500122070312,3478074
2024-11-13 13:30:00-05:00,597.9425048828125,599.1500244140625,597.7999877929688,598.7550048828125,2964581
2024-11-13 14:30:00-05:00,597.5900268554688,598.1400146484375,596.6849975585938,597.9199829101562,5928055
2024-11-13 15:30:00-05:00,597.1699829101562,598.5399780273438,596.47998046875,597.5700073242188,13490464
2024-11-14 09:30:00-05:00,596.4199829101562,597.8099975585938,595.1248168945312,597.3200073242188,6566680
2024-11-14 10:30:00-05:00,596.4600219726562,596.9400024414062,595.8599853515625,596.4099731445312,2730235
2024-11-14 11:30:00-05:00,594.8298950195312,596.9299926757812,594.7000122070312,596.489990234375,3115376
2024-11-14 12:30:00-05:00,595.139892578125,595.7200927734375,593.75,594.8200073242188,3520122
2024-11-14 13:30:00-05:00,595.1500244140625,595.3099975585938,593.77001953125,595.1199951171875,2937077
2024-11-14 14:30:00-05:00,594.1400146484375,595.7899780273438,593.02001953125,595.1300048828125,5064339
2024-11-14 15:30:00-05:00,593.3699951171875,594.3699951171875,592.6500244140625,594.1500244140625,8718052
2024-11-15 09:30:00-05:00,586.8150024414062,590.2000122070312,586.6699829101562,589.719970703125,12285260
2024-11-15 10:30:00-05:00,587.239990234375,587.2894287109375,586.0399780273438,586.8200073242188,13822178
2024-11-15 11:30:00-05:00,585.4671020507812,587.3800048828125,585.216796875,587.22998046875,6892212
2024-11-15 12:30:00-05:00,585.4299926757812,585.8099975585938,584.6400146484375,585.469970703125,5443749
2024-11-15 13:30:00-05:00,584.0900268554688,585.3800048828125,583.8599853515625,585.3800048828125,7623382
2024-11-15 14:30:00-05:00,585.3099975585938,586.2299194335938,584.030029296875,584.1099853515625,6377211
2024-11-15 15:30:00-05:00,585.719970703125,586.1900024414062,584.72998046875,585.3099975585938,9279457
2024-11-18 09:30:00-05:00,587.3599853515625,587.3900146484375,585.3400268554688,586.219970703125,5730154
2024-11-18 10:30:00-05:00,588.6500244140625,589.1400146484375,587.3037719726562,587.3699951171875,4079522
2024-11-18 11:30:00-05:00,588.3699951171875,589.489990234375,587.8300170898438,588.6500244140625,3370793
2024-11-18 12:30:00-05:00,588.1400146484375,588.6799926757812,587.75,588.3400268554688,2725350
2024-11-18 13:30:00-05:00,587.280029296875,588.4459838867188,587.02001953125,588.1400146484375,2857934
2024-11-18 14:30:00-05:00,588.39501953125,588.4099731445312,587.1099853515625,587.280029296875,2717875
2024-11-18 15:30:00-05:00,588.1500244140625,588.3900146484375,587.5142822265625,588.3800048828125,8855884
2024-11-19 09:30:00-05:00,586.4600219726562,586.47998046875,584.030029296875,584.7100219726562,8524394
2024-11-19 10:30:00-05:00,588.89990234375,589.010009765625,586.0900268554688,586.4500122070312,4412844
2024-11-19 11:30:00-05:00,588.97998046875,589.239990234375,588.030029296875,588.8900146484375,3043412
2024-11-19 12:30:00-05:00,589.5507202148438,589.6300048828125,588.760009765625,588.969970703125,3925160
2024-11-19 13:30:00-05:00,590.1300048828125,591.0449829101562,589.4000244140625,589.5599975585938,5450771
2024-11-19 14:30:00-05:00,589.8800048828125,590.3599853515625,589.0900268554688,590.1400146484375,6312238
2024-11-19 15:30:00-05:00,590.280029296875,590.5999755859375,589.6799926757812,589.8800048828125,6088297
2024-11-20 09:30:00-05:00,585.7139282226562,590.530029296875,584.6300048828125,590.3800048828125,9235542
2024-11-20 10:30:00-05:00,585.8699951171875,587.6859741210938,585.6199951171875,585.719970703125,7665516
2024-11-20 11:30:00-05:00,587.2050170898438,588.7999877929688,585.5399780273438,585.9000244140625,4253187
2024-11-20 12:30:00-05:00,587.5999755859375,588.2899780273438,586.5399780273438,587.2000122070312,2951747
2024-11-20 13:30:00-05:00,586.619873046875,587.6021728515625,586.1500244140625,587.6021728515625,2680996
2024-11-20 14:30:00-05:00,588.47998046875,588.52001953125,586.52001953125,586.6099853515625,4795676
2024-11-20 15:30:00-05:00,590.47998046875,590.7899780273438,588.47998046875,588.47998046875,9327426
2024-11-21 09:30:00-05:00,587.7391967773438,593.4500122070312,587.5399780273438,593.4000244140625,10426898
2024-11-21 10:30:00-05:00,592.7249755859375,592.75,587.4500122070312,587.6900024414062,5418336
2024-11-21 11:30:00-05:00,593.0,593.280029296875,591.0800170898438,592.75,3958697
2024-11-21 12:30:00-05:00,594.4299926757812,594.6799926757812,592.880126953125,593.010009765625,3530532
2024-11-21 13:30:00-05:00,594.4199829101562,594.7999877929688,593.52001953125,594.4500122070312,4282940
2024-11-21 14:30:00-05:00,594.9000244140625,595.1199951171875,593.8599853515625,594.4299926757812,5360488
2024-11-21 15:30:00-05:00,593.6099853515625,595.0,593.5599975585938,594.9000244140625,7259012
2024-11-22 09:30:00-05:00,593.6699829101562,596.1309814453125,593.1525268554688,593.6599731445312,8465340
2024-11-22 10:30:00-05:00,594.5900268554688,595.8200073242188,593.590087890625,593.780029296875,4334292
2024-11-22 11:30:00-05:00,595.6099853515625,595.8800048828125,593.9199829101562,594.5700073242188,2694631
2024-11-22 12:30:00-05:00,595.52001953125,596.1500244140625,594.6599731445312,595.6099853515625,2381164
2024-11-22 13:30:00-05:00,594.989990234375,595.969970703125,594.1500244140625,595.52001953125,3638643
2024-11-22 14:30:00-05:00,594.77001953125,595.6300048828125,594.1699829101562,594.989990234375,3555087
2024-11-22 15:30:00-05:00,595.489990234375,596.0999755859375,594.6699829101562,594.75830078125,4804386
2024-11-25 09:30:00-05:00,599.1099853515625,600.8599853515625,597.5499877929688,599.52001953125,12287190
2024-11-25 10:30:00-05:00,597.989990234375,599.260009765625,597.5999755859375,599.0900268554688,4340166
2024-11-25 11:30:00-05:00,596.0399780273438,598.3800048828125,595.75,597.969970703125,4236635
2024-11-25 12:30:00-05:00,597.1503295898438,597.4400024414062,595.2000122070312,596.0399780273438,3470148
2024-11-25 13:30:00-05:00,596.989990234375,597.6099853515625,596.489990234375,597.1799926757812,2270237
2024-11-25 14:30:00-05:00,597.1400146484375,597.4500122070312,596.6599731445312,596.7100830078125,2618835
2024-11-25 15:30:00-05:00,597.4500122070312,597.7449951171875,596.8499755859375,597.1099853515625,6562304
2024-11-26 09:30:00-05:00,598.8150024414062,599.6099853515625,598.0700073242188,598.7999877929688,7503547
2024-11-26 10:30:00-05:00,599.5599975585938,599.5999755859375,598.219970703125,598.7999877929688,3068458
2024-11-26 11:30:00-05:00,599.3350219726562,599.8699951171875,599.0700073242188,599.5650024414062,2822299
2024-11-26 12:30:00-05:00,599.8701171875,600.139892578125,599.2999877929688,599.3499755859375,2142058
2024-11-26 13:30:00-05:00,599.6801147460938,600.4099731445312,599.219970703125,599.8599853515625,2987045
2024-11-26 14:30:00-05:00,600.3715209960938,600.4500122070312,599.5,599.6900024414062,4624304
2024-11-26 15:30:00-05:00,600.72998046875,601.3300170898438,600.260009765625,600.3699951171875,10760984
2024-11-27 09:30:00-05:00,599.3499755859375,600.8499755859375,599.22998046875,600.4600219726562,6282609
2024-11-27 10:30:00-05:00,598.4598999023438,599.5900268554688,598.25,599.3699951171875,4307773
2024-11-27 11:30:00-05:00,598.219970703125,599.1500244140625,597.280029296875,598.4299926757812,5448310
2024-11-27 12:30:00-05:00,598.477783203125,598.8599853515625,597.77001953125,598.219970703125,2285273
2024-11-27 13:30:00-05:00,598.7100219726562,599.1199951171875,598.3599853515625,598.4600219726562,2893063
2024-11-27 14:30:00-05:00,598.5499877929688,599.0999755859375,598.3099975585938,598.7100219726562,3623104
2024-11-27 15:30:00-05:00,598.7899780273438,598.97998046875,598.0,598.5449829101562,4372415
2024-11-29 09:30:00-05:00,601.389892578125,601.739990234375,599.3804931640625,599.6599731445312,5371022
2024-11-29 10:30:00-05:00,602.3300170898438,602.3897094726562,601.4099731445312,601.510009765625,3246544
2024-11-29 11:30:00-05:00,602.8250122070312,603.260009765625,602.0599975585938,602.3499755859375,4842724
2024-12-02 09:30:00-05:00,603.2249755859375,603.6798706054688,602.469970703125,602.969970703125,7003062
2024-12-02 10:30:00-05:00,603.280029296875,603.5700073242188,602.469970703125,603.219970703125,2742346
2024-12-02 11:30:00-05:00,603.469970703125,603.9600219726562,603.1903076171875,603.2650146484375,2613542
2024-12-02 12:30:00-05:00,603.6699829101562,603.8798828125,603.4000244140625,603.489990234375,2297849
2024-12-02 13:30:00-05:00,603.4000244140625,603.8300170898438,603.0499877929688,603.67578125,2856373
2024-12-02 14:30:00-05:00,604.260009765625,604.3200073242188,603.3900146484375,603.4100952148438,3815615
2024-12-02 15:30:00-05:00,603.6699829101562,604.280029296875,603.4500122070312,604.1199951171875,5147465
2024-12-03 09:30:00-05:00,602.4600219726562,603.719970703125,602.4400024414062,603.3900146484375,4277390
2024-12-03 10:30:00-05:00,603.4199829101562,603.4598999023438,602.3410034179688,602.47998046875,2876603
2024-12-03 11:30:00-05:00,603.0050048828125,603.5,602.3699951171875,603.4000244140625,2238843
2024-12-03 12:30:00-05:00,603.5700073242188,603.8499755859375,602.9400024414062,602.9949951171875,2408282
2024-12-03 13:30:00-05:00,603.619873046875,603.760009765625,603.1699829101562,603.5499877929688,3815128
2024-12-03 14:30:00-05:00,603.9450073242188,604.1599731445312,603.5999755859375,603.5999755859375,3210131
2024-12-03 15:30:00-05:00,603.8499755859375,604.1400146484375,603.489990234375,603.9400024414062,3985090
2024-12-04 09:30:00-05:00,605.6300048828125,606.2100219726562,604.9500122070312,605.6300048828125,6731828
2024-12-04 10:30:00-05:00,606.3300170898438,606.5,605.5399780273438,605.6599731445312,4477440
2024-12-04 11:30:00-05:00,606.3499755859375,606.489990234375,606.02001953125,606.3206787109375,2075568
2024-12-04 12:30:00-05:00,605.869873046875,606.5399780273438,605.8400268554688,606.3499755859375,1768813
2024-12-04 13:30:00-05:00,606.7800903320312,606.8599853515625,605.2000122070312,605.8599853515625,3128888
2024-12-04 14:30:00-05:00,607.3099975585938,607.52001953125,606.6699829101562,606.780029296875,4825740
2024-12-04 15:30:00-05:00,607.5800170898438,607.9099731445312,607.1799926757812,607.3099975585938,9853074
2024-12-05 09:30:00-05:00,607.1099853515625,608.2000122070312,607.1099853515625,607.6599731445312,3874421
2024-12-05 10:30:00-05:00,607.6300048828125,607.7100219726562,606.7999877929688,607.1038818359375,2594162
2024-12-05 11:30:00-05:00,608.0499877929688,608.1699829101562,607.3300170898438,607.5900268554688,2237567
2024-12-05 12:30:00-05:00,607.2899780273438,608.47998046875,606.8599853515625,608.0449829101562,2255538
2024-12-05 13:30:00-05:00,607.0999755859375,607.8900146484375,606.9099731445312,607.3200073242188,3305469
2024-12-05 14:30:00-05:00,606.7449951171875,607.5,606.6199951171875,607.0999145507812,2798712
2024-12-05 15:30:00-05:00,606.6099853515625,607.385009765625,606.3049926757812,606.75,7907075
2024-12-06 09:30:00-05:00,608.8800048828125,609.0700073242188,607.3400268554688,607.4400024414062,5053995
2024-12-06 10:30:00-05:00,608.0,608.9769897460938,607.5599975585938,608.8800048828125,4270210
2024-12-06 11:30:00-05:00,607.6998901367188,608.2899780273438,607.3200073242188,607.989990234375,2667723
2024-12-06 12:30:00-05:00,608.0650024414062,608.3900146484375,607.1599731445312,607.7000122070312,1752852
2024-12-06 13:30:00-05:00,607.125,608.0662841796875,607.030029296875,608.0650024414062,2813995
2024-12-06 14:30:00-05:00,607.614990234375,607.7498779296875,607.02001953125,607.1300048828125,3577317
2024-12-06 15:30:00-05:00,607.8900146484375,608.1199951171875,607.4500122070312,607.6199951171875,4661615
2024-12-09 09:30:00-05:00,606.3775024414062,607.8599853515625,606.1799926757812,607.6900024414062,4813215
2024-12-09 10:30:00-05:00,605.7849731445312,606.6400146484375,604.6099853515625,606.369873046875,5009899
2024-12-09 11:30:00-05:00,605.6099853515625,606.125,605.273193359375,605.780029296875,2086032
2024-12-09 12:30:00-05:00,605.7249755859375,606.0399780273438,605.0399780273438,605.5800170898438,1519429
2024-12-09 13:30:00-05:00,605.3699951171875,606.4299926757812,605.239990234375,605.719970703125,2242393
2024-12-09 14:30:00-05:00,604.4600219726562,605.4400024414062,604.3200073242188,605.3699951171875,4468028
2024-12-09 15:30:00-05:00,604.6300048828125,604.7899780273438,604.0800170898438,604.52001953125,9261807
2024-12-10 09:30:00-05:00,605.119873046875,605.510009765625,604.273681640625,605.3699951171875,4713731
2024-12-10 10:30:00-05:00,604.6599731445312,605.7999877929688,604.5800170898438,605.119873046875,2920019
2024-12-10 11:30:00-05:00,604.52001953125,604.780029296875,604.1799926757812,604.6500244140625,2446474
2024-12-10 12:30:00-05:00,604.3499755859375,605.02001953125,604.0800170898438,604.5,2354957
2024-12-10 13:30:00-05:00,604.02001953125,604.6199951171875,603.5800170898438,604.3699951171875,3058978
2024-12-10 14:30:00-05:00,602.7318725585938,604.0399780273438,602.6599731445312,604.02001953125,6375077
2024-12-10 15:30:00-05:00,602.8699951171875,602.9199829101562,602.1300048828125,602.739990234375,8230106
2024-12-11 09:30:00-05:00,606.5349731445312,607.25,605.5,605.780029296875,6758534
2024-12-11 10:30:00-05:00,607.47998046875,607.52001953125,606.4816284179688,606.5599975585938,2513936
2024-12-11 11:30:00-05:00,607.719970703125,608.1900024414062,607.3599853515625,607.47998046875,2666780
2024-12-11 12:30:00-05:00,608.3200073242188,608.4349975585938,607.6099853515625,607.75,1993876
2024-12-11 13:30:00-05:00,607.9299926757812,608.4000244140625,607.5599975585938,608.3099975585938,2116165
2024-12-11 14:30:00-05:00,608.0700073242188,608.216796875,607.7100219726562,607.9199829101562,2718006
2024-12-11 15:30:00-05:00,607.5,608.0650024414062,607.3099975585938,608.0650024414062,3811602
2024-12-12 09:30:00-05:00,606.5626220703125,606.6599731445312,605.1300048828125,606.5800170898438,5594003
2024-12-12 10:30:00-05:00,606.864990234375,607.1599731445312,606.3200073242188,606.5599975585938,2183492
2024-12-12 11:30:00-05:00,606.4979248046875,606.9099731445312,605.77001953125,606.8800048828125,2239719
2024-12-12 12:30:00-05:00,606.5167236328125,606.9500122070312,605.8699951171875,606.489990234375,1753086
2024-12-12 13:30:00-05:00,604.9299926757812,606.5499877929688,604.8300170898438,606.510009765625,2929159
2024-12-12 14:30:00-05:00,604.8800048828125,605.4400024414062,604.75,604.9400024414062,3016670
2024-12-12 15:30:00-05:00,604.3699951171875,605.3499755859375,604.3400268554688,604.9000244140625,6557089
2024-12-13 09:30:00-05:00,605.010009765625,607.1300048828125,604.9199829101562,606.4000244140625,6315817
2024-12-13 10:30:00-05:00,603.6798706054688,605.2673950195312,603.030029296875,605.010009765625,4285013
2024-12-13 11:30:00-05:00,603.23681640625,604.6599731445312,603.1199951171875,603.6624755859375,3546076
2024-12-13 12:30:00-05:00,603.9788208007812,604.0700073242188,602.8099975585938,603.239990234375,3086676
2024-12-13 13:30:00-05:00,604.3800048828125,604.5286254882812,603.6799926757812,603.969970703125,3509093
2024-12-13 14:30:00-05:00,604.27001953125,604.6300048828125,603.77001953125,604.4000244140625,3231704
2024-12-13 15:30:00-05:00,604.260009765625,604.7000122070312,604.0999755859375,604.260009765625,4245131
2024-12-16 09:30:00-05:00,606.4600219726562,606.6771850585938,605.2100219726562,606.0,6002002
2024-12-16 10:30:00-05:00,606.719970703125,607.1099853515625,606.3599853515625,606.4500122070312,3298921
2024-12-16 11:30:00-05:00,606.9500122070312,607.030029296875,606.4000244140625,606.72998046875,2183495
2024-12-16 12:30:00-05:00,607.719970703125,607.719970703125,606.8599853515625,606.9500122070312,3244392
2024-12-16 13:30:00-05:00,607.3499755859375,607.7794799804688,607.3200073242188,607.7100219726562,2755892
2024-12-16 14:30:00-05:00,607.5900268554688,607.7750244140625,607.2899780273438,607.3400268554688,4298382
2024-12-16 15:30:00-05:00,606.77001953125,607.5809936523438,606.0549926757812,607.5800170898438,10458577
2024-12-17 09:30:00-05:00,603.219970703125,604.8599853515625,603.1599731445312,604.1900024414062,7817132
2024-12-17 10:30:00-05:00,604.3900146484375,605.1099853515625,603.1649780273438,603.2000122070312,4605315
2024-12-17 11:30:00-05:00,604.5399780273438,605.1699829101562,604.260009765625,604.3599853515625,3035249
2024-12-17 12:30:00-05:00,604.2150268554688,604.969970703125,604.02001953125,604.5499877929688,4649041
2024-12-17 13:30:00-05:00,603.6749877929688,604.4400024414062,603.6099853515625,604.219970703125,3845299
2024-12-17 14:30:00-05:00,603.0900268554688,603.72998046875,602.885009765625,603.6798706054688,6084059
2024-12-17 15:30:00-05:00,604.239990234375,604.739990234375,602.9600219726562,603.0900268554688,7716006
2024-12-18 09:30:00-05:00,605.4000244140625,605.419921875,603.469970703125,603.97998046875,6250631
2024-12-18 10:30:00-05:00,605.6300048828125,606.405029296875,604.6300048828125,605.3800048828125,5651968
2024-12-18 11:30:00-05:00,605.6799926757812,606.3099975585938,605.4099731445312,605.6199951171875,4916439
2024-12-18 12:30:00-05:00,605.2125244140625,605.9400024414062,605.2000122070312,605.6799926757812,2971252
2024-12-18 13:30:00-05:00,600.0800170898438,605.6699829101562,600.030029296875,605.2100219726562,12086251
2024-12-18 14:30:00-05:00,593.1400146484375,601.25,592.9199829101562,600.0999755859375,17481891
2024-12-18 15:30:00-05:00,586.2999877929688,593.9000244140625,585.8900146484375,593.1300048828125,29069208
2024-12-19 09:30:00-05:00,588.7000122070312,593.0,588.6500244140625,591.3599853515625,15038359
2024-12-19 10:30:00-05:00,590.7899780273438,590.9600219726562,587.7899780273438,588.6699829101562,11414371
2024-12-19 11:30:00-05:00,588.010009765625,591.4000244140625,587.8499755859375,590.77001953125,7500682
2024-12-19 12:30:00-05:00,589.6300048828125,589.72998046875,587.280029296875,588.010009765625,6418617
2024-12-19 13:30:00-05:00,589.22998046875,591.260009765625,588.8099975585938,589.5839233398438,6506436
2024-12-19 14:30:00-05:00,588.6099853515625,589.4299926757812,587.4099731445312,589.25,9544383
2024-12-19 15:30:00-05:00,586.1199951171875,589.219970703125,585.8499755859375,588.6300048828125,14096538
2024-12-20 09:30:00-05:00,586.9749755859375,587.0900268554688,580.9099731445312,581.77001953125,19631672
2024-12-20 10:30:00-05:00,592.3386840820312,592.3400268554688,586.9199829101562,586.969970703125,19282839
2024-12-20 11:30:00-05:00,595.6099853515625,595.75,592.25,592.3400268554688,9488606
2024-12-20 12:30:00-05:00,592.168701171875,595.6300048828125,592.1500244140625,595.6199951171875,9895470
2024-12-20 13:30:00-05:00,593.280029296875,593.4000244140625,591.6199951171875,592.1699829101562,8974730
2024-12-20 14:30:00-05:00,591.77001953125,593.9400024414062,591.5599975585938,593.219970703125,7446656
2024-12-20 15:30:00-05:00,590.9099731445312,592.3800048828125,589.469970703125,591.7899780273438,23033047
2024-12-23 09:30:00-05:00,589.2999877929688,591.77001953125,587.6610107421875,590.8900146484375,8622697
2024-12-23 10:30:00-05:00,590.6569213867188,590.8400268554688,588.7100219726562,589.2999877929688,3438805
2024-12-23 11:30:00-05:00,592.1300048828125,593.1199951171875,590.1799926757812,590.6699829101562,4356062
2024-12-23 12:30:00-05:00,593.2996826171875,593.4000244140625,591.7000732421875,592.1300048828125,3336170
2024-12-23 13:30:00-05:00,593.8599853515625,594.3099975585938,593.25,593.27001953125,3683493
2024-12-23 14:30:00-05:00,593.3049926757812,594.030029296875,592.25,593.8900146484375,5432141
2024-12-23 15:30:00-05:00,594.780029296875,595.2999877929688,593.2694091796875,593.3150024414062,10935737
2024-12-24 09:30:00-05:00,598.2000122070312,598.3400268554688,595.469970703125,596.0599975585938,6131929
2024-12-24 10:30:00-05:00,599.25,599.3701171875,598.1599731445312,598.22998046875,4658145
2024-12-24 11:30:00-05:00,600.1600952148438,600.3300170898438,598.8400268554688,599.239990234375,4262625
2024-12-26 09:30:00-05:00,600.2899780273438,600.4000244140625,598.08251953125,599.5,5803845
2024-12-26 10:30:00-05:00,600.8300170898438,601.2785034179688,599.7899780273438,600.2849731445312,3073789
2024-12-26 11:30:00-05:00,601.510009765625,602.47998046875,600.7999877929688,600.8400268554688,2775029
2024-12-26 12:30:00-05:00,601.6699829101562,602.0499877929688,600.3499755859375,601.510009765625,2805863
2024-12-26 13:30:00-05:00,600.9000244140625,601.77001953125,600.6599731445312,601.6799926757812,2789873
2024-12-26 14:30:00-05:00,601.7899780273438,602.0999755859375,600.8402709960938,600.969970703125,3459748
2024-12-26 15:30:00-05:00,601.22998046875,602.0250244140625,601.0599975585938,601.7899780273438,4421566
2024-12-27 09:30:00-05:00,593.2100219726562,597.776123046875,592.7899780273438,597.5399780273438,10316838
2024-12-27 10:30:00-05:00,594.5189819335938,594.5700073242188,592.25,593.1699829101562,6943872
2024-12-27 11:30:00-05:00,591.530029296875,594.6798706054688,590.7999877929688,594.4901123046875,6677205
2024-12-27 12:30:00-05:00,592.5399780273438,592.9500122070312,590.7647094726562,591.760009765625,7774992
2024-12-27 13:30:00-05:00,593.969970703125,594.6400146484375,592.3300170898438,592.526611328125,4013700
2024-12-27 14:30:00-05:00,593.6500244140625,595.530029296875,593.1801147460938,593.969970703125,4660844
2024-12-27 15:30:00-05:00,594.989990234375,595.4000244140625,592.5399780273438,593.6599731445312,12098123
2024-12-30 09:30:00-05:00,584.77001953125,588.010009765625,584.4099731445312,587.8900146484375,12115034
2024-12-30 10:30:00-05:00,587.989990234375,588.4650268554688,584.75,584.760009765625,9202513
2024-12-30 11:30:00-05:00,590.4400024414062,590.5499267578125,587.9301147460938,587.969970703125,4244414
2024-12-30 12:30:00-05:00,590.5900268554688,591.739990234375,589.6500244140625,590.4500122070312,3123190
2024-12-30 13:30:00-05:00,590.3400268554688,591.530029296875,589.4199829101562,590.510009765625,5645980
2024-12-30 14:30:00-05:00,589.5900268554688,591.2100219726562,589.5599975585938,590.3400268554688,4534648
2024-12-30 15:30:00-05:00,588.260009765625,590.6400146484375,588.0700073242188,589.5900268554688,6595813
2024-12-31 09:30:00-05:00,589.6099853515625,590.639892578125,588.1701049804688,590.239990234375,6950749
2024-12-31 10:30:00-05:00,586.9500122070312,590.0599975585938,586.8200073242188,589.6099853515625,3571992
2024-12-31 11:30:00-05:00,585.888671875,587.8400268554688,585.739990234375,586.9498901367188,3756070
2024-12-31 12:30:00-05:00,585.010009765625,587.5798950195312,584.7899780273438,585.8599853515625,5608244
2024-12-31 13:30:00-05:00,584.9400024414062,586.5598754882812,584.5800170898438,585.0150146484375,4971522
2024-12-31 14:30:00-05:00,587.2301025390625,587.2999877929688,584.4199829101562,584.9199829101562,6727803
2024-12-31 15:30:00-05:00,586.010009765625,587.4998779296875,584.969970703125,587.22998046875,12566205
2025-01-02 09:30:00-05:00,587.8300170898438,591.1300048828125,586.1900024414062,589.4500122070312,10951663
2025-01-02 10:30:00-05:00,587.5300903320312,588.780029296875,585.2000122070312,587.8099975585938,5105750
2025-01-02 11:30:00-05:00,584.489990234375,588.77001953125,584.2100219726562,587.469970703125,3517779
2025-01-02 12:30:00-05:00,582.3599853515625,584.4733276367188,581.0900268554688,584.469970703125,8459869
2025-01-02 13:30:00-05:00,583.280029296875,583.5050048828125,580.5,582.3250122070312,6223597
2025-01-02 14:30:00-05:00,584.469970703125,584.8099975585938,582.02001953125,583.2650146484375,4679389
2025-01-02 15:30:00-05:00,584.5700073242188,585.3699951171875,583.5501708984375,584.47998046875,5791461
2025-01-03 09:30:00-05:00,588.219970703125,589.5449829101562,586.4299926757812,587.530029296875,9304664
2025-01-03 10:30:00-05:00,589.6300048828125,589.8499755859375,587.5499877929688,588.239990234375,3540939
2025-01-03 11:30:00-05:00,590.14501953125,591.010009765625,589.5549926757812,589.5999755859375,3213495
2025-01-03 12:30:00-05:00,591.4949951171875,591.5,589.9000244140625,590.1500244140625,3211923
2025-01-03 13:30:00-05:00,592.0999755859375,592.2000122070312,591.0499877929688,591.5,3161826
2025-01-03 14:30:00-05:00,591.9299926757812,592.5999755859375,591.4299926757812,592.0800170898438,3775669
2025-01-03 15:30:00-05:00,591.8599853515625,592.2100219726562,591.0499877929688,591.9299926757812,7074389
2025-01-06 09:30:00-05:00,598.8900146484375,599.0,595.9000244140625,596.27001953125,10454522
2025-01-06 10:30:00-05:00,599.5089721679688,599.510009765625,598.0700073242188,598.9099731445312,5070586
2025-01-06 11:30:00-05:00,598.5700073242188,599.7000122070312,598.3699951171875,599.5,3142058
2025-01-06 12:30:00-05:00,597.3900146484375,598.739990234375,596.5800170898438,598.530029296875,4129019
2025-01-06 13:30:00-05:00,595.3499755859375,597.4298706054688,594.8800048828125,597.3699951171875,4467432
2025-01-06 14:30:00-05:00,595.0549926757812,595.5800170898438,594.0399780273438,595.3699951171875,5716723
2025-01-06 15:30:00-05:00,595.4000244140625,595.5,593.5999755859375,595.0549926757812,8009019
2025-01-07 09:30:00-05:00,593.5999755859375,597.75,592.0800170898438,597.4199829101562,9531785
2025-01-07 10:30:00-05:00,593.1099853515625,593.75,590.27001953125,593.6099853515625,7309605
2025-01-07 11:30:00-05:00,590.6199951171875,593.260009765625,590.2125244140625,593.02001953125,4219424
2025-01-07 12:30:00-05:00,592.280029296875,592.3970947265625,589.6400146484375,590.6500244140625,3357008
2025-01-07 13:30:00-05:00,591.1099853515625,592.280029296875,590.5499877929688,592.280029296875,3594071
2025-01-07 14:30:00-05:00,587.8300170898438,591.0999755859375,587.6900024414062,591.0700073242188,5890935
2025-01-07 15:30:00-05:00,588.719970703125,588.8502197265625,586.780029296875,587.8200073242188,11654859
2025-01-08 09:30:00-05:00,586.4749755859375,588.77001953125,586.0999755859375,588.7000122070312,9870599
2025-01-08 10:30:00-05:00,588.1099853515625,588.719970703125,586.3800048828125,586.469970703125,3913519
2025-01-08 11:30:00-05:00,585.6300048828125,589.9400024414062,585.3800048828125,588.1199951171875,4361539
2025-01-08 12:30:00-05:00,589.1099853515625,589.5700073242188,585.1950073242188,585.6400146484375,4732025
2025-01-08 13:30:00-05:00,590.2716064453125,590.5798950195312,586.9600219726562,589.1199951171875,5551392
2025-01-08 14:30:00-05:00,589.0900268554688,590.280029296875,587.8800048828125,590.280029296875,3925037
2025-01-08 15:30:00-05:00,589.4199829101562,589.7899780273438,588.22998046875,589.10498046875,7883359
2025-01-10 09:30:00-05:00,581.8900146484375,585.9500122070312,579.1500244140625,585.8800048828125,18574871
2025-01-10 10:30:00-05:00,579.8599853515625,583.2288208007812,579.6900024414062,581.9000244140625,8238522
2025-01-10 11:30:00-05:00,580.0,580.8099975585938,578.5499877929688,579.8699951171875,6304597
2025-01-10 12:30:00-05:00,583.239990234375,583.75,579.9000244140625,579.97998046875,5835457
2025-01-10 13:30:00-05:00,582.5999755859375,584.5,581.5800170898438,583.239990234375,6052200
2025-01-10 14:30:00-05:00,580.344970703125,582.6199951171875,579.969970703125,582.6099853515625,7098364
2025-01-10 15:30:00-05:00,580.530029296875,581.094970703125,579.7000122070312,580.3300170898438,8974376
2025-01-13 09:30:00-05:00,576.02001953125,578.6199951171875,575.489990234375,575.77001953125,10234487
2025-01-13 10:30:00-05:00,576.989990234375,579.1799926757812,576.030029296875,576.072998046875,4988325
2025-01-13 11:30:00-05:00,578.22998046875,578.530029296875,575.77001953125,576.969970703125,4259359
2025-01-13 12:30:00-05:00,579.719970703125,579.75,577.5999755859375,578.2000122070312,3520069
2025-01-13 13:30:00-05:00,580.3099975585938,580.3599853515625,579.0900268554688,579.6900024414062,4323353
2025-01-13 14:30:00-05:00,580.0999755859375,581.0,579.5700073242188,580.2899780273438,5247105
2025-01-13 15:30:00-05:00,581.5399780273438,581.75,579.8699951171875,580.0999755859375,5872260
2025-01-14 09:30:00-05:00,583.1500244140625,585.0,581.969970703125,584.3599853515625,10073998
2025-01-14 10:30:00-05:00,580.8599853515625,583.5590209960938,580.1799926757812,583.1751708984375,5105485
2025-01-14 11:30:00-05:00,579.719970703125,581.2999877929688,578.5700073242188,580.8300170898438,5171613
2025-01-14 12:30:00-05:00,582.02001953125,582.2369995117188,578.3499755859375,579.7100219726562,4224093
2025-01-14 13:30:00-05:00,583.0399780273438,583.8099975585938,581.7899780273438,582.02001953125,5136583
2025-01-14 14:30:00-05:00,580.489990234375,583.739990234375,578.9000244140625,583.0399780273438,5815486
2025-01-14 15:30:00-05:00,582.1900024414062,582.2899780273438,579.5800170898438,580.469970703125,7537574
2025-01-15 09:30:00-05:00,592.3300170898438,592.969970703125,589.1950073242188,590.3250122070312,14512387
2025-01-15 10:30:00-05:00,591.0200805664062,592.530029296875,590.7100219726562,592.3400268554688,4694971
2025-01-15 11:30:00-05:00,591.1199951171875,591.3800048828125,589.5,591.02001953125,4001330
2025-01-15 12:30:00-05:00,592.27001953125,592.27001953125,590.8900146484375,591.1199951171875,2652355
2025-01-15 13:30:00-05:00,593.0999755859375,593.1400146484375,591.97998046875,592.2550048828125,3105598
2025-01-15 14:30:00-05:00,593.6900024414062,593.9400024414062,593.02001953125,593.2100219726562,6365535
2025-01-15 15:30:00-05:00,592.760009765625,593.8400268554688,592.6799926757812,593.6799926757812,10587094
2025-01-16 09:30:00-05:00,592.2827758789062,594.2999877929688,591.3200073242188,594.1749877929688,7680042
2025-01-16 10:30:00-05:00,593.360107421875,594.3499755859375,591.780029296875,592.27001953125,4177934
2025-01-16 11:30:00-05:00,593.780029296875,593.8099975585938,591.8200073242188,593.3400268554688,2835661
2025-01-16 12:30:00-05:00,592.260009765625,593.7999877929688,592.1099853515625,593.780029296875,1960963
2025-01-16 13:30:00-05:00,592.4650268554688,592.6126098632812,590.9299926757812,592.260009765625,4403042
2025-01-16 14:30:00-05:00,592.2899780273438,593.3300170898438,591.9400024414062,592.469970703125,4513508
2025-01-16 15:30:00-05:00,591.7000122070312,593.2000122070312,591.47998046875,592.2899780273438,6724604
2025-01-17 09:30:00-05:00,596.969970703125,597.5399780273438,595.6099853515625,596.9600219726562,14259852
2025-01-17 10:30:00-05:00,598.77001953125,599.0999755859375,596.780029296875,596.989990234375,11197582
2025-01-17 11:30:00-05:00,598.981201171875,599.0399780273438,597.8200073242188,598.77001953125,3509840
2025-01-17 12:30:00-05:00,599.030029296875,599.3599853515625,598.530029296875,599.0,3740085
2025-01-17 13:30:00-05:00,598.447021484375,599.1099853515625,598.0800170898438,599.0,5257176
2025-01-17 14:30:00-05:00,598.0999755859375,598.7100219726562,597.530029296875,598.47998046875,5170943
2025-01-17 15:30:00-05:00,597.5499877929688,598.5900268554688,597.3499755859375,598.094970703125,7957879
2025-01-21 09:30:00-05:00,600.35498046875,601.469970703125,598.6699829101562,600.6699829101562,8003317
2025-01-21 10:30:00-05:00,600.780029296875,600.9400024414062,599.4299926757812,600.3300170898438,3154412
2025-01-21 11:30:00-05:00,601.5800170898438,601.780029296875,600.260009765625,600.77001953125,2931193
2025-01-21 12:30:00-05:00,602.5900268554688,602.8800048828125,601.54150390625,601.5800170898438,3524912
2025-01-21 13:30:00-05:00,602.3699951171875,602.8200073242188,601.9000244140625,602.5999755859375,3368563
2025-01-21 14:30:00-05:00,602.7100219726562,602.780029296875,601.6699829101562,602.3800048828125,4750964
2025-01-21 15:30:00-05:00,602.9199829101562,602.97998046875,602.1500244140625,602.719970703125,7640203
2025-01-22 09:30:00-05:00,606.7000122070312,607.0399780273438,605.3599853515625,605.9199829101562,8585388
2025-01-22 10:30:00-05:00,607.2374877929688,607.239990234375,606.260009765625,606.719970703125,5887257
2025-01-22 11:30:00-05:00,607.5499877929688,607.8200073242188,607.1950073242188,607.3599853515625,3346931
2025-01-22 12:30:00-05:00,607.0662841796875,607.7000122070312,606.9412231445312,607.5599975585938,2835235
2025-01-22 13:30:00-05:00,606.905029296875,607.626708984375,606.8300170898438,607.0800170898438,2324089
2025-01-22 14:30:00-05:00,607.1199951171875,607.6199951171875,606.7800903320312,606.9099731445312,3100839
2025-01-22 15:30:00-05:00,606.3400268554688,607.3499755859375,606.22998046875,607.1199951171875,8699766
2025-01-23 09:30:00-05:00,605.72998046875,606.2999877929688,605.52001953125,605.7999877929688,4504838
2025-01-23 10:30:00-05:00,607.510009765625,607.5499877929688,605.6500244140625,605.719970703125,4071470
2025-01-23 11:30:00-05:00,607.1699829101562,607.8699951171875,606.9400024414062,607.5,5748200
2025-01-23 12:30:00-05:00,607.9849853515625,608.25,606.9000244140625,607.1699829101562,3158232
2025-01-23 13:30:00-05:00,607.6599731445312,608.25,607.3099975585938,608.0,2240639
2025-01-23 14:30:00-05:00,608.094970703125,608.27001953125,607.5999755859375,607.6699829101562,3238089
2025-01-23 15:30:00-05:00,609.7100219726562,609.739990234375,607.6900024414062,608.0900268554688,6680471
2025-01-24 09:30:00-05:00,609.3499755859375,610.780029296875,609.25,609.8099975585938,5714331
2025-01-24 10:30:00-05:00,609.8897705078125,609.8897705078125,609.0599975585938,609.3499755859375,3394899
2025-01-24 11:30:00-05:00,609.4299926757812,610.3250122070312,609.2999877929688,609.8300170898438,2331193
2025-01-24 12:30:00-05:00,608.4450073242188,609.6199951171875,608.0800170898438,609.4249877929688,3126556
2025-01-24 13:30:00-05:00,607.4299926757812,608.739990234375,606.9299926757812,608.4299926757812,3345671
2025-01-24 14:30:00-05:00,607.0700073242188,607.9199829101562,606.9400024414062,607.4000244140625,4125498
2025-01-24 15:30:00-05:00,607.9299926757812,608.1500244140625,606.7999877929688,607.0800170898438,6412263
2025-01-27 09:30:00-05:00,599.0,599.2100219726562,596.3900146484375,596.469970703125,19726133
2025-01-27 10:30:00-05:00,596.510009765625,599.6900024414062,596.2899780273438,598.989990234375,7647264
2025-01-27 11:30:00-05:00,597.6500244140625,598.0399780273438,596.2000122070312,596.5,5497701
2025-01-27 12:30:00-05:00,596.125,598.2100219726562,596.030029296875,597.6417846679688,4033350
2025-01-27 13:30:00-05:00,599.010009765625,599.1199951171875,596.0700073242188,596.1099853515625,4838647
2025-01-27 14:30:00-05:00,597.4400024414062,598.989990234375,596.27001953125,598.9849853515625,7700993
2025-01-27 15:30:00-05:00,599.4099731445312,599.5700073242188,597.1500244140625,597.4600219726562,10318651
2025-01-28 09:30:00-05:00,602.4600219726562,602.7899780273438,597.25,600.6199951171875,8905366
2025-01-28 10:30:00-05:00,601.4199829101562,603.5700073242188,601.030029296875,602.489990234375,6736372
2025-01-28 11:30:00-05:00,603.7200927734375,603.9199829101562,600.9500122070312,601.3400268554688,4072209
2025-01-28 12:30:00-05:00,604.1798706054688,604.7899780273438,603.2899780273438,603.72998046875,3259145
2025-01-28 13:30:00-05:00,604.0399780273438,604.4600219726562,603.22998046875,604.3599853515625,3277316
2025-01-28 14:30:00-05:00,605.0900268554688,605.3699951171875,604.0599975585938,604.0599975585938,3854959
2025-01-28 15:30:00-05:00,604.489990234375,605.22998046875,604.3599853515625,605.0700073242188,7053000
2025-01-29 09:30:00-05:00,602.97998046875,604.1300048828125,602.4451293945312,603.719970703125,4791744
2025-01-29 10:30:00-05:00,602.4600219726562,603.5,602.2100219726562,603.010009765625,2431254
2025-01-29 11:30:00-05:00,603.0549926757812,603.4600219726562,601.9299926757812,602.5,1873916
2025-01-29 12:30:00-05:00,602.3099975585938,603.3200073242188,599.6599731445312,603.0599975585938,3173554
2025-01-29 13:30:00-05:00,599.4000244140625,602.6300048828125,599.219970703125,602.3300170898438,4716556
2025-01-29 14:30:00-05:00,603.3499755859375,603.6801147460938,599.25,599.3900146484375,7629907
2025-01-29 15:30:00-05:00,601.7999877929688,603.6599731445312,600.739990234375,603.3599853515625,4985361
2025-01-30 09:30:00-05:00,602.6300048828125,605.97998046875,602.4099731445312,603.9600219726562,6657927
2025-01-30 10:30:00-05:00,602.9600219726562,603.8800048828125,600.7150268554688,602.3300170898438,4146303
2025-01-30 11:30:00-05:00,602.3699951171875,604.3400268554688,602.0800170898438,602.9400024414062,2925860
2025-01-30 12:30:00-05:00,604.0,604.3099975585938,602.1900024414062,602.3900146484375,2034099
2025-01-30 13:30:00-05:00,604.9567260742188,605.219970703125,603.9400024414062,603.9849853515625,2577943
2025-01-30 14:30:00-05:00,606.3099975585938,606.5999755859375,604.5900268554688,604.9500122070312,3805957
2025-01-30 15:30:00-05:00,604.969970703125,606.3200073242188,601.8200073242188,606.2899780273438,11089496
2025-01-31 09:30:00-05:00,608.9598999023438,609.02001953125,607.0599975585938,607.5,6898171
2025-01-31 10:30:00-05:00,609.0900268554688,609.9600219726562,608.8499755859375,608.9600219726562,4039791
2025-01-31 11:30:00-05:00,609.5499877929688,609.5499877929688,608.010009765625,609.0900268554688,3769483
2025-01-31 12:30:00-05:00,606.8483276367188,609.72998046875,606.6900024414062,609.5449829101562,4465678
2025-01-31 13:30:00-05:00,604.530029296875,607.030029296875,603.2999877929688,606.8200073242188,10174398
2025-01-31 14:30:00-05:00,601.6688842773438,605.1300048828125,601.3699951171875,604.52001953125,10985684
2025-01-31 15:30:00-05:00,601.7999877929688,603.27001953125,601.0499877929688,601.6699829101562,11871932
2025-02-03 09:30:00-05:00,596.3800048828125,596.5999755859375,590.489990234375,592.8599853515625,19402094
2025-02-03 10:30:00-05:00,597.8699951171875,599.25,592.4400024414062,596.3800048828125,9366779
2025-02-03 11:30:00-05:00,597.4000244140625,599.010009765625,596.6900024414062,597.8699951171875,5408068
2025-02-03 12:30:00-05:00,597.7949829101562,598.260009765625,595.969970703125,597.3900146484375,5810092
2025-02-03 13:30:00-05:00,599.47998046875,600.0,597.4201049804688,597.8699951171875,4564312
2025-02-03 14:30:00-05:00,598.5499877929688,600.2899780273438,598.4000244140625,599.4849853515625,3962304
2025-02-03 15:30:00-05:00,597.6400146484375,599.0499877929688,597.3900146484375,598.5599975585938,8486528
2025-02-04 09:30:00-05:00,600.52001953125,601.1400146484375,597.280029296875,597.8300170898438,7413522
2025-02-04 10:30:00-05:00,601.97998046875,602.010009765625,600.1099853515625,600.5499877929688,3564922
2025-02-04 11:30:00-05:00,599.760009765625,602.0900268554688,599.6699829101562,601.9600219726562,3341333
2025-02-04 12:30:00-05:00,601.1300048828125,601.25,599.4053955078125,599.8200073242188,2218431
2025-02-04 13:30:00-05:00,601.8599853515625,602.1400146484375,600.5700073242188,601.1199951171875,1799468
2025-02-04 14:30:00-05:00,601.0850219726562,602.2999877929688,600.8400268554688,601.8800048828125,4026630
2025-02-04 15:30:00-05:00,601.7550048828125,602.27001953125,600.969970703125,601.0850219726562,5775005
2025-02-05 09:30:00-05:00,600.6300048828125,601.0999755859375,598.5800170898438,600.6400146484375,6421276
2025-02-05 10:30:00-05:00,601.27001953125,601.4000244140625,599.77001953125,600.6199951171875,2769162
2025-02-05 11:30:00-05:00,602.489990234375,603.1699829101562,601.125,601.239990234375,4233551
2025-02-05 12:30:00-05:00,602.5659790039062,602.9000244140625,602.2100219726562,602.5,1422477
2025-02-05 13:30:00-05:00,603.27001953125,603.635009765625,602.3900146484375,602.5599975585938,1921265
2025-02-05 14:30:00-05:00,603.72998046875,603.969970703125,602.8800048828125,603.2899780273438,3207870
2025-02-05 15:30:00-05:00,604.1500244140625,604.3699951171875,602.9099731445312,603.719970703125,5066503
2025-02-06 09:30:00-05:00,604.9400024414062,606.0999755859375,604.8300170898438,605.989990234375,5220066
2025-02-06 10:30:00-05:00,605.530029296875,605.75,604.1599731445312,604.9400024414062,2859219
2025-02-06 11:30:00-05:00,605.1400146484375,605.6300048828125,604.75,605.5499877929688,2002284
2025-02-06 12:30:00-05:00,605.5900268554688,605.989990234375,604.8599853515625,605.1400146484375,1936333
2025-02-06 13:30:00-05:00,604.5599975585938,605.7899780273438,604.3599853515625,605.5800170898438,2839418
2025-02-06 14:30:00-05:00,604.7650146484375,604.8200073242188,602.6300048828125,604.5800170898438,5268618
2025-02-06 15:30:00-05:00,606.3400268554688,606.4525146484375,604.5800170898438,604.77001953125,6605760
2025-02-07 09:30:00-05:00,604.5830078125,608.1300048828125,603.77001953125,606.8900146484375,9511824
2025-02-07 10:30:00-05:00,602.0004272460938,605.5399780273438,601.1799926757812,604.5,10254527
2025-02-07 11:30:00-05:00,601.7000122070312,602.9099731445312,600.6400146484375,602.0499877929688,8443554
2025-02-07 12:30:00-05:00,603.3142700195312,603.75,601.2999877929688,601.6099853515625,2472669
2025-02-07 13:30:00-05:00,600.5892944335938,603.6500244140625,600.4199829101562,603.3300170898438,3499707
2025-02-07 14:30:00-05:00,600.4000244140625,601.5999755859375,600.0499877929688,600.6090698242188,3536559
2025-02-07 15:30:00-05:00,600.77001953125,601.260009765625,600.3699951171875,600.3900146484375,7304928
2025-02-10 09:30:00-05:00,604.72998046875,604.7899780273438,602.739990234375,604.030029296875,6518758
2025-02-10 10:30:00-05:00,604.3099975585938,605.3300170898438,604.0499877929688,604.739990234375,3340580
2025-02-10 11:30:00-05:00,603.6286010742188,604.489990234375,603.2108154296875,604.3198852539062,2268410
2025-02-10 12:30:00-05:00,604.6799926757812,604.989990234375,603.6400146484375,603.6500244140625,1584659
2025-02-10 13:30:00-05:00,605.1900024414062,605.4998779296875,604.5599975585938,604.6801147460938,1947261
2025-02-10 14:30:00-05:00,604.8900146484375,605.3699951171875,604.719970703125,605.239990234375,2722364
2025-02-10 15:30:00-05:00,604.7899780273438,605.030029296875,604.24462890625,604.8800048828125,4621939
2025-02-11 09:30:00-05:00,604.1500244140625,604.260009765625,602.4299926757812,602.5499877929688,4597937
2025-02-11 10:30:00-05:00,604.5800170898438,605.219970703125,604.0,604.1599731445312,3045094
2025-02-11 11:30:00-05:00,604.3200073242188,604.8900146484375,603.0999755859375,604.6199951171875,4016033
2025-02-11 12:30:00-05:00,603.9691772460938,604.4299926757812,603.5,604.3400268554688,1783848
2025-02-11 13:30:00-05:00,604.7216186523438,605.2999877929688,603.9500122070312,603.97998046875,2792435
2025-02-11 14:30:00-05:00,605.27001953125,605.8599853515625,604.7100219726562,604.719970703125,3820622
2025-02-11 15:30:00-05:00,605.2100219726562,605.5800170898438,604.6099853515625,605.280029296875,5206725
2025-02-12 09:30:00-05:00,601.4349975585938,602.3599853515625,598.510009765625,599.2000122070312,18533540
2025-02-12 10:30:00-05:00,600.659912109375,603.3200073242188,600.1699829101562,601.4439697265625,3948328
2025-02-12 11:30:00-05:00,603.7899780273438,603.989990234375,600.5999755859375,600.6300048828125,4270148
2025-02-12 12:30:00-05:00,603.5700073242188,604.5499877929688,603.0900268554688,603.780029296875,2558860
2025-02-12 13:30:00-05:00,603.0800170898438,603.7598876953125,602.530029296875,603.5899047851562,2782930
2025-02-12 14:30:00-05:00,603.3200073242188,604.22998046875,603.0599975585938,603.113525390625,4147162
2025-02-12 15:30:00-05:00,603.3599853515625,603.5900268554688,602.5700073242188,603.3250122070312,4583717
2025-02-13 09:30:00-05:00,606.0800170898438,606.419921875,603.2000122070312,604.47998046875,7644302
2025-02-13 10:30:00-05:00,606.6900024414062,607.489990234375,606.0,606.0848999023438,3563588
2025-02-13 11:30:00-05:00,606.5399780273438,606.9600219726562,605.719970703125,606.7000122070312,2320305
2025-02-13 12:30:00-05:00,606.2000122070312,606.969970703125,604.989990234375,606.3200073242188,2449362
2025-02-13 13:30:00-05:00,608.280029296875,608.4099731445312,605.3099975585938,606.2000122070312,5699770
2025-02-13 14:30:00-05:00,609.5798950195312,609.7100219726562,608.1422119140625,608.280029296875,5920998
2025-02-13 15:30:00-05:00,609.6900024414062,609.9400024414062,609.0900268554688,609.5700073242188,8181588
2025-02-14 09:30:00-05:00,610.239990234375,610.969970703125,609.760009765625,609.9400024414062,5214577
2025-02-14 10:30:00-05:00,609.989990234375,610.8499755859375,609.4000244140625,610.239990234375,3910433
2025-02-14 11:30:00-05:00,609.3201293945312,610.2949829101562,609.27001953125,610.010009765625,2764489
2025-02-14 12:30:00-05:00,609.9298706054688,610.0900268554688,609.0700073242188,609.3499755859375,1443250
2025-02-14 13:30:00-05:00,610.1300048828125,610.7506713867188,609.8800048828125,609.9299926757812,2059667
2025-02-14 14:30:00-05:00,609.6699829101562,610.3024291992188,609.5900268554688,610.1500244140625,2430485
2025-02-14 15:30:00-05:00,609.7000122070312,610.2899780273438,609.5449829101562,609.6599731445312,5528441
2025-02-18 09:30:00-05:00,609.6300048828125,611.0,609.3300170898438,610.8800048828125,5264887
2025-02-18 10:30:00-05:00,610.4099731445312,610.739990234375,609.4000244140625,609.6400146484375,2687081
2025-02-18 11:30:00-05:00,610.0349731445312,610.85498046875,609.780029296875,610.2899169921875,1777532
2025-02-18 12:30:00-05:00,609.8900146484375,610.65869140625,609.52001953125,610.0402221679688,2178303
2025-02-18 13:30:00-05:00,609.218994140625,609.9299926757812,608.3800048828125,609.8800048828125,3558413
2025-02-18 14:30:00-05:00,609.780029296875,610.0399780273438,609.1099853515625,609.219970703125,3079536
2025-02-18 15:30:00-05:00,611.3499755859375,611.3800048828125,609.6300048828125,609.77001953125,5116020
2025-02-19 09:30:00-05:00,610.0599975585938,610.27001953125,609.5599975585938,610.0800170898438,5311794
2025-02-19 10:30:00-05:00,611.1799926757812,611.260009765625,609.8200073242188,610.0599975585938,4571568
2025-02-19 11:30:00-05:00,611.0499877929688,611.9600219726562,610.97998046875,611.1699829101562,2328817
2025-02-19 12:30:00-05:00,611.6599731445312,611.8200073242188,610.6500244140625,611.0599975585938,2127131
2025-02-19 13:30:00-05:00,612.8201293945312,613.0800170898438,611.4000244140625,611.6699829101562,3339899
2025-02-19 14:30:00-05:00,612.0999145507812,613.22998046875,611.7999877929688,612.8200073242188,3320047
2025-02-19 15:30:00-05:00,612.9000244140625,613.0599975585938,612.0800170898438,612.1099853515625,5357638
2025-02-20 09:30:00-05:00,609.1099853515625,611.6840209960938,607.02001953125,611.5399780273438,8415478
2025-02-20 10:30:00-05:00,608.260009765625,609.52001953125,607.0800170898438,609.0999755859375,3929095
2025-02-20 11:30:00-05:00,608.7899780273438,608.9398803710938,607.0999755859375,608.2550048828125,3687346
2025-02-20 12:30:00-05:00,607.9600219726562,609.0999145507812,607.6400146484375,608.8302001953125,3137587
2025-02-20 13:30:00-05:00,609.1699829101562,609.489990234375,607.8200073242188,607.9400024414062,3605349
2025-02-20 14:30:00-05:00,609.8400268554688,610.0999755859375,608.719970703125,609.1599731445312,4057034
2025-02-20 15:30:00-05:00,610.3900146484375,610.7000122070312,609.4625244140625,609.8400268554688,5353026
2025-02-21 09:30:00-05:00,606.760009765625,610.2999877929688,606.52001953125,610.1599731445312,9803609
2025-02-21 10:30:00-05:00,606.9400024414062,607.47998046875,605.7659912109375,606.75,8591958
2025-02-21 11:30:00-05:00,605.7199096679688,607.5,605.1599731445312,606.9500122070312,5485973
2025-02-21 12:30:00-05:00,602.1599731445312,605.7899780273438,602.10009765625,605.7550048828125,9010299
2025-02-21 13:30:00-05:00,599.9099731445312,603.2249755859375,599.6500244140625,602.14501953125,8451982
2025-02-21 14:30:00-05:00,600.5599975585938,600.6599731445312,599.469970703125,599.909912109375,9297221
2025-02-21 15:30:00-05:00,600.0,600.9099731445312,599.5,600.5800170898438,10643776
2025-02-24 09:30:00-05:00,597.9500122070312,603.030029296875,596.489990234375,602.02001953125,12094000
2025-02-24 10:30:00-05:00,600.09619140625,600.3800048828125,596.75,597.9299926757812,5350735
2025-02-24 11:30:00-05:00,601.0399780273438,601.5800170898438,599.4019165039062,600.1300048828125,3482708
2025-02-24 12:30:00-05:00,601.4099731445312,601.8499755859375,600.530029296875,600.969970703125,2462190
2025-02-24 13:30:00-05:00,600.0700073242188,601.61328125,599.8400268554688,601.3900146484375,2795050
2025-02-24 14:30:00-05:00,599.0999755859375,600.6599731445312,598.9000244140625,600.0599975585938,5225686
2025-02-24 15:30:00-05:00,597.1900024414062,599.719970703125,596.6400146484375,599.1099853515625,10437558
2025-02-25 09:30:00-05:00,590.8499755859375,597.8900146484375,590.6699829101562,597.1500244140625,13879399
2025-02-25 10:30:00-05:00,590.8699951171875,593.4400024414062,590.5032958984375,590.75,9356406
2025-02-25 11:30:00-05:00,593.6799926757812,593.7999877929688,589.5599975585938,590.8499755859375,5524653
2025-02-25 12:30:00-05:00,593.7000122070312,596.1799926757812,593.4600219726562,593.6699829101562,4957928
2025-02-25 13:30:00-05:00,593.0700073242188,595.8699951171875,593.010009765625,593.7050170898438,4278380
2025-02-25 14:30:00-05:00,595.8900146484375,596.6400146484375,593.02001953125,593.3599853515625,6760481
2025-02-25 15:30:00-05:00,594.2100219726562,596.02001953125,593.5700073242188,595.9000244140625,7168919
2025-02-26 09:30:00-05:00,597.9400024414062,599.280029296875,595.0999755859375,595.9299926757812,8860755
2025-02-26 10:30:00-05:00,598.6500244140625,599.5800170898438,597.9500122070312,597.9749755859375,3650899
2025-02-26 11:30:00-05:00,598.5999755859375,599.4299926757812,597.6799926757812,598.6799926757812,3439355
2025-02-26 12:30:00-05:00,593.9249877929688,599.010009765625,593.8499755859375,598.67431640625,5114375
2025-02-26 13:30:00-05:00,593.3889770507812,594.5900268554688,591.8555908203125,593.864990234375,5992615
2025-02-26 14:30:00-05:00,593.5900268554688,594.6400146484375,592.4600219726562,593.3499755859375,4549029
2025-02-26 15:30:00-05:00,594.4299926757812,595.2899780273438,593.1400146484375,593.510986328125,6319956
2025-02-27 09:30:00-05:00,595.4500122070312,597.9199829101562,590.52001953125,596.8499755859375,15088225
2025-02-27 10:30:00-05:00,594.1212768554688,596.239990234375,593.219970703125,595.4500122070312,5194424
2025-02-27 11:30:00-05:00,593.9500122070312,594.9589233398438,591.4000244140625,594.1300048828125,4775184
2025-02-27 12:30:00-05:00,594.5900268554688,595.1599731445312,592.3699951171875,593.9600219726562,4070264
2025-02-27 13:30:00-05:00,590.7697143554688,594.9500122070312,590.6799926757812,594.6300048828125,3846817
2025-02-27 14:30:00-05:00,586.3099975585938,590.7999877929688,586.239990234375,590.781982421875,11600098
2025-02-27 15:30:00-05:00,585.0399780273438,587.5700073242188,584.6500244140625,586.3629760742188,15219445
2025-02-28 09:30:00-05:00,588.3599853515625,588.3800048828125,583.27001953125,585.5599975585938,15117569
2025-02-28 10:30:00-05:00,586.0599975585938,589.030029296875,586.0599975585938,588.3599853515625,6221129
2025-02-28 11:30:00-05:00,587.0250244140625,588.3400268554688,585.8300170898438,586.0700073242188,4068935
2025-02-28 12:30:00-05:00,584.719970703125,587.1799926757812,582.4400024414062,587.0750122070312,10920815
2025-02-28 13:30:00-05:00,585.6699829101562,586.52001953125,583.531005859375,584.6900024414062,6524415
2025-02-28 14:30:00-05:00,589.614990234375,589.6799926757812,585.25,585.669921875,8723241
2025-02-28 15:30:00-05:00,594.0700073242188,594.719970703125,587.9299926757812,589.6300048828125,20419239
2025-03-03 09:30:00-05:00,594.114990234375,597.3400268554688,590.7100219726562,596.1799926757812,12420202
2025-03-03 10:30:00-05:00,592.4000244140625,595.125,592.219970703125,594.0900268554688,5858061
2025-03-03 11:30:00-05:00,593.8099975585938,594.1500244140625,591.1699829101562,592.4299926757812,3921893
2025-03-03 12:30:00-05:00,588.0902709960938,594.219970703125,587.8699951171875,593.7999877929688,4977410
2025-03-03 13:30:00-05:00,588.4949951171875,590.22998046875,587.47998046875,588.114990234375,6869116
2025-03-03 14:30:00-05:00,581.2100219726562,590.6500244140625,580.8300170898438,588.489990234375,15861758
2025-03-03 15:30:00-05:00,583.969970703125,584.1099853515625,579.9000244140625,581.1900024414062,14072787
2025-03-04 09:30:00-05:00,574.510009765625,580.2100219726562,572.25,579.4400024414062,22625018
2025-03-04 10:30:00-05:00,572.9600830078125,576.0999755859375,572.2999877929688,574.52001953125,12480256
2025-03-04 11:30:00-05:00,577.8599853515625,578.5700073242188,572.9199829101562,572.989990234375,9243884
2025-03-04 12:30:00-05:00,577.5399780273438,580.069580078125,575.9299926757812,577.8499755859375,8341571
2025-03-04 13:30:00-05:00,581.4000244140625,582.9290161132812,576.969970703125,577.47998046875,8597223
2025-03-04 14:30:00-05:00,583.8400268554688,585.3900146484375,580.7999877929688,581.4199829101562,9865622
2025-03-04 15:30:00-05:00,576.8800048828125,584.030029296875,574.6900024414062,582.8599853515625,20058176
2025-03-05 09:30:00-05:00,575.8914794921875,579.6400146484375,575.0,576.6900024414062,15257741
2025-03-05 10:30:00-05:00,574.8499755859375,578.3499755859375,573.7999877929688,575.9199829101562,6353737
2025-03-05 11:30:00-05:00,578.7000122070312,578.7899780273438,573.0795288085938,574.8400268554688,8194349
2025-03-05 12:30:00-05:00,579.22998046875,581.1599731445312,577.739990234375,578.6900024414062,7608064
2025-03-05 13:30:00-05:00,582.7999877929688,584.3400268554688,577.9099731445312,579.27001953125,9837523
2025-03-05 14:30:00-05:00,584.1300048828125,584.8800048828125,581.97998046875,582.7999877929688,7027388
2025-03-05 15:30:00-05:00,583.030029296875,584.1599731445312,581.3900146484375,584.0999755859375,9582648
2025-03-06 09:30:00-05:00,578.4609985351562,578.7100219726562,573.4500122070312,575.47998046875,14413449
2025-03-06 10:30:00-05:00,578.489990234375,580.173583984375,577.1099853515625,578.4600219726562,6153196
2025-03-06 11:30:00-05:00,572.5499877929688,580.0700073242188,572.0,578.469970703125,9432081
2025-03-06 12:30:00-05:00,572.530029296875,574.1599731445312,571.0399780273438,572.5599975585938,8178039
2025-03-06 13:30:00-05:00,570.6387939453125,573.1500244140625,570.1199951171875,572.8099975585938,7575935
2025-03-06 14:30:00-05:00,572.989990234375,574.9299926757812,570.1199951171875,570.5999755859375,11729220
2025-03-06 15:30:00-05:00,572.8200073242188,574.27001953125,571.5700073242188,573.0131225585938,9935019
2025-03-07 09:30:00-05:00,572.3599853515625,576.06787109375,570.7999877929688,570.9000244140625,13963709
2025-03-07 10:30:00-05:00,567.6300048828125,573.0,567.3699951171875,572.3499755859375,12712960
2025-03-07 11:30:00-05:00,568.0800170898438,568.6694946289062,565.6300048828125,567.4000244140625,11840865
2025-03-07 12:30:00-05:00,572.6268920898438,574.2899780273438,567.4400024414062,568.0599975585938,10904804
2025-03-07 13:30:00-05:00,576.5750122070312,577.3099975585938,572.2899780273438,572.6599731445312,9110239
2025-03-07 14:30:00-05:00,575.9796142578125,577.1400146484375,574.6199951171875,576.6599731445312,7150535
2025-03-07 15:30:00-05:00,575.8599853515625,577.3900146484375,572.8099975585938,575.9400024414062,9123780
2025-03-10 09:30:00-04:00,565.5150146484375,569.5399780273438,565.173095703125,567.5900268554688,13921223
2025-03-10 10:30:00-04:00,565.1300048828125,566.0499877929688,563.0599975585938,565.530029296875,12764160
2025-03-10 11:30:00-04:00,563.77001953125,566.6199951171875,562.4500122070312,565.125,9541096
2025-03-10 12:30:00-04:00,561.8400268554688,565.1099853515625,561.0999755859375,563.780029296875,6376729
2025-03-10 13:30:00-04:00,559.8200073242188,561.969970703125,559.4199829101562,561.8800048828125,9891068
2025-03-10 14:30:00-04:00,559.6699829101562,561.2899780273438,555.5900268554688,559.8200073242188,14945004
2025-03-10 15:30:00-04:00,560.75,562.22998046875,559.0599975585938,559.719970703125,15153133
2025-03-11 09:30:00-04:00,555.9857788085938,562.1199951171875,555.6500244140625,559.4000244140625,16719508
2025-03-11 10:30:00-04:00,557.1699829101562,558.8599853515625,554.0499877929688,555.9500122070312,11042337
2025-03-11 11:30:00-04:00,555.8099975585938,559.97998046875,554.75,557.469970703125,6477053
2025-03-11 12:30:00-04:00,552.2000122070312,556.9299926757812,552.0399780273438,555.8499755859375,8660748
2025-03-11 13:30:00-04:00,558.4400024414062,559.3200073242188,552.02001953125,552.1599731445312,9387752
2025-03-11 14:30:00-04:00,559.5700073242188,564.02001953125,557.3400268554688,558.4099731445312,13594188
2025-03-11 15:30:00-04:00,556.1199951171875,560.3200073242188,556.010009765625,559.3300170898438,10711012
2025-03-12 09:30:00-04:00,559.010009765625,563.1099853515625,557.97998046875,562.1699829101562,22055937
2025-03-12 10:30:00-04:00,556.9000244140625,559.27001953125,553.6900024414062,559.0700073242188,9103710
2025-03-12 11:30:00-04:00,560.27001953125,560.8599853515625,556.5750122070312,556.9400024414062,6115976
2025-03-12 12:30:00-04:00,561.4199829101562,561.4600219726562,558.6599731445312,560.3099975585938,5283900
2025-03-12 13:30:00-04:00,560.2000122070312,561.780029296875,557.8099975585938,561.489990234375,4715748
2025-03-12 14:30:00-04:00,559.6400146484375,561.9000244140625,559.030029296875,560.2100219726562,5325725
2025-03-12 15:30:00-04:00,558.9199829101562,560.2899780273438,558.1699829101562,559.6400146484375,8778620
2025-03-13 09:30:00-04:00,557.114990234375,559.10498046875,554.4500122070312,558.489990234375,10489523
2025-03-13 10:30:00-04:00,554.28369140625,558.3699951171875,554.1400146484375,557.1300048828125,5439447
2025-03-13 11:30:00-04:00,552.5700073242188,555.1599731445312,552.27001953125,554.25,7945874
2025-03-13 12:30:00-04:00,551.1599731445312,554.576171875,550.3599853515625,552.5900268554688,7368763
2025-03-13 13:30:00-04:00,553.0599975585938,553.25,549.6799926757812,551.1099853515625,7307538
2025-03-13 14:30:00-04:00,551.469970703125,554.6199951171875,550.9000244140625,553.0700073242188,9084591
2025-03-13 15:30:00-04:00,551.52001953125,552.0599975585938,550.1599731445312,551.47998046875,11161916
2025-03-14 09:30:00-04:00,557.0050048828125,559.6900024414062,555.5,556.1099853515625,12784487
2025-03-14 10:30:00-04:00,561.0499877929688,561.510009765625,556.8800048828125,556.9949951171875,5735503
2025-03-14 11:30:00-04:00,560.219970703125,562.4299926757812,560.0200805664062,561.0599975585938,5833254
2025-03-14 12:30:00-04:00,561.4500122070312,562.7999877929688,560.0499877929688,560.2396850585938,6706421
2025-03-14 13:30:00-04:00,560.6900024414062,561.9500122070312,560.22998046875,561.4500122070312,5798420
2025-03-14 14:30:00-04:00,561.7999877929688,562.75,560.6832275390625,560.6900024414062,6054435
2025-03-14 15:30:00-04:00,562.7899780273438,563.8300170898438,561.3699951171875,561.8099975585938,11882067
2025-03-17 09:30:00-04:00,564.6400146484375,566.3599853515625,562.3499755859375,562.7899780273438,9896291
2025-03-17 10:30:00-04:00,564.1500244140625,565.6900024414062,563.5,564.6300048828125,4628015
2025-03-17 11:30:00-04:00,563.8499145507812,565.27001953125,562.7999877929688,564.1300048828125,3705833
2025-03-17 12:30:00-04:00,565.8099975585938,566.0,563.4503173828125,563.8400268554688,3074926
2025-03-17 13:30:00-04:00,568.6524047851562,568.9089965820312,565.6099853515625,565.8200073242188,6119515
2025-03-17 14:30:00-04:00,569.0449829101562,569.7100219726562,568.3800048828125,568.655029296875,6195616
2025-03-17 15:30:00-04:00,567.02001953125,569.2999877929688,566.8200073242188,569.239990234375,8342110
2025-03-18 09:30:00-04:00,561.3060302734375,565.02001953125,560.1500244140625,564.7999877929688,11673126
2025-03-18 10:30:00-04:00,559.969970703125,562.0700073242188,559.3400268554688,561.2899780273438,5854836
2025-03-18 11:30:00-04:00,561.677978515625,561.6799926757812,559.0599975585938,559.9400024414062,5825731
2025-03-18 12:30:00-04:00,560.5599975585938,561.8099975585938,559.219970703125,561.6599731445312,5421128
2025-03-18 13:30:00-04:00,560.47998046875,561.5587158203125,559.72998046875,560.5700073242188,3913577
2025-03-18 14:30:00-04:00,561.1099853515625,562.2150268554688,560.4099731445312,560.489990234375,6055135
2025-03-18 15:30:00-04:00,561.0599975585938,561.4500122070312,559.8400268554688,561.1199951171875,7981402
2025-03-19 09:30:00-04:00,564.47998046875,565.3800048828125,561.6300048828125,562.8300170898438,6935823
2025-03-19 10:30:00-04:00,564.5700073242188,564.869873046875,563.3009033203125,564.5,5193666
2025-03-19 11:30:00-04:00,565.559814453125,566.2899780273438,564.3400268554688,564.5700073242188,4283273
2025-03-19 12:30:00-04:00,563.3499755859375,565.6500244140625,563.280029296875,565.3499755859375,3223434
2025-03-19 13:30:00-04:00,564.594970703125,565.8800048828125,562.0,563.3800048828125,6164404
2025-03-19 14:30:00-04:00,567.2301025390625,570.9500122070312,564.5700073242188,564.5700073242188,13347746
2025-03-19 15:30:00-04:00,567.02001953125,569.3800048828125,566.6799926757812,567.2000122070312,10896885
2025-03-20 09:30:00-04:00,569.47998046875,570.0499877929688,562.6011962890625,563.3300170898438,11325273
2025-03-20 10:30:00-04:00,568.9400024414062,570.5700073242188,568.7000122070312,569.489990234375,5612563
2025-03-20 11:30:00-04:00,566.239990234375,569.47998046875,565.9299926757812,568.9400024414062,6088300
2025-03-20 12:30:00-04:00,564.7493286132812,567.2100219726562,564.7000122070312,566.22998046875,4836846
2025-03-20 13:30:00-04:00,564.1199951171875,566.5,564.0399780273438,564.75,6153526
2025-03-20 14:30:00-04:00,564.6699829101562,566.3187255859375,563.7703247070312,564.1199951171875,7615044
2025-03-20 15:30:00-04:00,565.6900024414062,566.6799926757812,564.6699829101562,564.6699829101562,9145990
2025-03-21 09:30:00-04:00,559.8800048828125,560.4000244140625,558.030029296875,559.280029296875,15850302
2025-03-21 10:30:00-04:00,559.8300170898438,561.8099975585938,559.0399780273438,559.9000244140625,14326472
2025-03-21 11:30:00-04:00,562.3626098632812,562.6900024414062,558.760009765625,559.8300170898438,7309201
2025-03-21 12:30:00-04:00,562.0700073242188,563.6849975585938,561.760009765625,562.3800048828125,4554857
2025-03-21 13:30:00-04:00,562.1099853515625,563.9299926757812,561.52001953125,562.0999755859375,5352097
2025-03-21 14:30:00-04:00,561.989990234375,563.2899780273438,561.47998046875,562.1199951171875,5053010
2025-03-21 15:30:00-04:00,564.1900024414062,564.8900146484375,561.7301025390625,561.969970703125,12998348
2025-03-24 09:30:00-04:00,573.1300048828125,573.3400268554688,570.2000122070312,570.7999877929688,11935239
2025-03-24 10:30:00-04:00,573.7100219726562,573.989990234375,572.6799926757812,573.1500244140625,5127177
2025-03-24 11:30:00-04:00,573.25,574.3900146484375,573.1400146484375,573.719970703125,4519475
2025-03-24 12:30:00-04:00,573.0499877929688,573.5800170898438,572.4500122070312,573.260009765625,4215444
2025-03-24 13:30:00-04:00,572.405029296875,573.375,572.0499877929688,573.0499877929688,4375282
2025-03-24 14:30:00-04:00,573.9500122070312,574.2100219726562,572.07470703125,572.4000244140625,7088584
2025-03-24 15:30:00-04:00,574.02001953125,575.1500244140625,573.8400268554688,573.8599853515625,9435043
2025-03-25 09:30:00-04:00,575.7999877929688,575.8099975585938,573.9400024414062,575.2999877929688,7718246
2025-03-25 10:30:00-04:00,575.6900024414062,576.4099731445312,575.3699951171875,575.7999877929688,4948275
2025-03-25 11:30:00-04:00,574.5399169921875,575.760009765625,574.4000244140625,575.7000122070312,3396117
2025-03-25 12:30:00-04:00,574.1799926757812,575.5399780273438,574.02001953125,574.530029296875,2861597
2025-03-25 13:30:00-04:00,574.4099731445312,574.9498901367188,573.7999877929688,574.1900024414062,3931548
2025-03-25 14:30:00-04:00,574.1099853515625,574.6099853515625,573.6900024414062,574.4199829101562,4503362
2025-03-25 15:30:00-04:00,575.3499755859375,575.5999755859375,573.8699951171875,574.1099853515625,5892220
2025-03-26 09:30:00-04:00,573.375,576.3300170898438,572.4860229492188,575.1900024414062,7808006
2025-03-26 10:30:00-04:00,572.3400268554688,573.8400268554688,571.9500122070312,573.3699951171875,4534365
2025-03-26 11:30:00-04:00,571.0700073242188,572.7899780273438,570.1199951171875,572.3150024414062,5202833
2025-03-26 12:30:00-04:00,568.9500122070312,571.3900146484375,568.780029296875,571.0700073242188,4498548
2025-03-26 13:30:00-04:00,569.2406005859375,569.489990234375,567.9400024414062,568.9650268554688,5255436
2025-03-26 14:30:00-04:00,567.7000122070312,569.47998046875,567.1900024414062,569.219970703125,6319356
2025-03-26 15:30:00-04:00,568.75,569.5800170898438,567.6099853515625,567.7100219726562,9513866
2025-03-27 09:30:00-04:00,569.52001953125,569.5800170898438,564.9400024414062,567.1799926757812,9806384
2025-03-27 10:30:00-04:00,569.8599853515625,570.9000244140625,569.25,569.52001953125,4894428
2025-03-27 11:30:00-04:00,568.64501953125,569.9102172851562,567.7899780273438,569.8800048828125,4060587
2025-03-27 12:30:00-04:00,566.760009765625,569.2999877929688,566.3800048828125,568.6500244140625,3832902
2025-03-27 13:30:00-04:00,567.9600219726562,568.6799926757812,566.4229736328125,566.7899780273438,3318052
2025-03-27 14:30:00-04:00,569.780029296875,570.030029296875,567.4199829101562,568.2000122070312,4848641
2025-03-27 15:30:00-04:00,567.02001953125,569.8099975585938,566.719970703125,569.760009765625,7886197
2025-03-28 09:30:00-04:00,559.5700073242188,566.2675170898438,559.489990234375,565.530029296875,12922108
2025-03-28 10:30:00-04:00,558.9400024414062,560.1500244140625,557.77001953125,559.5650024414062,10464051
2025-03-28 11:30:00-04:00,556.8400268554688,559.7999877929688,556.6309814453125,558.9400024414062,5581413
2025-03-28 12:30:00-04:00,555.3900146484375,557.5786743164062,555.25,556.844970703125,6240584
2025-03-28 13:30:00-04:00,555.989990234375,556.969970703125,555.219970703125,555.360107421875,5582015
2025-03-28 14:30:00-04:00,555.77001953125,556.719970703125,555.3099975585938,555.9400024414062,6349082
2025-03-28 15:30:00-04:00,555.8200073242188,556.5,555.0700073242188,555.780029296875,12590136
2025-03-31 09:30:00-04:00,549.510009765625,551.5900268554688,546.8699951171875,549.8300170898438,14543912
2025-03-31 10:30:00-04:00,552.530029296875,553.469970703125,549.489990234375,549.5499877929688,7567469
2025-03-31 11:30:00-04:00,554.5549926757812,554.5900268554688,551.9149780273438,552.510009765625,5492250
2025-03-31 12:30:00-04:00,553.6400146484375,555.1599731445312,552.8200073242188,554.5499877929688,4460280
2025-03-31 13:30:00-04:00,556.9500122070312,556.9600219726562,552.7100219726562,553.6303100585938,7991520
2025-03-31 14:30:00-04:00,557.4099731445312,559.1900024414062,556.260009765625,556.9299926757812,12744082
2025-03-31 15:30:00-04:00,559.217529296875,560.711181640625,557.1300048828125,557.2999877929688,18177869
2025-04-01 09:30:00-04:00,555.1400146484375,558.5800170898438,553.6799926757812,557.4500122070312,10677559
2025-04-01 10:30:00-04:00,560.7990112304688,561.87939453125,555.030029296875,555.135009765625,9160334
2025-04-01 11:30:00-04:00,560.75,562.9400024414062,560.2000122070312,560.8200073242188,5017355
2025-04-01 12:30:00-04:00,559.4199829101562,561.3800048828125,559.1799926757812,560.760009765625,5087873
2025-04-01 13:30:00-04:00,556.6895141601562,560.3599853515625,556.4293212890625,559.3300170898438,5255171
2025-04-01 14:30:00-04:00,558.4293212890625,558.9949951171875,556.1500244140625,556.6749877929688,5055328
2025-04-01 15:30:00-04:00,561.0499877929688,561.52001953125,558.1713256835938,558.4299926757812,7822961
2025-04-02 09:30:00-04:00,560.8599853515625,560.9161987304688,555.0,555.0499877929688,11110187
2025-04-02 10:30:00-04:00,563.3099975585938,563.75,560.3400268554688,560.844970703125,4928412
2025-04-02 11:30:00-04:00,564.280029296875,564.280029296875,561.1021728515625,563.3300170898438,5175571
2025-04-02 12:30:00-04:00,566.076904296875,567.4199829101562,563.5700073242188,564.2899780273438,6932730
2025-04-02 13:30:00-04:00,561.0999755859375,566.098876953125,561.0999755859375,566.030029296875,6016884
2025-04-02 14:30:00-04:00,563.2000122070312,563.7849731445312,560.9600219726562,561.1099853515625,5155014
2025-04-02 15:30:00-04:00,564.6599731445312,565.655029296875,562.6500244140625,563.1799926757812,9980231
2025-04-03 09:30:00-04:00,543.0700073242188,547.969970703125,541.5700073242188,545.1099853515625,29004649
2025-04-03 10:30:00-04:00,541.72998046875,543.9000244140625,539.5800170898438,543.0399780273438,16552108
2025-04-03 11:30:00-04:00,545.9199829101562,545.9600219726562,541.6400146484375,541.780029296875,11059829
2025-04-03 12:30:00-04:00,542.260009765625,546.3599853515625,541.9199829101562,545.9400024414062,8382232
2025-04-03 13:30:00-04:00,540.7899780273438,543.7899780273438,540.364990234375,542.239990234375,7946313
2025-04-03 14:30:00-04:00,539.030029296875,542.3499755859375,538.5499877929688,540.77001953125,12979802
2025-04-03 15:30:00-04:00,537.6400146484375,539.6300048828125,537.5599975585938,539.0399780273438,20407737
2025-04-04 09:30:00-04:00,516.2899780273438,525.8699951171875,516.239990234375,524.72998046875,42365546
2025-04-04 10:30:00-04:00,516.3499755859375,522.5900268554688,510.04998779296875,516.260009765625,35813214
2025-04-04 11:30:00-04:00,512.3900146484375,518.3499755859375,511.8599853515625,516.4000244140625,15755943
2025-04-04 12:30:00-04:00,511.1600036621094,514.3599853515625,508.5799865722656,512.3400268554688,16611385
2025-04-04 13:30:00-04:00,508.79998779296875,515.8200073242188,508.55999755859375,511.1600036621094,18303026
2025-04-04 14:30:00-04:00,510.5199890136719,512.0399780273438,505.5199890136719,508.9100036621094,24417626
2025-04-04 15:30:00-04:00,505.510009765625,513.919677734375,505.05999755859375,510.5299987792969,30876759
2025-04-07 09:30:00-04:00,498.17999267578125,523.1699829101562,481.79998779296875,489.19000244140625,92264010
2025-04-07 10:30:00-04:00,493.7900085449219,509.7699890136719,492.6600036621094,498.19000244140625,47911914
2025-04-07 11:30:00-04:00,499.55999755859375,503.9800109863281,493.7300109863281,493.75,19441560
2025-04-07 12:30:00-04:00,505.6199951171875,505.94000244140625,494.70001220703125,499.55999755859375,18233685
2025-04-07 13:30:00-04:00,505.19000244140625,510.4700012207031,502.1600036621094,505.6199951171875,18390363
2025-04-07 14:30:00-04:00,500.6050109863281,508.3399963378906,500.1400146484375,505.1499938964844,17570375
2025-04-07 15:30:00-04:00,504.5400085449219,506.6400146484375,500.55999755859375,500.6050109863281,20887500
2025-04-08 09:30:00-04:00,523.3699951171875,524.9500122070312,517.7899780273438,521.8599853515625,32395682
2025-04-08 10:30:00-04:00,514.1599731445312,524.2100219726562,514.0999755859375,523.3599853515625,15639923
2025-04-08 11:30:00-04:00,513.9600219726562,518.5250244140625,511.79998779296875,514.1900024414062,12623527
2025-04-08 12:30:00-04:00,502.45001220703125,514.5999755859375,502.25,514.1300048828125,25291752
2025-04-08 13:30:00-04:00,502.4100036621094,509.1099853515625,502.0299987792969,502.3699951171875,15525802
2025-04-08 14:30:00-04:00,497.510009765625,507.82000732421875,494.489990234375,502.44000244140625,20869345
2025-04-08 15:30:00-04:00,496.739990234375,497.5899963378906,489.1600036621094,497.5299987792969,28407590
2025-04-09 09:30:00-04:00,498.9700012207031,503.6700134277344,493.42999267578125,493.44000244140625,36291097
2025-04-09 10:30:00-04:00,498.2799987792969,501.6700134277344,493.04998779296875,499.07000732421875,14350835
2025-04-09 11:30:00-04:00,499.260009765625,500.54998779296875,494.7699890136719,498.2900085449219,9459825
2025-04-09 12:30:00-04:00,523.9600219726562,533.4000244140625,498.6499938964844,499.19000244140625,42313803
2025-04-09 13:30:00-04:00,538.1500244140625,539.7100219726562,522.9500122070312,524.02001953125,48124914
2025-04-09 14:30:00-04:00,540.489990234375,541.780029296875,529.6799926757812,538.1599731445312,28925228
2025-04-09 15:30:00-04:00,542.8400268554688,546.3300170898438,539.5399780273438,540.4500122070312,30528201
2025-04-10 09:30:00-04:00,528.1099853515625,533.4949951171875,526.340087890625,532.1699829101562,30002994
2025-04-10 10:30:00-04:00,523.710205078125,531.9600219726562,523.7100219726562,528.1199951171875,14268723
2025-04-10 11:30:00-04:00,511.8599853515625,524.27001953125,509.32000732421875,523.719970703125,24992857
2025-04-10 12:30:00-04:00,519.3200073242188,524.7000122070312,511.5126953125,511.81500244140625,24306141
2025-04-10 13:30:00-04:00,528.3900146484375,528.760009765625,518.3200073242188,519.2100219726562,17647611
2025-04-10 14:30:00-04:00,522.4299926757812,529.7100219726562,522.3699951171875,528.3900146484375,15841554
2025-04-10 15:30:00-04:00,524.7100219726562,526.52001953125,518.2000122070312,522.469970703125,21618301
2025-04-11 09:30:00-04:00,520.6900024414062,528.8400268554688,520.0700073242188,523.010009765625,23549599
2025-04-11 10:30:00-04:00,523.0800170898438,527.4199829101562,520.0900268554688,520.7999877929688,10856787
2025-04-11 11:30:00-04:00,527.3900146484375,528.6699829101562,522.4199829101562,523.030029296875,6510151
2025-04-11 12:30:00-04:00,529.8300170898438,533.0900268554688,527.447509765625,527.5349731445312,9028032
2025-04-11 13:30:00-04:00,533.1500244140625,536.4299926757812,528.8400268554688,529.8400268554688,12079094
2025-04-11 14:30:00-04:00,534.739990234375,535.6799926757812,531.969970703125,533.1699829101562,8419270
2025-04-11 15:30:00-04:00,533.969970703125,535.4500122070312,533.47998046875,534.239990234375,14411198
2025-04-14 09:30:00-04:00,542.1199951171875,544.280029296875,539.2100219726562,544.0499877929688,15299938
2025-04-14 10:30:00-04:00,538.52001953125,543.8499755859375,538.4299926757812,542.1400146484375,7367485
2025-04-14 11:30:00-04:00,535.8499755859375,539.9299926757812,533.8599853515625,538.6400146484375,11263483
2025-04-14 12:30:00-04:00,537.2999877929688,539.22998046875,535.2899780273438,536.1900024414062,6740197
2025-04-14 13:30:00-04:00,540.3800048828125,540.510009765625,536.489990234375,537.260009765625,4787723
2025-04-14 14:30:00-04:00,541.3300170898438,542.5800170898438,540.0499877929688,540.3800048828125,6841970
2025-04-14 15:30:00-04:00,538.97998046875,542.1500244140625,538.3599853515625,541.3200073242188,10593214
2025-04-15 09:30:00-04:00,539.4000244140625,543.22998046875,538.1400146484375,539.6749877929688,13251297
2025-04-15 10:30:00-04:00,540.1701049804688,542.030029296875,539.0800170898438,539.4000244140625,6975391
2025-04-15 11:30:00-04:00,540.97998046875,541.6199951171875,539.4400024414062,540.219970703125,4160619
2025-04-15 12:30:00-04:00,537.760009765625,541.43017578125,537.3699951171875,541.0,4615591
2025-04-15 13:30:00-04:00,537.5,539.2457275390625,536.8099975585938,537.77001953125,5182402
2025-04-15 14:30:00-04:00,538.3433837890625,539.2899780273438,537.5499877929688,537.5800170898438,7834007
2025-04-15 15:30:00-04:00,537.72998046875,538.72998046875,537.1400146484375,538.3599853515625,7978727
2025-04-16 09:30:00-04:00,531.77001953125,533.8599853515625,529.6500244140625,531.6799926757812,11980414
2025-04-16 10:30:00-04:00,534.6400146484375,535.1099853515625,531.3049926757812,531.760009765625,7002305
2025-04-16 11:30:00-04:00,531.5050048828125,534.72998046875,530.7650146484375,534.6599731445312,6164417
2025-04-16 12:30:00-04:00,531.5294799804688,532.1199951171875,530.219970703125,531.5,5092151
2025-04-16 13:30:00-04:00,526.0,531.6199951171875,523.9400024414062,531.5499877929688,13272632
2025-04-16 14:30:00-04:00,520.6649780273438,526.1796875,520.2899780273438,526.0,11474421
2025-04-16 15:30:00-04:00,525.719970703125,526.1699829101562,520.6900024414062,520.6900024414062,13824406
2025-04-17 09:30:00-04:00,525.280029296875,529.3099975585938,525.1600952148438,527.6400146484375,13289315
2025-04-17 10:30:00-04:00,526.7100219726562,528.8499755859375,523.9099731445312,525.280029296875,13668147
2025-04-17 11:30:00-04:00,529.4500122070312,529.8699951171875,526.219970703125,526.7100219726562,8473718
2025-04-17 12:30:00-04:00,527.6799926757812,530.4099731445312,527.6099853515625,529.4500122070312,5332592
2025-04-17 13:30:00-04:00,530.02001953125,531.1649780273438,527.6699829101562,527.6900024414062,8628170
2025-04-17 14:30:00-04:00,527.3099975585938,530.9199829101562,526.6300048828125,530.02001953125,7770089
2025-04-17 15:30:00-04:00,526.3900146484375,528.510009765625,525.7100219726562,527.3599853515625,11827981
2025-04-21 09:30:00-04:00,515.6300048828125,521.6199951171875,515.1900024414062,521.5496215820312,10143236
2025-04-21 10:30:00-04:00,513.1099853515625,516.8599853515625,512.7899780273438,515.6400146484375,7214382
2025-04-21 11:30:00-04:00,511.6600036621094,513.3599853515625,510.79998779296875,513.1099853515625,7379820
2025-04-21 12:30:00-04:00,509.9612121582031,513.25,509.5408935546875,511.6600036621094,8162306
2025-04-21 13:30:00-04:00,509.9100036621094,510.510009765625,508.4599914550781,509.95001220703125,6279346
2025-04-21 14:30:00-04:00,510.364990234375,511.1700134277344,508.69000244140625,509.8999938964844,10260524
2025-04-21 15:30:00-04:00,513.969970703125,514.8699951171875,510.3599853515625,510.3599853515625,12839723
2025-04-22 09:30:00-04:00,523.0599975585938,523.4400024414062,519.1925048828125,520.1400146484375,10672175
2025-04-22 10:30:00-04:00,524.9400024414062,525.8137817382812,522.260009765625,523.0700073242188,6943018
2025-04-22 11:30:00-04:00,528.7999877929688,529.3049926757812,523.760009765625,524.9500122070312,10602089
2025-04-22 12:30:00-04:00,522.6500244140625,529.1099853515625,522.3300170898438,528.7899780273438,11379772
2025-04-22 13:30:00-04:00,525.3900146484375,525.6699829101562,521.760009765625,522.5700073242188,7422148
2025-04-22 14:30:00-04:00,524.6900024414062,527.22998046875,524.25,525.3900146484375,6653271
2025-04-22 15:30:00-04:00,526.969970703125,527.5,524.2100219726562,524.6699829101562,10594115
2025-04-23 09:30:00-04:00,543.8800048828125,545.4000244140625,539.5999755859375,540.4299926757812,26408712
2025-04-23 10:30:00-04:00,538.5900268554688,545.2000122070312,537.6699829101562,543.8200073242188,11096086
2025-04-23 11:30:00-04:00,536.2999877929688,539.510009765625,534.0,538.5999755859375,9860877
2025-04-23 12:30:00-04:00,538.2000122070312,539.5900268554688,535.7899780273438,536.2999877929688,6905212
2025-04-23 13:30:00-04:00,536.5700073242188,538.989990234375,536.260009765625,538.2100219726562,7003154
2025-04-23 14:30:00-04:00,534.6300048828125,537.72998046875,534.0999755859375,536.5700073242188,7442804
2025-04-23 15:30:00-04:00,535.3800048828125,537.1699829101562,533.8800048828125,534.7100219726562,12899201
2025-04-24 09:30:00-04:00,542.2341918945312,542.3300170898438,535.4503784179688,536.7150268554688,11823494
2025-04-24 10:30:00-04:00,542.47998046875,543.8699951171875,540.989990234375,542.22998046875,8605841
2025-04-24 11:30:00-04:00,544.4400024414062,544.969970703125,541.8900146484375,542.510009765625,5649295
2025-04-24 12:30:00-04:00,544.97998046875,545.847900390625,544.030029296875,544.4400024414062,5198085
2025-04-24 13:30:00-04:00,545.510009765625,546.3300170898438,544.3699951171875,545.5,5310413
2025-04-24 14:30:00-04:00,544.8699951171875,546.9000244140625,544.280029296875,545.510009765625,6956390
2025-04-24 15:30:00-04:00,546.530029296875,547.4299926757812,544.75,545.0999755859375,10593515
2025-04-25 09:30:00-04:00,544.5599975585938,548.1141967773438,543.8900146484375,546.6500244140625,13256636
2025-04-25 10:30:00-04:00,546.4600219726562,547.5,543.6900024414062,544.5999755859375,5815360
2025-04-25 11:30:00-04:00,548.3300170898438,548.544189453125,545.7000122070312,546.4940185546875,4107672
2025-04-25 12:30:00-04:00,550.9744262695312,551.0499877929688,547.97998046875,548.3499755859375,5682786
2025-04-25 13:30:00-04:00,549.739990234375,550.989990234375,546.760009765625,550.9600219726562,8913874
2025-04-25 14:30:00-04:00,549.64501953125,550.75,549.3049926757812,549.75,6007432
2025-04-25 15:30:00-04:00,550.530029296875,550.9099731445312,548.760009765625,549.6300048828125,8236078
2025-04-28 09:30:00-04:00,550.9400024414062,553.5499877929688,549.6599731445312,551.3900146484375,10374700
2025-04-28 10:30:00-04:00,547.2100219726562,551.8800048828125,547.030029296875,550.9500122070312,5731283
2025-04-28 11:30:00-04:00,546.02001953125,548.5413208007812,545.7000122070312,547.2000122070312,4964181
2025-04-28 12:30:00-04:00,545.3699951171875,547.4500122070312,545.1799926757812,546.030029296875,4294425
2025-04-28 13:30:00-04:00,548.5900268554688,548.8300170898438,545.02001953125,545.344970703125,4038625
2025-04-28 14:30:00-04:00,550.5924072265625,550.8400268554688,547.969970703125,548.5599975585938,4835838
2025-04-28 15:30:00-04:00,550.9400024414062,552.280029296875,550.010009765625,550.52001953125,6817382
2025-04-29 09:30:00-04:00,549.9199829101562,552.7999877929688,548.5499877929688,548.9099731445312,10388140
2025-04-29 10:30:00-04:00,552.2398071289062,553.2918090820312,549.8200073242188,549.89501953125,4407630
2025-04-29 11:30:00-04:00,552.8900146484375,553.4500122070312,550.8720092773438,552.239990234375,3642300
2025-04-29 12:30:00-04:00,552.6300048828125,553.1898803710938,550.510009765625,552.89501953125,4250907
2025-04-29 13:30:00-04:00,554.9099731445312,555.440673828125,552.5399780273438,552.6458740234375,6471812
2025-04-29 14:30:00-04:00,554.5999755859375,555.27001953125,554.1199951171875,554.9000244140625,5260271
2025-04-29 15:30:00-04:00,554.1400146484375,555.4500122070312,553.8200073242188,554.6300048828125,7761198
2025-04-30 09:30:00-04:00,546.3099975585938,547.5800170898438,541.52001953125,547.5700073242188,17806645
2025-04-30 10:30:00-04:00,549.010009765625,549.7449951171875,545.3099975585938,546.3099975585938,8289839
2025-04-30 11:30:00-04:00,548.0900268554688,550.239990234375,547.780029296875,549.0050048828125,6305108
2025-04-30 12:30:00-04:00,550.030029296875,550.1500244140625,547.1400146484375,548.0900268554688,4347912
2025-04-30 13:30:00-04:00,550.47998046875,553.0999755859375,549.75,550.0,7780712
2025-04-30 14:30:00-04:00,549.7899780273438,551.1099853515625,549.1099853515625,550.6099853515625,7643665
2025-04-30 15:30:00-04:00,554.3499755859375,556.52001953125,549.3800048828125,549.8200073242188,23351483
2025-05-01 09:30:00-04:00,562.0317993164062,562.2100219726562,558.6500244140625,560.3200073242188,14801452
2025-05-01 10:30:00-04:00,563.260009765625,564.0698852539062,561.1701049804688,562.0499877929688,8500612
2025-05-01 11:30:00-04:00,560.3099975585938,563.4400024414062,559.0599975585938,563.260009765625,6560534
2025-05-01 12:30:00-04:00,561.3400268554688,561.9462280273438,559.2000122070312,560.3099975585938,4561612
2025-05-01 13:30:00-04:00,561.8900146484375,562.3499755859375,559.8931884765625,561.3499755859375,3919570
2025-05-01 14:30:00-04:00,562.030029296875,562.6900024414062,560.85498046875,561.9000244140625,5567524
2025-05-01 15:30:00-04:00,558.4600219726562,562.489990234375,557.8599853515625,562.02001953125,9892493
2025-05-02 09:30:00-04:00,566.2999877929688,566.3200073242188,562.5900268554688,564.739990234375,14715839
2025-05-02 10:30:00-04:00,564.6500244140625,566.3099975585938,564.510009765625,566.2999877929688,5370961
2025-05-02 11:30:00-04:00,567.1799926757812,567.9400024414062,564.4600219726562,564.6699829101562,6821035
2025-05-02 12:30:00-04:00,566.780029296875,568.07958984375,566.3599853515625,567.2000122070312,4182630
2025-05-02 13:30:00-04:00,567.6500244140625,567.9588012695312,566.5,566.780029296875,3377235
2025-05-02 14:30:00-04:00,567.6699829101562,568.3800048828125,566.1500244140625,567.8150024414062,7343588
2025-05-02 15:30:00-04:00,566.6199951171875,567.8300170898438,566.02001953125,567.6400146484375,10188304
2025-05-05 09:30:00-04:00,563.6900024414062,564.2891235351562,561.7000122070312,562.5700073242188,8989771
2025-05-05 10:30:00-04:00,564.8048706054688,565.3099975585938,562.9199829101562,563.6900024414062,5761443
2025-05-05 11:30:00-04:00,565.7100219726562,565.89990234375,563.8400268554688,564.8090209960938,3571280
2025-05-05 12:30:00-04:00,565.1599731445312,565.9598999023438,564.8400268554688,565.7000122070312,2985650
2025-05-05 13:30:00-04:00,566.1500244140625,566.3800048828125,565.0800170898438,565.1500244140625,2558293
2025-05-05 14:30:00-04:00,564.77001953125,566.6500244140625,564.5599975585938,566.1300048828125,5293379
2025-05-05 15:30:00-04:00,563.530029296875,565.3699951171875,563.0900268554688,564.760009765625,5955041
2025-05-06 09:30:00-04:00,560.6199951171875,560.9000244140625,556.9749755859375,557.9299926757812,9887290
2025-05-06 10:30:00-04:00,561.6500244140625,561.8200073242188,560.3397827148438,560.5900268554688,4261624
2025-05-06 11:30:00-04:00,560.589599609375,563.3475952148438,560.1400146484375,561.4151000976562,6042282
2025-05-06 12:30:00-04:00,559.719970703125,561.4600219726562,559.1204223632812,560.5499877929688,3714651
2025-05-06 13:30:00-04:00,560.489990234375,560.510009765625,558.3200073242188,559.6798706054688,4315157
2025-05-06 14:30:00-04:00,560.7849731445312,561.119873046875,559.8701171875,560.4614868164062,4940177
2025-05-06 15:30:00-04:00,558.7999877929688,561.4000244140625,558.719970703125,560.7999877929688,8578253
2025-05-07 09:30:00-04:00,561.8200073242188,561.9600219726562,559.5202026367188,559.6799926757812,7390135
2025-05-07 10:30:00-04:00,559.1608276367188,561.97998046875,558.3800048828125,561.8049926757812,5241625
2025-05-07 11:30:00-04:00,559.1799926757812,560.4000244140625,558.5999755859375,559.0999755859375,3991307
2025-05-07 12:30:00-04:00,561.243408203125,561.8499755859375,559.0700073242188,559.1900024414062,2352959
2025-05-07 13:30:00-04:00,557.97998046875,561.412109375,556.0399780273438,561.25,7360993
2025-05-07 14:30:00-04:00,557.8699951171875,562.6400146484375,557.3101196289062,557.9500122070312,8213874
2025-05-07 15:30:00-04:00,561.219970703125,563.8200073242188,557.52001953125,557.8599853515625,12055361
2025-05-08 09:30:00-04:00,564.4299926757812,565.6400146484375,562.3005981445312,565.239990234375,9829233
2025-05-08 10:30:00-04:00,566.2000122070312,566.719970703125,561.7000122070312,564.4652709960938,9288012
2025-05-08 11:30:00-04:00,568.79931640625,569.7100219726562,565.4299926757812,566.22998046875,9913524
2025-05-08 12:30:00-04:00,569.2000122070312,570.3099975585938,568.7100219726562,568.7999877929688,4731360
2025-05-08 13:30:00-04:00,568.030029296875,569.3900146484375,567.4199829101562,569.2000122070312,4592518
2025-05-08 14:30:00-04:00,569.02001953125,569.3699951171875,567.6300048828125,568.030029296875,8249840
2025-05-08 15:30:00-04:00,564.9099731445312,569.1300048828125,564.5399780273438,569.030029296875,11037567
2025-05-09 09:30:00-04:00,564.469970703125,567.5,563.8300170898438,566.47998046875,7453267
2025-05-09 10:30:00-04:00,564.5499877929688,565.280029296875,562.763671875,564.4699096679688,6007536
2025-05-09 11:30:00-04:00,563.8800048828125,565.6353149414062,563.4401245117188,564.5399780273438,3405028
2025-05-09 12:30:00-04:00,563.9600219726562,564.52001953125,562.8699951171875,564.1099853515625,3575990
2025-05-09 13:30:00-04:00,564.2999877929688,565.35498046875,563.530029296875,563.9600219726562,2776528
2025-05-09 14:30:00-04:00,564.9500122070312,565.8900146484375,564.2449951171875,564.3001098632812,4280933
2025-05-09 15:30:00-04:00,564.280029296875,565.1699829101562,564.0999755859375,564.9600219726562,5969653
2025-05-12 09:30:00-04:00,578.260009765625,581.72998046875,577.8900146484375,581.469970703125,20192543
2025-05-12 10:30:00-04:00,578.8499755859375,580.1799926757812,577.0399780273438,578.27001953125,10340279
2025-05-12 11:30:00-04:00,579.2999877929688,579.8300170898438,577.9774780273438,578.8699951171875,6642432
2025-05-12 12:30:00-04:00,581.3198852539062,582.4299926757812,579.2349853515625,579.27001953125,7166886
2025-05-12 13:30:00-04:00,581.9500122070312,582.1798706054688,581.1599731445312,581.2899780273438,4405927
2025-05-12 14:30:00-04:00,581.52001953125,582.510009765625,581.1403198242188,581.97998046875,7454454
2025-05-12 15:30:00-04:00,582.8300170898438,583.0,580.7999877929688,581.510009765625,13240163
2025-05-13 09:30:00-04:00,586.8200073242188,587.9000244140625,582.8400268554688,583.4099731445312,14905940
2025-05-13 10:30:00-04:00,587.7000122070312,588.0900268554688,586.1099853515625,586.8400268554688,7815170
2025-05-13 11:30:00-04:00,587.6917114257812,588.4400024414062,586.9600219726562,587.6900024414062,8810868
2025-05-13 12:30:00-04:00,588.3300170898438,588.3900146484375,587.2899780273438,587.6599731445312,5181652
2025-05-13 13:30:00-04:00,587.8900146484375,589.0698852539062,587.4600219726562,588.3350219726562,7405702
2025-05-13 14:30:00-04:00,588.4500122070312,588.9600219726562,587.4899291992188,587.9199829101562,6511291
2025-05-13 15:30:00-04:00,586.8300170898438,589.0800170898438,586.72998046875,588.4400024414062,9972272
2025-05-14 09:30:00-04:00,587.52001953125,588.97998046875,586.3900146484375,587.8099975585938,12225116
2025-05-14 10:30:00-04:00,587.8599853515625,588.0650024414062,585.7999877929688,587.489990234375,7225800
2025-05-14 11:30:00-04:00,587.9149780273438,588.5449829101562,587.6900024414062,587.8599243164062,4932545
2025-05-14 12:30:00-04:00,586.3300170898438,588.5651245117188,585.5349731445312,587.9299926757812,6426228
2025-05-14 13:30:00-04:00,586.8599853515625,587.6950073242188,586.22998046875,586.3200073242188,5034721
2025-05-14 14:30:00-04:00,587.0050048828125,588.219970703125,586.47021484375,586.8699951171875,7316231
2025-05-14 15:30:00-04:00,587.5499877929688,588.1400146484375,586.3900146484375,587.0,13249757
2025-05-15 09:30:00-04:00,585.8900146484375,587.1300048828125,585.096923828125,585.5599975585938,12838541
2025-05-15 10:30:00-04:00,588.3499755859375,588.9099731445312,585.3099975585938,585.8699951171875,10295385
2025-05-15 11:30:00-04:00,589.1699829101562,590.0999755859375,588.0648803710938,588.3699951171875,8985981
2025-05-15 12:30:00-04:00,590.6849975585938,590.969970703125,588.8300170898438,589.1599731445312,6042278
2025-05-15 13:30:00-04:00,589.5098876953125,590.6900024414062,588.6900024414062,590.6799926757812,6607011
2025-05-15 14:30:00-04:00,588.77001953125,590.3300170898438,588.3049926757812,589.5,7729197
2025-05-15 15:30:00-04:00,590.4000244140625,590.4400024414062,588.739990234375,588.75,11694962
2025-05-16 09:30:00-04:00,590.8900146484375,591.6300048828125,590.010009765625,591.25,12294904
2025-05-16 10:30:00-04:00,590.9000244140625,591.0800170898438,589.280029296875,590.8900146484375,11485692
2025-05-16 11:30:00-04:00,592.0599975585938,592.280029296875,590.8800048828125,590.8900146484375,6578894
2025-05-16 12:30:00-04:00,593.0900268554688,593.2899780273438,591.7799072265625,592.0700073242188,6501256
2025-05-16 13:30:00-04:00,593.260009765625,593.47998046875,592.5800170898438,593.0999755859375,6071507
2025-05-16 14:30:00-04:00,593.85498046875,594.3493041992188,593.0507202148438,593.260009765625,7621600
2025-05-16 15:30:00-04:00,594.2999877929688,594.5,593.1900024414062,593.8499755859375,10461275
2025-05-19 09:30:00-04:00,592.25,593.2999877929688,588.469970703125,589.0,17358545
2025-05-19 10:30:00-04:00,592.3565063476562,592.9099731445312,591.6099853515625,591.8300170898438,6361965
2025-05-19 11:30:00-04:00,593.9622192382812,594.1400146484375,588.510009765625,592.3499755859375,5228334
2025-05-19 12:30:00-04:00,595.1099853515625,595.5399780273438,593.5700073242188,593.97998046875,9582528
2025-05-19 13:30:00-04:00,593.75,595.4766235351562,588.5499877929688,595.1099853515625,6559021
2025-05-19 14:30:00-04:00,593.5449829101562,594.6599731445312,593.1599731445312,593.7899780273438,7597408
2025-05-19 15:30:00-04:00,594.9400024414062,595.25,593.5150146484375,593.5599975585938,9470635
2025-05-20 09:30:00-04:00,592.9000244140625,593.6300048828125,592.0399780273438,593.0900268554688,9716938
2025-05-20 10:30:00-04:00,593.4400024414062,594.0499877929688,592.489990234375,592.8800048828125,5311163
2025-05-20 11:30:00-04:00,592.6799926757812,593.5399780273438,592.2349853515625,593.4400024414062,4567232
2025-05-20 12:30:00-04:00,593.4600219726562,593.7999877929688,592.6300048828125,592.6900024414062,5071793
2025-05-20 13:30:00-04:00,590.8099975585938,593.530029296875,590.6201171875,593.4500122070312,7325785
2025-05-20 14:30:00-04:00,591.3200073242188,591.6500244140625,589.6599731445312,590.8099975585938,11976634
2025-05-20 15:30:00-04:00,592.8300170898438,592.9650268554688,591.3200073242188,591.3200073242188,9607626
2025-05-21 09:30:00-04:00,589.6199951171875,591.4199829101562,588.4199829101562,588.4400024414062,14010305
2025-05-21 10:30:00-04:00,591.7899780273438,592.239990234375,588.8699951171875,589.6300048828125,8605492
2025-05-21 11:30:00-04:00,591.7896728515625,592.2949829101562,591.25,591.77001953125,5629600
2025-05-21 12:30:00-04:00,584.6900024414062,592.5800170898438,584.5499877929688,591.7999877929688,13406451
2025-05-21 13:30:00-04:00,585.260009765625,587.760009765625,584.1500244140625,584.260009765625,15629094
2025-05-21 14:30:00-04:00,582.25,586.280029296875,581.8200073242188,585.280029296875,13870481
2025-05-21 15:30:00-04:00,582.969970703125,584.6199951171875,582.260009765625,582.5250244140625,14454245
2025-05-22 09:30:00-04:00,582.8400268554688,585.1699829101562,581.405029296875,582.7999877929688,15316618
2025-05-22 10:30:00-04:00,582.5499877929688,583.8400268554688,581.510009765625,582.8400268554688,8877645
2025-05-22 11:30:00-04:00,584.3250122070312,585.6099853515625,582.4199829101562,582.5399780273438,7103770
2025-05-22 12:30:00-04:00,584.6699829101562,584.8699951171875,582.6300048828125,584.3200073242188,6282663
2025-05-22 13:30:00-04:00,585.5700073242188,586.0,584.3099975585938,584.6799926757812,7282587
2025-05-22 14:30:00-04:00,586.510009765625,586.6199951171875,584.8900146484375,585.5800170898438,8345299
2025-05-22 15:30:00-04:00,583.030029296875,586.5665283203125,582.5800170898438,586.5,13429428
2025-05-23 09:30:00-04:00,577.719970703125,578.8699951171875,575.5999755859375,576.3300170898438,24533949
2025-05-23 10:30:00-04:00,578.47998046875,578.9498901367188,576.8093872070312,577.7100219726562,7673773
2025-05-23 11:30:00-04:00,578.6599731445312,579.72998046875,577.52001953125,578.489990234375,6690933
2025-05-23 12:30:00-04:00,581.0900268554688,581.1599731445312,577.9508056640625,578.6500244140625,6415373
2025-05-23 13:30:00-04:00,580.7650146484375,581.8101196289062,579.989990234375,581.0700073242188,6718603
2025-05-23 14:30:00-04:00,579.9000244140625,581.530029296875,579.3800048828125,580.739990234375,7048290
2025-05-23 15:30:00-04:00,579.1699829101562,581.030029296875,578.489990234375,579.8800048828125,10593820
2025-05-27 09:30:00-04:00,587.8699951171875,588.25,584.3699951171875,586.0700073242188,18223546
2025-05-27 10:30:00-04:00,588.8099975585938,589.010009765625,587.625,587.8699951171875,8361786
2025-05-27 11:30:00-04:00,589.3699951171875,589.6199951171875,588.4749755859375,588.7999877929688,6836693
2025-05-27 12:30:00-04:00,590.1701049804688,590.6699829101562,578.4299926757812,589.469970703125,6681452
2025-05-27 13:30:00-04:00,590.6699829101562,591.3099975585938,590.0,590.1799926757812,6364063
2025-05-27 14:30:00-04:00,590.2949829101562,590.9393920898438,590.1749877929688,590.6699829101562,8632814
2025-05-27 15:30:00-04:00,591.0499877929688,591.0599975585938,589.8800048828125,590.219970703125,12579225
2025-05-28 09:30:00-04:00,590.219970703125,592.768798828125,589.9500122070312,591.5599975585938,12679997
2025-05-28 10:30:00-04:00,589.4000244140625,590.3300170898438,589.1300048828125,590.22998046875,7356410
2025-05-28 11:30:00-04:00,589.875,589.97998046875,588.969970703125,589.3900146484375,5233224
2025-05-28 12:30:00-04:00,590.2899169921875,590.614990234375,589.635009765625,589.8599853515625,4625163
2025-05-28 13:30:00-04:00,590.114990234375,590.4400024414062,589.4299926757812,590.27001953125,4911145
2025-05-28 14:30:00-04:00,589.5150146484375,590.7899780273438,587.9199829101562,590.219970703125,11231806
2025-05-28 15:30:00-04:00,587.7100219726562,589.64501953125,586.9849853515625,589.510009765625,12622870
2025-05-29 09:30:00-04:00,590.0999755859375,593.2000122070312,588.5,593.0599975585938,17336183
2025-05-29 10:30:00-04:00,590.719970703125,591.0900268554688,589.2899780273438,589.969970703125,6635719
2025-05-29 11:30:00-04:00,588.989990234375,590.8049926757812,586.0700073242188,590.7100219726562,9834735
2025-05-29 12:30:00-04:00,589.3200073242188,590.4500122070312,588.9000854492188,588.989990234375,5342792
2025-05-29 13:30:00-04:00,588.030029296875,589.8099975585938,587.6099853515625,589.3300170898438,6437664
2025-05-29 14:30:00-04:00,588.8900146484375,589.72998046875,588.010009765625,588.010009765625,8098920
2025-05-29 15:30:00-04:00,589.989990234375,590.6649780273438,588.8800048828125,588.8900146484375,10398928
2025-05-30 09:30:00-04:00,589.5999755859375,589.8599853515625,586.4000244140625,588.9299926757812,13366690
2025-05-30 10:30:00-04:00,589.1254272460938,589.9199829101562,588.0399780273438,589.5900268554688,5424046
2025-05-30 11:30:00-04:00,585.0999755859375,589.3699951171875,584.6799926757812,589.1300048828125,9174432
2025-05-30 12:30:00-04:00,585.89501953125,586.0599975585938,583.2349853515625,585.0850219726562,13762180
2025-05-30 13:30:00-04:00,588.260009765625,588.719970703125,585.5399780273438,585.8900146484375,9393426
2025-05-30 14:30:00-04:00,590.6400146484375,590.9500122070312,587.760009765625,588.27001953125,8100110
2025-05-30 15:30:00-04:00,589.4600219726562,591.1298828125,589.239990234375,590.6500244140625,20325887
2025-06-02 09:30:00-04:00,588.5900268554688,589.739990234375,585.0599975585938,587.760009765625,16379196
2025-06-02 10:30:00-04:00,588.5399780273438,589.6799926757812,588.1199951171875,588.5800170898438,8079729
2025-06-02 11:30:00-04:00,589.4099731445312,590.0599975585938,588.1300048828125,588.5700073242188,4547941
2025-06-02 12:30:00-04:00,589.8599853515625,590.6099853515625,589.0399780273438,589.3699951171875,3847517
2025-06-02 13:30:00-04:00,591.5050048828125,591.7000122070312,589.5,590.1599731445312,5499621
2025-06-02 14:30:00-04:00,592.4000244140625,592.719970703125,591.1749877929688,591.5,7791123
2025-06-02 15:30:00-04:00,592.6199951171875,592.7899780273438,591.6500244140625,592.3900146484375,9570359
2025-06-03 09:30:00-04:00,593.89501953125,593.9000244140625,591.8499755859375,592.3400268554688,11007769
2025-06-03 10:30:00-04:00,594.969970703125,595.1599731445312,593.1699829101562,593.8900146484375,7257062
2025-06-03 11:30:00-04:00,596.0750122070312,596.2501220703125,594.8300170898438,594.9600219726562,7305868
2025-06-03 12:30:00-04:00,596.75,597.0800170898438,596.02001953125,596.0800170898438,6207966
2025-06-03 13:30:00-04:00,596.1500244140625,596.969970703125,594.8001098632812,596.77001953125,8620498
2025-06-03 14:30:00-04:00,596.260009765625,596.510009765625,595.780029296875,596.3200073242188,7465413
2025-06-03 15:30:00-04:00,596.1099853515625,596.5,595.22998046875,596.2550048828125,10050862
2025-06-04 09:30:00-04:00,597.5850219726562,597.9500122070312,595.489990234375,596.9600219726562,14168810
2025-06-04 10:30:00-04:00,596.989990234375,597.875,596.7100219726562,597.5800170898438,6692843
2025-06-04 11:30:00-04:00,595.9249877929688,597.4099731445312,595.7908935546875,596.989990234375,6308546
2025-06-04 12:30:00-04:00,597.3150024414062,597.4299926757812,595.8699951171875,595.9099731445312,4931733
2025-06-04 13:30:00-04:00,597.5900268554688,597.9299926757812,597.0499877929688,597.3099975585938,4968161
2025-06-04 14:30:00-04:00,597.030029296875,597.6799926757812,596.7100219726562,597.5900268554688,6026430
2025-06-04 15:30:00-04:00,595.8900146484375,597.2449951171875,595.8900146484375,597.030029296875,10216803
2025-06-05 09:30:00-04:00,596.1649780273438,597.905029296875,593.9099731445312,597.6300048828125,14363183
2025-06-05 10:30:00-04:00,598.6600952148438,598.7349853515625,594.3200073242188,596.1599731445312,14635224
2025-06-05 11:30:00-04:00,597.8900146484375,599.0,597.030029296875,598.6500244140625,6798369
2025-06-05 12:30:00-04:00,596.469970703125,598.02001953125,594.260009765625,597.9000244140625,9975644
2025-06-05 13:30:00-04:00,595.219970703125,596.9796752929688,593.0599975585938,596.4500122070312,8970315
2025-06-05 14:30:00-04:00,592.4600219726562,596.1199951171875,591.0499877929688,595.3200073242188,14635948
2025-06-05 15:30:00-04:00,593.0,594.77001953125,592.2000122070312,592.469970703125,14761203
2025-06-06 09:30:00-04:00,599.1799926757812,600.8300170898438,598.4099731445312,598.469970703125,16926975
2025-06-06 10:30:00-04:00,598.510009765625,600.3599853515625,597.25,599.1599731445312,9169230
2025-06-06 11:30:00-04:00,598.5900268554688,599.3900146484375,597.9699096679688,598.47998046875,5243412
2025-06-06 12:30:00-04:00,598.1900024414062,598.8900146484375,596.8599853515625,598.5800170898438,7491490
2025-06-06 13:30:00-04:00,599.5800170898438,600.1300048828125,598.2000122070312,598.2000122070312,6229814
2025-06-06 14:30:00-04:00,599.3499755859375,600.6400146484375,599.1799926757812,599.5900268554688,7033030
2025-06-06 15:30:00-04:00,599.0399780273438,599.8499755859375,598.9099731445312,599.3400268554688,9340611
2025-06-09 09:30:00-04:00,599.7100219726562,599.989990234375,598.5,599.719970703125,10457164
2025-06-09 10:30:00-04:00,599.2150268554688,600.4000244140625,599.030029296875,599.7100219726562,6704932
2025-06-09 11:30:00-04:00,599.7899780273438,600.010009765625,599.1900024414062,599.219970703125,4409926
2025-06-09 12:30:00-04:00,600.8300170898438,601.1300048828125,599.780029296875,599.8499755859375,5118838
2025-06-09 13:30:00-04:00,601.0499877929688,601.25,600.5599975585938,600.8300170898438,3924411
2025-06-09 14:30:00-04:00,600.5399780273438,601.219970703125,600.3300170898438,601.02001953125,6602124
2025-06-09 15:30:00-04:00,599.5700073242188,600.739990234375,599.4199829101562,600.4199829101562,10817021
2025-06-10 09:30:00-04:00,601.1900024414062,601.2698974609375,600.1599731445312,600.219970703125,9148305
2025-06-10 10:30:00-04:00,601.1749877929688,601.6199951171875,600.8800048828125,601.2000122070312,6353043
2025-06-10 11:30:00-04:00,601.8790893554688,601.97998046875,599.0900268554688,601.1599731445312,8746728
2025-06-10 12:30:00-04:00,601.9099731445312,602.5900268554688,601.719970703125,601.8800048828125,5359264
2025-06-10 13:30:00-04:00,600.9249877929688,602.0087280273438,600.1199951171875,601.8350219726562,7582386
2025-06-10 14:30:00-04:00,602.6320190429688,603.469970703125,600.8499755859375,600.9199829101562,9707123
2025-06-10 15:30:00-04:00,603.030029296875,603.22998046875,601.6099853515625,602.6300048828125,9853401
2025-06-11 09:30:00-04:00,604.7349853515625,604.885009765625,602.25,604.1900024414062,14035912
2025-06-11 10:30:00-04:00,604.219970703125,605.0599975585938,604.0999755859375,604.739990234375,6570940
2025-06-11 11:30:00-04:00,603.219970703125,604.4400024414062,601.9600219726562,604.2100219726562,8740495
2025-06-11 12:30:00-04:00,604.3499755859375,604.4299926757812,602.739990234375,603.2100219726562,6113938
2025-06-11 13:30:00-04:00,600.7100219726562,604.4450073242188,599.27001953125,604.3499755859375,12850785
2025-06-11 14:30:00-04:00,600.47998046875,602.1599731445312,599.8599853515625,600.72998046875,10808731
2025-06-11 15:30:00-04:00,601.4099731445312,601.5900268554688,599.72998046875,600.469970703125,10428465
2025-06-12 09:30:00-04:00,602.47998046875,602.6400146484375,599.52001953125,600.010009765625,12825573
2025-06-12 10:30:00-04:00,602.4500122070312,603.6199951171875,601.5399780273438,602.489990234375,10733664
2025-06-12 11:30:00-04:00,603.0045776367188,603.3200073242188,601.739990234375,602.5800170898438,7522959
2025-06-12 12:30:00-04:00,602.97998046875,603.4199829101562,602.1500244140625,602.989990234375,6264092
2025-06-12 13:30:00-04:00,602.8099975585938,603.5604248046875,602.4199829101562,603.25,5371261
2025-06-12 14:30:00-04:00,603.2946166992188,603.5700073242188,602.4600219726562,602.8400268554688,6710873
2025-06-12 15:30:00-04:00,603.6799926757812,603.719970703125,602.3900146484375,603.280029296875,9047936
2025-06-13 09:30:00-04:00,596.77001953125,600.3699951171875,596.6300048828125,598.5,17134140
2025-06-13 10:30:00-04:00,600.5800170898438,600.6699829101562,596.6500244140625,596.8699951171875,9646295
2025-06-13 11:30:00-04:00,600.8800048828125,601.8499755859375,600.2919921875,600.5700073242188,7046697
2025-06-13 12:30:00-04:00,599.530029296875,601.489990234375,599.1699829101562,600.8900146484375,6777015
2025-06-13 13:30:00-04:00,597.1099853515625,600.2899780273438,597.0,599.52001953125,10577993
2025-06-13 14:30:00-04:00,596.2692260742188,597.6849975585938,595.5900268554688,597.0999755859375,15561117
2025-06-13 15:30:00-04:00,596.9400024414062,597.25,595.47998046875,596.280029296875,15491115
2025-06-16 09:30:00-04:00,604.0700073242188,604.1799926757812,600.9600219726562,600.9600219726562,18161139
2025-06-16 10:30:00-04:00,603.3779907226562,604.4500122070312,603.27001953125,604.0700073242188,9410613
2025-06-16 11:30:00-04:00,603.02001953125,603.8400268554688,602.77001953125,603.3800048828125,6296835
2025-06-16 12:30:00-04:00,603.3800048828125,603.4901123046875,602.330078125,603.02001953125,6573254
2025-06-16 13:30:00-04:00,602.5599975585938,603.7100219726562,602.1300048828125,603.3900146484375,6399842
2025-06-16 14:30:00-04:00,602.0499877929688,602.77001953125,601.6400146484375,602.5700073242188,10621710
2025-06-16 15:30:00-04:00,602.7000122070312,602.7999877929688,601.7899780273438,602.0399780273438,11076904
2025-06-17 09:30:00-04:00,601.1699829101562,601.6400146484375,599.1799926757812,600.530029296875,13493297
2025-06-17 10:30:00-04:00,600.469970703125,601.75,600.3699951171875,601.260009765625,6974688
2025-06-17 11:30:00-04:00,601.1500244140625,601.580078125,600.219970703125,600.469970703125,6035893
2025-06-17 12:30:00-04:00,599.0,601.5900268554688,598.989990234375,601.1500244140625,9437998
2025-06-17 13:30:00-04:00,597.3900146484375,599.869873046875,596.9600219726562,598.989990234375,12679985
2025-06-17 14:30:00-04:00,598.25,598.3699951171875,596.760009765625,597.4000244140625,10031103
2025-06-17 15:30:00-04:00,597.5700073242188,598.6099853515625,597.2899780273438,598.239990234375,11137012
2025-06-18 09:30:00-04:00,600.7708129882812,600.989990234375,597.3599853515625,598.4400024414062,12163026
2025-06-18 10:30:00-04:00,600.0399780273438,601.219970703125,599.89501953125,600.780029296875,5848686
2025-06-18 11:30:00-04:00,599.4949951171875,600.52001953125,599.4000244140625,600.219970703125,5546133
2025-06-18 12:30:00-04:00,598.875,600.1099853515625,598.8200073242188,599.489990234375,4167451
2025-06-18 13:30:00-04:00,599.3400268554688,601.0,598.0399780273438,598.8800048828125,8582573
2025-06-18 14:30:00-04:00,596.9199829101562,600.8699951171875,596.469970703125,599.3499755859375,18699598
2025-06-18 15:30:00-04:00,597.4600219726562,598.7949829101562,596.6300048828125,596.8900146484375,10025874
2025-06-20 09:30:00-04:00,596.1500244140625,599.4600219726562,595.3112182617188,598.3800048828125,17658206
2025-06-20 10:30:00-04:00,595.280029296875,596.6099853515625,593.5999755859375,596.1599731445312,11568481
2025-06-20 11:30:00-04:00,594.9299926757812,596.3699951171875,594.2249755859375,595.4500122070312,15406731
2025-06-20 12:30:00-04:00,593.5549926757812,595.969970703125,593.5399780273438,594.9199829101562,7724499
2025-06-20 13:30:00-04:00,594.8800048828125,595.3499755859375,592.8599853515625,593.5449829101562,7372133
2025-06-20 14:30:00-04:00,593.469970703125,595.2249755859375,593.239990234375,594.8800048828125,7776628
2025-06-20 15:30:00-04:00,594.219970703125,594.969970703125,593.25,593.4600219726562,13400342
2025-06-23 09:30:00-04:00,597.5399780273438,598.2899780273438,593.5999755859375,595.0399780273438,14787014
2025-06-23 10:30:00-04:00,596.5800170898438,597.77001953125,596.52001953125,597.5499877929688,7855612
2025-06-23 11:30:00-04:00,594.3099975585938,596.7100219726562,594.1599731445312,596.3200073242188,7243441
2025-06-23 12:30:00-04:00,597.7100219726562,598.0,591.8900146484375,594.280029296875,19485426
2025-06-23 13:30:00-04:00,598.3599853515625,599.3400268554688,597.7150268554688,597.75,10588259
2025-06-23 14:30:00-04:00,599.239990234375,599.4400024414062,597.989990234375,598.3699951171875,8572167
2025-06-23 15:30:00-04:00,600.1199951171875,600.5399780273438,598.9199829101562,599.2349853515625,10778374
2025-06-24 09:30:00-04:00,604.5999145507812,605.4500122070312,603.4099731445312,604.3300170898438,15433265
2025-06-24 10:30:00-04:00,605.7550048828125,605.760009765625,604.530029296875,604.5999755859375,7409081
2025-06-24 11:30:00-04:00,606.4920043945312,606.594970703125,605.655029296875,605.760009765625,5196714
2025-06-24 12:30:00-04:00,606.3300170898438,607.1749877929688,606.2999877929688,606.5,6483373
2025-06-24 13:30:00-04:00,607.0,607.4550170898438,606.3300170898438,606.3400268554688,5559384
2025-06-24 14:30:00-04:00,607.5050048828125,607.6900024414062,606.8699951171875,607.02001953125,8221594
2025-06-24 15:30:00-04:00,606.760009765625,607.8499145507812,606.75,607.510009765625,12175990
2025-06-25 09:30:00-04:00,607.6900024414062,608.6099853515625,607.3400268554688,607.9099731445312,13588724
2025-06-25 10:30:00-04:00,607.1799926757812,608.4099731445312,606.8599853515625,607.7000122070312,8334837
2025-06-25 11:30:00-04:00,606.9749755859375,607.27001953125,606.6400146484375,607.0399780273438,6027020
2025-06-25 12:30:00-04:00,607.02001953125,607.1400146484375,606.260009765625,606.97998046875,5397529
2025-06-25 13:30:00-04:00,606.3798828125,607.0800170898438,605.5399780273438,607.0150146484375,8154106
2025-06-25 14:30:00-04:00,606.9948120117188,607.3699951171875,606.0599975585938,606.3800048828125,5456964
2025-06-25 15:30:00-04:00,607.0800170898438,607.2000122070312,606.3699951171875,606.989990234375,9705497
2025-06-26 09:30:00-04:00,609.9450073242188,609.97998046875,608.3699951171875,608.989990234375,15432350
2025-06-26 10:30:00-04:00,610.0900268554688,610.864990234375,609.9199829101562,609.9299926757812,8261383
2025-06-26 11:30:00-04:00,610.8800048828125,611.1282958984375,609.8300170898438,610.0700073242188,6549698
2025-06-26 12:30:00-04:00,611.1900024414062,611.280029296875,610.6400146484375,610.9000244140625,6565293
2025-06-26 13:30:00-04:00,611.719970703125,612.1199951171875,611.1500244140625,611.2000122070312,9265463
2025-06-26 14:30:00-04:00,611.6400146484375,611.9149780273438,611.094970703125,611.72998046875,8019970
2025-06-26 15:30:00-04:00,611.8800048828125,612.3099975585938,611.22998046875,611.6300048828125,15250890
2025-06-27 09:30:00-04:00,614.905029296875,615.5,612.7000122070312,612.8800048828125,12936118
2025-06-27 10:30:00-04:00,615.3400268554688,615.5499877929688,614.5999755859375,614.9099731445312,8663080
2025-06-27 11:30:00-04:00,616.3150024414062,616.3499755859375,615.3001098632812,615.3400268554688,8271641
2025-06-27 12:30:00-04:00,615.3900146484375,616.3900146484375,615.260009765625,616.3150024414062,5308807
2025-06-27 13:30:00-04:00,612.3300170898438,615.5800170898438,612.3300170898438,615.4000244140625,11506024
2025-06-27 14:30:00-04:00,612.385009765625,612.7100219726562,610.8300170898438,612.3400268554688,16683605
2025-06-27 15:30:00-04:00,614.8499755859375,615.1400146484375,612.3800048828125,612.3800048828125,16225741
2025-06-30 09:30:00-04:00,616.7000122070312,617.489990234375,615.9299926757812,617.3800048828125,13320297
2025-06-30 10:30:00-04:00,616.2050170898438,616.7750244140625,615.68798828125,616.7000122070312,9673361
2025-06-30 11:30:00-04:00,616.255126953125,616.9199829101562,616.0999755859375,616.2100219726562,5551534
2025-06-30 12:30:00-04:00,616.5150146484375,617.1300048828125,616.1950073242188,616.239990234375,6222938
2025-06-30 13:30:00-04:00,616.0449829101562,616.6400146484375,615.0399780273438,616.5150146484375,9444840
2025-06-30 14:30:00-04:00,617.9000244140625,618.25,615.3200073242188,615.9299926757812,13571883
2025-06-30 15:30:00-04:00,617.9000244140625,619.219970703125,617.4000244140625,617.9000244140625,21415473
2025-07-01 09:30:00-04:00,617.1199951171875,618.0650024414062,616.2550048828125,616.3599853515625,12323158
2025-07-01 10:30:00-04:00,617.280029296875,617.6099853515625,615.52001953125,617.0999755859375,11591729
2025-07-01 11:30:00-04:00,617.3200073242188,618.0999755859375,616.0800170898438,617.27001953125,7723008
2025-07-01 12:30:00-04:00,618.0750122070312,618.2100219726562,617.0,617.3200073242188,6132062
2025-07-01 13:30:00-04:00,618.010009765625,618.8300170898438,617.760009765625,618.0800170898438,6367716
2025-07-01 14:30:00-04:00,618.364990234375,618.510009765625,616.7000122070312,618.010009765625,9843151
2025-07-01 15:30:00-04:00,617.5599975585938,618.719970703125,617.4299926757812,618.364990234375,10313522
2025-07-02 09:30:00-04:00,618.5999755859375,618.719970703125,616.6099853515625,617.239990234375,11824245
2025-07-02 10:30:00-04:00,618.7899780273438,619.1649780273438,618.2000122070312,618.5999755859375,8718458
2025-07-02 11:30:00-04:00,619.155029296875,619.4550170898438,618.739990234375,618.7899780273438,5896295
2025-07-02 12:30:00-04:00,619.47998046875,619.6749877929688,619.0,619.1599731445312,7640261
2025-07-02 13:30:00-04:00,619.5900268554688,619.719970703125,619.22998046875,619.469970703125,6646497
2025-07-02 14:30:00-04:00,619.760009765625,620.1699829101562,619.5750122070312,619.5800170898438,7702106
2025-07-02 15:30:00-04:00,620.3699951171875,620.47998046875,619.6099853515625,619.75,10199323
2025-07-03 09:30:00-04:00,625.0,625.1099853515625,622.4299926757812,622.4500122070312,16305435
2025-07-03 10:30:00-04:00,625.4199829101562,625.7849731445312,624.7899780273438,625.0,9078995
2025-07-03 11:30:00-04:00,625.7349853515625,626.0800170898438,625.3599853515625,625.5349731445312,9030686
2025-07-07 09:30:00-04:00,623.0399780273438,624.030029296875,622.530029296875,623.3599853515625,9405919
2025-07-07 10:30:00-04:00,622.0700073242188,623.10498046875,621.5599975585938,622.8599853515625,6848812
2025-07-07 11:30:00-04:00,620.5750122070312,622.2899780273438,619.2410278320312,622.0599975585938,11523043
2025-07-07 12:30:00-04:00,620.1900024414062,621.2349853515625,619.47998046875,620.72998046875,7769168
2025-07-07 13:30:00-04:00,617.989990234375,621.4099731445312,617.8800048828125,620.1599731445312,10860567
2025-07-07 14:30:00-04:00,619.4600219726562,620.3900146484375,617.8699951171875,617.989990234375,9725327
2025-07-07 15:30:00-04:00,620.780029296875,621.0,619.3900146484375,619.469970703125,12109392
2025-07-08 09:30:00-04:00,620.010009765625,621.6649780273438,619.6420288085938,621.0800170898438,9714780
2025-07-08 10:30:00-04:00,619.9639892578125,621.4949951171875,619.52001953125,620.0250244140625,9045204
2025-07-08 11:30:00-04:00,621.875,622.1099853515625,619.97998046875,619.97998046875,7132153
2025-07-08 12:30:00-04:00,620.8350219726562,622.0499877929688,619.8400268554688,621.8900146484375,8696528
2025-07-08 13:30:00-04:00,620.6500244140625,621.3099975585938,620.2000122070312,620.8300170898438,5414201
2025-07-08 14:30:00-04:00,620.510009765625,620.9249877929688,620.0900268554688,620.6599731445312,6119689
2025-07-08 15:30:00-04:00,620.3099975585938,620.8099975585938,620.0399780273438,620.510009765625,9674035
2025-07-09 09:30:00-04:00,623.3699951171875,624.719970703125,622.6500244140625,622.77001953125,11507049
2025-07-09 10:30:00-04:00,622.10498046875,623.3800048828125,620.9105224609375,623.3800048828125,12238638
2025-07-09 11:30:00-04:00,621.7899780273438,622.5399780273438,621.5499877929688,622.0999755859375,6843515
2025-07-09 12:30:00-04:00,622.322021484375,622.6749877929688,621.6199951171875,621.7999877929688,5325341
2025-07-09 13:30:00-04:00,622.8499755859375,623.3090209960938,622.0599975585938,622.3200073242188,6764656
2025-07-09 14:30:00-04:00,623.5999755859375,623.77001953125,622.8200073242188,622.9099731445312,7703630
2025-07-09 15:30:00-04:00,623.989990234375,624.2100219726562,623.4099731445312,623.5900268554688,9243138
2025-07-10 09:30:00-04:00,623.7348022460938,624.280029296875,623.010009765625,624.260009765625,12432517
2025-07-10 10:30:00-04:00,625.52001953125,625.5750122070312,623.7448120117188,623.77001953125,8535858
2025-07-10 11:30:00-04:00,625.5700073242188,625.7849731445312,625.0250244140625,625.52001953125,5226207
2025-07-10 12:30:00-04:00,626.0999755859375,626.22998046875,625.239990234375,625.5700073242188,4585228
2025-07-10 13:30:00-04:00,626.5900268554688,626.8701171875,626.0800170898438,626.0900268554688,5790984
2025-07-10 14:30:00-04:00,626.2050170898438,626.6699829101562,626.0900268554688,626.5900268554688,6646470
2025-07-10 15:30:00-04:00,625.8300170898438,626.6749877929688,625.2100219726562,626.2000122070312,9553611
2025-07-11 09:30:00-04:00,624.0050048828125,624.260009765625,621.530029296875,622.739990234375,11912865
2025-07-11 10:30:00-04:00,623.3900146484375,624.3699951171875,622.7100219726562,624.0,7390720
2025-07-11 11:30:00-04:00,623.9450073242188,624.6400146484375,623.1500244140625,623.4000244140625,8419054
2025-07-11 12:30:00-04:00,624.4500122070312,624.5800170898438,623.5599975585938,623.9500122070312,5136029
2025-07-11 13:30:00-04:00,624.2650146484375,624.7000122070312,623.75,624.4500122070312,6143243
2025-07-11 14:30:00-04:00,624.4450073242188,624.8599853515625,623.1300048828125,624.2750244140625,9627611
2025-07-11 15:30:00-04:00,623.6099853515625,624.5800170898438,623.469970703125,624.4500122070312,10303202
2025-07-14 09:30:00-04:00,622.6915283203125,623.7100219726562,621.7999267578125,622.9400024414062,12127867
2025-07-14 10:30:00-04:00,624.1300048828125,624.1400146484375,622.3699951171875,622.6799926757812,7416000
2025-07-14 11:30:00-04:00,623.885009765625,624.3900146484375,623.77001953125,624.1300048828125,5156203
2025-07-14 12:30:00-04:00,624.7000122070312,624.969970703125,623.6300048828125,623.8699951171875,4813082
2025-07-14 13:30:00-04:00,624.9500122070312,625.0,624.4249877929688,624.7100219726562,4168700
2025-07-14 14:30:00-04:00,624.72998046875,625.1580810546875,624.4600219726562,624.9600219726562,6118559
2025-07-14 15:30:00-04:00,624.719970703125,624.989990234375,624.2999877929688,624.72998046875,8076747
2025-07-15 09:30:00-04:00,625.47998046875,627.8599853515625,625.260009765625,627.52001953125,13736533
2025-07-15 10:30:00-04:00,625.1007080078125,625.5800170898438,623.7999877929688,625.489990234375,11730373
2025-07-15 11:30:00-04:00,624.2747802734375,625.3900146484375,624.010009765625,625.1199951171875,6900639
2025-07-15 12:30:00-04:00,623.8599853515625,624.5750122070312,622.9500122070312,624.27001953125,8131280
2025-07-15 13:30:00-04:00,624.5999755859375,624.8699951171875,623.8499755859375,623.8499755859375,6158806
2025-07-15 14:30:00-04:00,623.2899780273438,624.8300170898438,623.0150146484375,624.5999755859375,10091716
2025-07-15 15:30:00-04:00,622.1099853515625,623.7999877929688,622.0800170898438,623.3099975585938,11156036
2025-07-16 09:30:00-04:00,622.489990234375,624.1199951171875,621.6799926757812,623.739990234375,11966558
2025-07-16 10:30:00-04:00,621.3150024414062,623.3699951171875,619.4600219726562,622.489990234375,22967144
2025-07-16 11:30:00-04:00,621.6699829101562,622.5399780273438,618.0499877929688,621.3499755859375,22578860
2025-07-16 12:30:00-04:00,623.0999755859375,623.7899780273438,621.1400146484375,621.6749877929688,6693618
2025-07-16 13:30:00-04:00,623.3499755859375,623.4600830078125,622.719970703125,623.0999755859375,4760317
2025-07-16 14:30:00-04:00,624.1400756835938,624.52001953125,623.344970703125,623.344970703125,7135465
2025-07-16 15:30:00-04:00,624.1799926757812,624.72998046875,623.885009765625,624.1400146484375,8101270
2025-07-17 09:30:00-04:00,625.4600219726562,626.22998046875,624.1799926757812,624.4000244140625,11472330
2025-07-17 10:30:00-04:00,626.6699829101562,626.719970703125,625.010009765625,625.4600219726562,8427546
2025-07-17 11:30:00-04:00,626.8499755859375,627.510009765625,626.5599975585938,626.6712036132812,6685673
2025-07-17 12:30:00-04:00,627.0250244140625,627.0980224609375,626.5250244140625,626.8400268554688,6103443
2025-07-17 13:30:00-04:00,627.8322143554688,627.8800048828125,627.0,627.0650024414062,6810284
2025-07-17 14:30:00-04:00,627.97998046875,628.40478515625,627.64501953125,627.8934936523438,7216990
2025-07-17 15:30:00-04:00,627.97998046875,628.3200073242188,627.6500244140625,627.969970703125,14598908
2025-07-18 09:30:00-04:00,627.3699951171875,629.469970703125,627.239990234375,629.2999877929688,14355767
2025-07-18 10:30:00-04:00,627.60498046875,627.9099731445312,626.9099731445312,627.3499755859375,11133429
2025-07-18 11:30:00-04:00,626.9600219726562,628.1699829101562,626.5399780273438,627.6199951171875,7045686
2025-07-18 12:30:00-04:00,626.9400024414062,627.385009765625,626.4600219726562,626.97998046875,5704897
2025-07-18 13:30:00-04:00,627.114990234375,627.530029296875,626.6599731445312,626.9400024414062,4183073
2025-07-18 14:30:00-04:00,627.3900146484375,627.5999755859375,627.02001953125,627.1099853515625,5054812
2025-07-18 15:30:00-04:00,627.5900268554688,627.760009765625,627.010009765625,627.375,7725900
2025-07-21 09:30:00-04:00,631.25,631.3300170898438,628.6799926757812,628.77001953125,11940189
2025-07-21 10:30:00-04:00,631.268798828125,631.3900146484375,630.6400146484375,631.25,6696004
2025-07-21 11:30:00-04:00,630.77001953125,631.5399780273438,630.5349731445312,631.27001953125,5926978
2025-07-21 12:30:00-04:00,631.39501953125,631.489990234375,630.7249755859375,630.7752075195312,4180603
2025-07-21 13:30:00-04:00,631.1917724609375,631.52001953125,631.0399780273438,631.3900146484375,4545996
2025-07-21 14:30:00-04:00,629.4500122070312,631.2000122070312,629.1099853515625,631.2000122070312,10841234
2025-07-21 15:30:00-04:00,628.72998046875,629.6799926757812,628.3400268554688,629.4500122070312,12654906
2025-07-22 09:30:00-04:00,627.0900268554688,629.1900024414062,626.1900024414062,629.0999755859375,14434422
2025-07-22 10:30:00-04:00,627.6400146484375,628.114990234375,626.9721069335938,627.0800170898438,6721517
2025-07-22 11:30:00-04:00,627.239990234375,628.125,627.0399780273438,627.6400146484375,5933245
2025-07-22 12:30:00-04:00,629.0499877929688,629.219970703125,627.0700073242188,627.25,5321387
2025-07-22 13:30:00-04:00,628.4249877929688,629.1799926757812,627.52001953125,629.0499877929688,6421876
2025-07-22 14:30:00-04:00,629.2000122070312,629.530029296875,628.3699951171875,628.4199829101562,7458920
2025-07-22 15:30:00-04:00,628.8300170898438,629.72998046875,628.75,629.1900024414062,8957431
2025-07-23 09:30:00-04:00,630.73876953125,631.4650268554688,629.72998046875,630.9949951171875,11930032
2025-07-23 10:30:00-04:00,630.8250122070312,630.9249877929688,630.0900268554688,630.7352294921875,6193455
2025-07-23 11:30:00-04:00,631.6900024414062,632.7899780273438,630.469970703125,630.8200073242188,9429235
2025-07-23 12:30:00-04:00,632.0999755859375,632.1950073242188,631.3494873046875,631.6799926757812,8404152
2025-07-23 13:30:00-04:00,633.2349853515625,633.6500244140625,631.7899780273438,632.1099853515625,9748596
2025-07-23 14:30:00-04:00,633.3599853515625,633.47998046875,632.9550170898438,633.2349853515625,7431353
2025-07-23 15:30:00-04:00,634.1599731445312,634.1599731445312,632.9400024414062,633.3599853515625,10283392
2025-07-24 09:30:00-04:00,634.8200073242188,635.3900146484375,633.989990234375,634.5999755859375,12862862
2025-07-24 10:30:00-04:00,635.5250244140625,635.8900146484375,634.72998046875,634.8200073242188,7091351
2025-07-24 11:30:00-04:00,634.5650024414062,635.72998046875,634.280029296875,635.5250244140625,6659179
2025-07-24 12:30:00-04:00,635.3800048828125,635.97998046875,634.4500122070312,634.5700073242188,6391273
2025-07-24 13:30:00-04:00,635.780029296875,636.1500244140625,635.125,635.3800048828125,8024878
2025-07-24 14:30:00-04:00,635.4718017578125,635.9299926757812,634.6900024414062,635.7849731445312,8969049
2025-07-24 15:30:00-04:00,634.4500122070312,635.5750122070312,634.25,635.4749755859375,15010238
2025-07-25 09:30:00-04:00,635.469970703125,635.6099853515625,634.8400268554688,635.0900268554688,9407069
2025-07-25 10:30:00-04:00,636.02001953125,636.1300048828125,635.2899780273438,635.469970703125,5993959
2025-07-25 11:30:00-04:00,636.760009765625,636.9299926757812,635.6099853515625,636.02001953125,6686141
2025-07-25 12:30:00-04:00,637.0452270507812,637.1300048828125,636.5999755859375,636.760009765625,6436824
2025-07-25 13:30:00-04:00,637.3300170898438,637.530029296875,636.969970703125,637.0499877929688,5122697
2025-07-25 14:30:00-04:00,637.3400268554688,637.5798950195312,637.1749877929688,637.3300170898438,5294461
2025-07-25 15:30:00-04:00,637.030029296875,637.489990234375,636.625,637.3300170898438,11606754
2025-07-28 09:30:00-04:00,637.7349853515625,638.0399780273438,637.0800170898438,637.47998046875,12608320
2025-07-28 10:30:00-04:00,637.0700073242188,637.89990234375,636.3300170898438,637.739990234375,7029218
2025-07-28 11:30:00-04:00,637.4000244140625,637.6500244140625,636.97998046875,637.0700073242188,3958235
2025-07-28 12:30:00-04:00,636.3200073242188,637.4099731445312,636.1599731445312,637.39501953125,4788861
2025-07-28 13:30:00-04:00,636.030029296875,636.760009765625,635.5399780273438,636.3099975585938,6173527
2025-07-28 14:30:00-04:00,636.0399780273438,636.2899780273438,635.6900024414062,636.0399780273438,6089625
2025-07-28 15:30:00-04:00,636.8900146484375,637.02001953125,635.8200073242188,636.0499877929688,9077255
2025-07-29 09:30:00-04:00,637.760009765625,638.6699829101562,637.239990234375,638.3499755859375,10175675
2025-07-29 10:30:00-04:00,635.2899780273438,637.8599853515625,635.1799926757812,637.760009765625,8973013
2025-07-29 11:30:00-04:00,635.6599731445312,636.2100219726562,634.6900024414062,635.2899780273438,7394149
2025-07-29 12:30:00-04:00,636.1799926757812,636.5599975585938,635.0999755859375,635.6619873046875,5465489
2025-07-29 13:30:00-04:00,635.3200073242188,636.3900146484375,634.9400024414062,636.1749877929688,6248279
2025-07-29 14:30:00-04:00,635.0599975585938,635.8599853515625,635.030029296875,635.3150024414062,6204643
2025-07-29 15:30:00-04:00,635.219970703125,635.4000244140625,634.3350219726562,635.0700073242188,11693522
2025-07-30 09:30:00-04:00,636.3300170898438,636.6649780273438,635.2899780273438,635.9199829101562,9553683
2025-07-30 10:30:00-04:00,635.3150024414062,636.8200073242188,635.0,636.3200073242188,6908666
2025-07-30 11:30:00-04:00,636.5700073242188,636.719970703125,635.0900268554688,635.3200073242188,5028064
2025-07-30 12:30:00-04:00,636.2100219726562,636.6599731445312,636.14501953125,636.5800170898438,3361418
2025-07-30 13:30:00-04:00,636.77001953125,637.1099853515625,636.010009765625,636.219970703125,6602865
2025-07-30 14:30:00-04:00,632.0892944335938,637.6799926757812,631.5399780273438,636.77001953125,23765491
2025-07-30 15:30:00-04:00,634.5,634.635009765625,631.6099853515625,632.0900268554688,14767858
2025-07-31 09:30:00-04:00,638.8200073242188,639.8499755859375,637.6900024414062,639.4550170898438,18845004
2025-07-31 10:30:00-04:00,636.1900024414062,639.1400146484375,635.0599975585938,638.8099975585938,11944043
2025-07-31 11:30:00-04:00,638.0800170898438,638.22998046875,636.1099853515625,636.1900024414062,6674444
2025-07-31 12:30:00-04:00,634.8400268554688,638.3099975585938,634.4099731445312,638.085205078125,8104819
2025-07-31 13:30:00-04:00,634.2100219726562,635.655029296875,631.4299926757812,634.8599853515625,14674708
2025-07-31 14:30:00-04:00,632.780029296875,635.125,632.6199951171875,634.2000122070312,10842862
2025-07-31 15:30:00-04:00,631.969970703125,633.6799926757812,630.7650146484375,632.7949829101562,19680307
2025-08-01 09:30:00-04:00,623.2000122070312,626.3400268554688,619.6500244140625,626.2999877929688,30644019
2025-08-01 10:30:00-04:00,621.510009765625,624.0700073242188,621.3900146484375,623.4299926757812,17357341
2025-08-01 11:30:00-04:00,624.2100219726562,624.9650268554688,621.3800048828125,621.510009765625,13619112
2025-08-01 12:30:00-04:00,620.5700073242188,624.4600219726562,620.3350219726562,624.2100219726562,16693904
2025-08-01 13:30:00-04:00,621.6248168945312,621.8099975585938,619.2899780273438,620.5700073242188,14851233
2025-08-01 14:30:00-04:00,621.7899780273438,623.1099853515625,620.9500122070312,621.6300048828125,18461979
2025-08-01 15:30:00-04:00,621.7100219726562,623.2999877929688,620.8400268554688,621.780029296875,18083927
2025-08-04 09:30:00-04:00,629.4000244140625,629.530029296875,625.5800170898438,625.6699829101562,16466923
2025-08-04 10:30:00-04:00,629.0,629.7000122070312,628.4600219726562,629.4099731445312,9646390
2025-08-04 11:30:00-04:00,629.719970703125,630.1699829101562,628.5900268554688,628.989990234375,7217114
2025-08-04 12:30:00-04:00,630.2899780273438,630.52001953125,629.6799926757812,629.7100219726562,5339004
2025-08-04 13:30:00-04:00,629.989990234375,630.489990234375,629.3900146484375,630.2999877929688,8154850
2025-08-04 14:30:00-04:00,630.2650146484375,630.75,629.739990234375,629.989990234375,7614826
2025-08-04 15:30:00-04:00,631.0599975585938,631.2150268554688,629.9208984375,630.2650146484375,10505323
2025-08-05 09:30:00-04:00,629.8590087890625,632.605224609375,629.1900024414062,631.7899780273438,14016837
2025-08-05 10:30:00-04:00,628.010009765625,629.864990234375,627.0399780273438,629.864990234375,13408969
2025-08-05 11:30:00-04:00,629.0499877929688,629.1851196289062,627.1599731445312,627.97998046875,7261146
2025-08-05 12:30:00-04:00,629.6950073242188,629.8250122070312,627.7999877929688,629.030029296875,5970871
2025-08-05 13:30:00-04:00,628.7100219726562,630.3200073242188,628.5999755859375,629.7047729492188,7485879
2025-08-05 14:30:00-04:00,628.9799194335938,629.1099853515625,627.8699951171875,628.7100219726562,7193278
2025-08-05 15:30:00-04:00,628.02001953125,629.0399780273438,627.8099975585938,628.97998046875,7915493
2025-08-06 09:30:00-04:00,628.7949829101562,630.6099853515625,628.1300048828125,628.6099853515625,12728488
2025-08-06 10:30:00-04:00,631.927001953125,632.0499877929688,628.3800048828125,628.7949829101562,9151768
2025-08-06 11:30:00-04:00,632.3699951171875,632.910400390625,631.1599731445312,631.9099731445312,8711655
2025-08-06 12:30:00-04:00,632.2899780273438,632.9799194335938,631.8499755859375,632.389892578125,5420591
2025-08-06 13:30:00-04:00,632.9199829101562,633.1099853515625,632.0,632.3099975585938,6427914
2025-08-06 14:30:00-04:00,633.02001953125,633.1900024414062,632.489990234375,632.9199829101562,5869995
2025-08-06 15:30:00-04:00,632.6699829101562,633.4400024414062,632.3900146484375,633.010009765625,10341224
2025-08-07 09:30:00-04:00,633.8200073242188,636.97998046875,633.1199951171875,636.239990234375,16380397
2025-08-07 10:30:00-04:00,631.9699096679688,634.2349853515625,631.760009765625,633.8099975585938,10818281
2025-08-07 11:30:00-04:00,632.2449951171875,632.5999755859375,631.131591796875,631.969970703125,7663849
2025-08-07 12:30:00-04:00,630.030029296875,632.6099853515625,630.0,632.25,8937240
2025-08-07 13:30:00-04:00,629.9199829101562,631.0800170898438,629.1099853515625,630.0,8176633
2025-08-07 14:30:00-04:00,630.27001953125,630.8699951171875,629.4600219726562,629.9199829101562,7002249
2025-08-07 15:30:00-04:00,632.2899780273438,632.3599853515625,630.260009765625,630.280029296875,9156545
2025-08-08 09:30:00-04:00,636.4400024414062,636.780029296875,633.739990234375,634.0599975585938,13589880
2025-08-08 10:30:00-04:00,636.010009765625,637.0399780273438,635.5700073242188,636.4299926757812,8356893
2025-08-08 11:30:00-04:00,636.875,637.3599853515625,634.8599853515625,636.0,6940639
2025-08-08 12:30:00-04:00,636.39501953125,637.1199951171875,636.125,636.8800048828125,5454296
2025-08-08 13:30:00-04:00,637.219970703125,637.64501953125,636.3800048828125,636.3912963867188,4767395
2025-08-08 14:30:00-04:00,637.260009765625,637.625,637.0399780273438,637.219970703125,6916473
2025-08-08 15:30:00-04:00,637.1199951171875,637.27001953125,636.0499877929688,637.25,10353519
2025-08-11 09:30:00-04:00,637.2501220703125,637.969970703125,636.8809814453125,637.4600219726562,10010287
2025-08-11 10:30:00-04:00,637.0900268554688,637.4299926757812,636.530029296875,637.2418823242188,6845811
2025-08-11 11:30:00-04:00,638.5499877929688,638.9500122070312,636.7899169921875,637.094970703125,6962281
2025-08-11 12:30:00-04:00,637.1849975585938,638.6099853515625,636.9099731445312,638.5399780273438,5191797
2025-08-11 13:30:00-04:00,636.489990234375,637.4199829101562,636.280029296875,637.1799926757812,6799051
2025-08-11 14:30:00-04:00,636.2620239257812,636.8798828125,635.5599975585938,636.5,5281810
2025-08-11 15:30:00-04:00,635.8200073242188,636.3800048828125,634.6599731445312,636.25,12886949
2025-08-12 09:30:00-04:00,639.2899780273438,639.8701171875,636.7899780273438,638.2899780273438,19075690
2025-08-12 10:30:00-04:00,640.47998046875,641.030029296875,638.8599853515625,639.2899780273438,9176908
2025-08-12 11:30:00-04:00,641.3792724609375,641.5,640.3099975585938,640.469970703125,5834719
2025-08-12 12:30:00-04:00,641.5399780273438,641.989990234375,641.3699951171875,641.3900146484375,4914317
2025-08-12 13:30:00-04:00,642.219970703125,642.614990234375,641.4249877929688,641.5399780273438,4664604
2025-08-12 14:30:00-04:00,642.3200073242188,642.4299926757812,641.9749755859375,642.22998046875,5331434
2025-08-12 15:30:00-04:00,642.6300048828125,642.8499755859375,641.97998046875,642.3150024414062,9756619
2025-08-13 09:30:00-04:00,644.239990234375,646.1900024414062,643.989990234375,644.9099731445312,13378184
2025-08-13 10:30:00-04:00,643.6699829101562,644.405029296875,643.0700073242188,644.2449951171875,9260044
2025-08-13 11:30:00-04:00,643.27001953125,644.2550048828125,643.22998046875,643.6699829101562,7026688
2025-08-13 12:30:00-04:00,643.6408081054688,643.7000122070312,642.6799926757812,643.260009765625,5106260
2025-08-13 13:30:00-04:00,643.8900146484375,644.2000122070312,642.7750244140625,643.6400146484375,4590614
2025-08-13 14:30:00-04:00,644.2899780273438,644.72998046875,643.239990234375,643.9099731445312,6159836
2025-08-13 15:30:00-04:00,644.8800048828125,645.0999755859375,643.9099731445312,644.2949829101562,9296664
2025-08-14 09:30:00-04:00,644.239990234375,644.614990234375,642.3400268554688,642.5800170898438,13825627
2025-08-14 10:30:00-04:00,643.3350219726562,645.5449829101562,642.9600219726562,644.25,7503723
2025-08-14 11:30:00-04:00,643.0900268554688,644.219970703125,642.6649780273438,643.3400268554688,5881748
2025-08-14 12:30:00-04:00,645.0006713867188,645.0499877929688,642.9849853515625,643.0900268554688,4114991
2025-08-14 13:30:00-04:00,644.0850219726562,645.0599975585938,643.9099731445312,645.010009765625,5216067
2025-08-14 14:30:00-04:00,645.030029296875,645.489990234375,643.9500122070312,644.0700073242188,7742378
2025-08-14 15:30:00-04:00,644.9400024414062,645.6199951171875,644.8400268554688,645.030029296875,8472709
2025-08-15 09:30:00-04:00,644.2100219726562,646.0900268554688,643.2100219726562,645.989990234375,12162781
2025-08-15 10:30:00-04:00,643.47802734375,644.3300170898438,643.260009765625,644.2000122070312,9248270
2025-08-15 11:30:00-04:00,643.2899780273438,644.1400146484375,642.52001953125,643.469970703125,7747193
2025-08-15 12:30:00-04:00,644.1654052734375,644.2957153320312,643.2949829101562,643.2949829101562,4942524
2025-08-15 13:30:00-04:00,644.530029296875,644.8800048828125,643.97998046875,644.1599731445312,8862040
2025-08-15 14:30:00-04:00,643.7999877929688,644.6400146484375,643.3200073242188,644.52001953125,8106691
2025-08-15 15:30:00-04:00,643.4600219726562,644.1300048828125,643.1300048828125,643.7999877929688,8532061
2025-08-18 09:30:00-04:00,643.0,643.9349975585938,642.530029296875,642.8599853515625,9848536
2025-08-18 10:30:00-04:00,642.72998046875,643.4400024414062,642.2999877929688,642.989990234375,5856330
2025-08-18 11:30:00-04:00,643.1199951171875,643.280029296875,642.5,642.72998046875,3443159
2025-08-18 12:30:00-04:00,643.1690063476562,643.3599853515625,642.1799926757812,643.1234741210938,3400901
2025-08-18 13:30:00-04:00,642.7600708007812,643.8150024414062,642.4400024414062,643.1649780273438,4506136
2025-08-18 14:30:00-04:00,643.2550048828125,643.5599975585938,642.780029296875,642.7849731445312,5589096
2025-08-18 15:30:00-04:00,643.280029296875,644.0,643.14501953125,643.25,8151214
2025-08-19 09:30:00-04:00,643.030029296875,644.10498046875,642.030029296875,642.989990234375,12478851
2025-08-19 10:30:00-04:00,641.6099853515625,643.5399780273438,640.469970703125,643.0399780273438,10924405
2025-08-19 11:30:00-04:00,640.3499755859375,641.9099731445312,640.1699829101562,641.6099853515625,6187042
2025-08-19 12:30:00-04:00,639.719970703125,640.625,638.8049926757812,640.3599853515625,7507554
2025-08-19 13:30:00-04:00,639.094970703125,640.1099853515625,638.8200073242188,639.7100219726562,5519143
2025-08-19 14:30:00-04:00,639.2050170898438,639.280029296875,638.47998046875,639.094970703125,7754379
2025-08-19 15:30:00-04:00,639.75,639.9099731445312,638.7150268554688,639.2100219726562,10468558
2025-08-20 09:30:00-04:00,633.9199829101562,639.1199951171875,633.6699829101562,639.0,24685560
2025-08-20 10:30:00-04:00,636.375,636.4299926757812,632.9500122070312,633.9400024414062,12562982
2025-08-20 11:30:00-04:00,637.4207153320312,637.475830078125,634.719970703125,636.3499755859375,8669208
2025-08-20 12:30:00-04:00,636.5599975585938,637.4500122070312,635.9299926757812,637.4249877929688,5940364
2025-08-20 13:30:00-04:00,635.8300170898438,637.9600219726562,635.2100219726562,636.5599975585938,7667251
2025-08-20 14:30:00-04:00,638.3300170898438,638.869873046875,635.75,635.8316040039062,9126921
2025-08-20 15:30:00-04:00,638.0399780273438,639.0599975585938,637.8049926757812,638.3150024414062,9710612
2025-08-21 09:30:00-04:00,637.8900146484375,637.969970703125,634.3099975585938,636.280029296875,12416961
2025-08-21 10:30:00-04:00,636.6900024414062,637.9000244140625,635.2999877929688,637.8900146484375,5577717
2025-08-21 11:30:00-04:00,635.25,637.5900268554688,634.9600219726562,636.7000122070312,5937020
2025-08-21 12:30:00-04:00,634.4349975585938,636.0,633.8099975585938,635.25,5224065
2025-08-21 13:30:00-04:00,635.5,636.2000122070312,634.3399047851562,634.4299926757812,5364166
2025-08-21 14:30:00-04:00,635.9400024414062,636.52001953125,635.0900268554688,635.510009765625,5218516
2025-08-21 15:30:00-04:00,635.5900268554688,635.97998046875,635.0800170898438,635.9500122070312,8004140
2025-08-22 09:30:00-04:00,644.1099853515625,645.5499877929688,637.25,637.760009765625,25591899
2025-08-22 10:30:00-04:00,646.0,646.27001953125,644.1300048828125,644.1337890625,12117378
2025-08-22 11:30:00-04:00,644.780029296875,646.5,644.6950073242188,646.010009765625,7643159
2025-08-22 12:30:00-04:00,646.1500244140625,646.260009765625,644.2949829101562,644.780029296875,5628178
2025-08-22 13:30:00-04:00,645.385009765625,646.4000244140625,645.2849731445312,646.1500244140625,5609252
2025-08-22 14:30:00-04:00,645.0800170898438,645.8599853515625,645.052001953125,645.4400024414062,7527169
2025-08-22 15:30:00-04:00,645.239990234375,645.4550170898438,644.2949829101562,645.0700073242188,13845518
2025-08-25 09:30:00-04:00,644.1500244140625,644.6699829101562,643.4099731445312,644.02001953125,11937754
2025-08-25 10:30:00-04:00,644.9099731445312,645.0499877929688,643.739990234375,644.1500244140625,5727479
2025-08-25 11:30:00-04:00,644.9400024414062,645.14501953125,644.5050048828125,644.9099731445312,4212366
2025-08-25 12:30:00-04:00,644.6699829101562,645.2899780273438,644.4099731445312,644.9400024414062,3794881
2025-08-25 13:30:00-04:00,644.1699829101562,644.8200073242188,643.9400024414062,644.6599731445312,4950572
2025-08-25 14:30:00-04:00,643.6900024414062,644.280029296875,643.6199951171875,644.1649780273438,7546538
2025-08-25 15:30:00-04:00,642.489990234375,643.8400268554688,642.3499755859375,643.6900024414062,8471951
2025-08-26 09:30:00-04:00,643.0800170898438,643.27001953125,641.5700073242188,642.2000122070312,9832377
2025-08-26 10:30:00-04:00,642.4400024414062,643.1799926757812,642.2949829101562,643.0650024414062,4709146
2025-08-26 11:30:00-04:00,643.3300170898438,643.5499877929688,642.2913818359375,642.4099731445312,4191091
2025-08-26 12:30:00-04:00,643.510009765625,643.5900268554688,642.8900146484375,643.3300170898438,2955455
2025-08-26 13:30:00-04:00,643.510009765625,643.5809936523438,642.4349975585938,643.5,5431256
2025-08-26 14:30:00-04:00,644.5599975585938,644.7100830078125,643.510009765625,643.52001953125,8137023
2025-08-26 15:30:00-04:00,645.1300048828125,645.510009765625,643.9199829101562,644.5499877929688,10252303
2025-08-27 09:30:00-04:00,646.1171264648438,646.3400268554688,644.4199829101562,644.489990234375,9908632
2025-08-27 10:30:00-04:00,646.2999877929688,646.5399780273438,645.75,646.1099853515625,4474725
2025-08-27 11:30:00-04:00,645.9600219726562,646.6900024414062,645.47998046875,646.2999877929688,4510996
2025-08-27 12:30:00-04:00,646.4450073242188,646.5499877929688,645.3800048828125,645.9600219726562,4911037
2025-08-27 13:30:00-04:00,647.260009765625,647.35498046875,646.4400024414062,646.4500122070312,4281351
2025-08-27 14:30:00-04:00,646.655029296875,647.3099975585938,645.8200073242188,647.25,5967107
2025-08-27 15:30:00-04:00,646.5999755859375,647.3699951171875,646.5999755859375,646.6500244140625,6828910
2025-08-28 09:30:00-04:00,645.9550170898438,648.0900268554688,645.3400268554688,647.239990234375,15334704
2025-08-28 10:30:00-04:00,646.25,647.6558227539062,645.9400024414062,645.97998046875,7218273
2025-08-28 11:30:00-04:00,648.1500244140625,648.4199829101562,646.239990234375,646.2750244140625,5870785
2025-08-28 12:30:00-04:00,648.125,648.364990234375,647.4500122070312,648.1500244140625,4583085
2025-08-28 13:30:00-04:00,648.64501953125,648.6799926757812,648.0750122070312,648.1300048828125,5164886
2025-08-28 14:30:00-04:00,648.9600219726562,649.25,648.6300048828125,648.6500244140625,6567008
2025-08-28 15:30:00-04:00,648.8599853515625,649.47998046875,648.72998046875,648.9500122070312,11559349
2025-08-29 09:30:00-04:00,644.6688232421875,647.7581176757812,643.6300048828125,647.489990234375,18056576
2025-08-29 10:30:00-04:00,644.4099731445312,645.1099853515625,643.1400146484375,644.6699829101562,8072315
2025-08-29 11:30:00-04:00,644.1699829101562,644.760009765625,643.7100219726562,644.1599731445312,4995959
2025-08-29 12:30:00-04:00,644.0,645.0399169921875,643.4600219726562,644.1799926757812,5000969
2025-08-29 13:30:00-04:00,644.2650146484375,645.0142211914062,643.8400268554688,644.0,5645077
2025-08-29 14:30:00-04:00,644.5800170898438,644.989990234375,644.172119140625,644.2650146484375,6544206
2025-08-29 15:30:00-04:00,644.989990234375,645.1400146484375,643.760009765625,644.5800170898438,16478161
2025-09-02 09:30:00-04:00,639.469970703125,640.1400146484375,636.0499877929688,637.5,19841239
2025-09-02 10:30:00-04:00,636.5599975585938,639.6300048828125,636.1699829101562,639.4500122070312,8713902
2025-09-02 11:30:00-04:00,635.6099853515625,636.5679931640625,634.9199829101562,636.5499877929688,8002126
2025-09-02 12:30:00-04:00,637.6400146484375,637.8499755859375,635.6099853515625,635.6099853515625,6081795
2025-09-02 13:30:00-04:00,637.7265014648438,639.0349731445312,637.6300048828125,637.6300048828125,6123570
2025-09-02 14:30:00-04:00,639.1400146484375,639.3099975585938,637.3200073242188,637.719970703125,6789582
2025-09-02 15:30:00-04:00,640.3300170898438,640.489990234375,639.0399780273438,639.1300048828125,13815065
2025-09-03 09:30:00-04:00,642.3612060546875,643.22998046875,641.5900268554688,642.6099853515625,15509152
2025-09-03 10:30:00-04:00,642.4299926757812,644.2100219726562,642.2899780273438,642.3599853515625,8968128
2025-09-03 11:30:00-04:00,642.4299926757812,643.125,641.9949951171875,642.4600219726562,6244990
2025-09-03 12:30:00-04:00,642.27001953125,642.8499755859375,641.4299926757812,642.4400024414062,6400908
2025-09-03 13:30:00-04:00,641.1300048828125,642.4299926757812,640.5399780273438,642.260009765625,7115928
2025-09-03 14:30:00-04:00,641.02001953125,641.280029296875,640.4600219726562,641.1099853515625,6094783
2025-09-03 15:30:00-04:00,643.6400146484375,643.72998046875,641.010009765625,641.0399780273438,13684347
2025-09-04 09:30:00-04:00,644.8800048828125,645.2999877929688,643.510009765625,644.4199829101562,13047742
2025-09-04 10:30:00-04:00,646.2108154296875,646.4349975585938,644.8400268554688,644.8699951171875,8492829
2025-09-04 11:30:00-04:00,645.9500122070312,646.5900268554688,645.8200073242188,646.219970703125,5301109
2025-09-04 12:30:00-04:00,646.8593139648438,646.969970703125,645.8099975585938,645.9400024414062,4754315
2025-09-04 13:30:00-04:00,647.22998046875,647.6099853515625,646.5900268554688,646.8400268554688,5264094
2025-09-04 14:30:00-04:00,647.9149780273438,648.25,647.0800170898438,647.22998046875,6397166
2025-09-04 15:30:00-04:00,648.989990234375,649.1500244140625,647.8099975585938,647.9099731445312,12484167
2025-09-05 09:30:00-04:00,646.5599975585938,652.2100219726562,646.0499877929688,651.6099853515625,22495703
2025-09-05 10:30:00-04:00,646.2050170898438,646.6599731445312,643.3300170898438,646.52001953125,15432029
2025-09-05 11:30:00-04:00,645.7249755859375,646.9000244140625,645.2899780273438,646.2100219726562,9218240
2025-09-05 12:30:00-04:00,645.8499755859375,646.5499877929688,645.3300170898438,645.739990234375,6516124
2025-09-05 13:30:00-04:00,645.7098999023438,646.0599975585938,644.6099853515625,645.8699951171875,6841807
2025-09-05 14:30:00-04:00,647.1099853515625,647.4099731445312,645.6900024414062,645.6900024414062,7957841
2025-09-05 15:30:00-04:00,647.219970703125,647.27001953125,646.1500244140625,647.1199951171875,10760405
2025-09-08 09:30:00-04:00,648.77001953125,649.0599975585938,647.75,648.6199951171875,13481096
2025-09-08 10:30:00-04:00,649.7999877929688,649.8099975585938,648.6599731445312,648.7550048828125,7135597
2025-09-08 11:30:00-04:00,648.6300048828125,649.8400268554688,648.3800048828125,649.7899780273438,6038479
2025-09-08 12:30:00-04:00,648.47998046875,648.8049926757812,647.780029296875,648.6300048828125,4756519
2025-09-08 13:30:00-04:00,648.39501953125,648.6799926757812,647.22998046875,648.4899291992188,5100378
2025-09-08 14:30:00-04:00,647.5800170898438,648.5800170898438,647.3350219726562,648.3900146484375,6386745
2025-09-08 15:30:00-04:00,648.7999877929688,648.8800048828125,647.469970703125,647.5800170898438,13039200
2025-09-09 09:30:00-04:00,648.7550048828125,649.72998046875,648.4299926757812,648.9500122070312,11801878
2025-09-09 10:30:00-04:00,648.77001953125,648.8350219726562,647.219970703125,648.739990234375,8956271
2025-09-09 11:30:00-04:00,648.8599853515625,649.0599975585938,648.0399780273438,648.760009765625,5762849
2025-09-09 12:30:00-04:00,649.5650024414062,649.7999877929688,648.7650146484375,648.85498046875,5588037
2025-09-09 13:30:00-04:00,649.8300170898438,649.989990234375,649.47998046875,649.5650024414062,5078696
2025-09-09 14:30:00-04:00,650.0650024414062,650.1400146484375,649.5499877929688,649.8400268554688,5862620
2025-09-09 15:30:00-04:00,650.3200073242188,650.8599853515625,649.6950073242188,650.0650024414062,8924328
2025-09-10 09:30:00-04:00,653.9400024414062,654.5499877929688,652.6799926757812,653.6199951171875,16823094
2025-09-10 10:30:00-04:00,652.8200073242188,654.030029296875,652.4600219726562,653.9099731445312,13613736
2025-09-10 11:30:00-04:00,652.635009765625,653.6300048828125,652.340087890625,652.8300170898438,6593820
2025-09-10 12:30:00-04:00,652.2899780273438,653.4600219726562,652.1099853515625,652.6400146484375,5272581
2025-09-10 13:30:00-04:00,651.6900024414062,652.719970703125,651.4000244140625,652.2899780273438,7186079
2025-09-10 14:30:00-04:00,650.8400268554688,652.139892578125,650.6300048828125,651.6900024414062,8818529
2025-09-10 15:30:00-04:00,652.2249755859375,652.7000122070312,650.6900024414062,650.9299926757812,10906819
2025-09-11 09:30:00-04:00,655.9600219726562,656.25,653.5900268554688,654.219970703125,16171940
2025-09-11 10:30:00-04:00,657.4199829101562,657.5900268554688,655.85498046875,655.9550170898438,9213273
2025-09-11 11:30:00-04:00,657.3499755859375,657.7999877929688,656.6400146484375,657.4199829101562,7414883
2025-09-11 12:30:00-04:00,657.1199951171875,657.5549926757812,656.85498046875,657.3599853515625,4417784
2025-09-11 13:30:00-04:00,657.3300170898438,657.6599731445312,657.010009765625,657.114990234375,6687601
2025-09-11 14:30:00-04:00,657.760009765625,657.8300170898438,657.1599731445312,657.3300170898438,7191749
2025-09-11 15:30:00-04:00,657.5900268554688,658.3300170898438,657.4650268554688,657.75,11803102
2025-09-12 09:30:00-04:00,657.969970703125,658.2000122070312,657.14501953125,657.5999755859375,12826070
2025-09-12 10:30:00-04:00,657.6400146484375,658.47998046875,657.6199951171875,657.9600219726562,6657943
2025-09-12 11:30:00-04:00,658.0499877929688,658.0599975585938,657.2100219726562,657.6400146484375,5222339
2025-09-12 12:30:00-04:00,658.0999755859375,658.280029296875,657.6500244140625,658.0499877929688,4933029
2025-09-12 13:30:00-04:00,658.5050048828125,658.5650024414062,657.9000244140625,658.0999755859375,5524799
2025-09-12 14:30:00-04:00,658.1699829101562,659.1099853515625,658.0700073242188,658.5050048828125,10941027
2025-09-12 15:30:00-04:00,657.4000244140625,658.3300170898438,656.9000244140625,658.1699829101562,17151968
2025-09-15 09:30:00-04:00,660.6799926757812,660.7349853515625,659.47998046875,659.6400146484375,13649223
2025-09-15 10:30:00-04:00,660.3594970703125,661.0399780273438,660.22998046875,660.6599731445312,8066227
2025-09-15 11:30:00-04:00,660.6019897460938,660.8900756835938,660.239990234375,660.3499755859375,5842420
2025-09-15 12:30:00-04:00,659.75,660.8798828125,659.530029296875,660.60498046875,6631436
2025-09-15 13:30:00-04:00,659.9000244140625,660.6599731445312,659.7000122070312,659.739990234375,6130503
2025-09-15 14:30:00-04:00,660.0700073242188,660.1599731445312,659.3400268554688,659.9000244140625,7749230
2025-09-15 15:30:00-04:00,660.8499755859375,660.9099731445312,659.760009765625,660.0700073242188,10465177
2025-09-16 09:30:00-04:00,659.9450073242188,661.780029296875,659.6300048828125,661.469970703125,15146686
2025-09-16 10:30:00-04:00,659.6300048828125,660.2999877929688,659.3900146484375,659.9400024414062,7296988
2025-09-16 11:30:00-04:00,659.905029296875,659.9600219726562,659.2100219726562,659.6199951171875,5532832
2025-09-16 12:30:00-04:00,660.260009765625,660.4400024414062,659.47998046875,659.9000244140625,4755497
2025-09-16 13:30:00-04:00,660.1900024414062,660.405029296875,659.9266967773438,660.27001953125,6623488
2025-09-16 14:30:00-04:00,660.14501953125,660.739990234375,660.030029296875,660.2000122070312,5749803
2025-09-16 15:30:00-04:00,659.9299926757812,660.6599731445312,659.6799926757812,660.1400146484375,10301559
2025-09-17 09:30:00-04:00,659.1599731445312,660.655029296875,659.0900268554688,660.010009765625,12506869
2025-09-17 10:30:00-04:00,658.9400024414062,659.6699829101562,658.864990234375,659.1699829101562,5950179
2025-09-17 11:30:00-04:00,658.9299926757812,659.3400268554688,658.72998046875,658.9450073242188,4063655
2025-09-17 12:30:00-04:00,658.64501953125,658.9849853515625,658.1300048828125,658.9299926757812,4722269
2025-09-17 13:30:00-04:00,660.3499755859375,661.719970703125,657.1300048828125,658.6500244140625,15840689
2025-09-17 14:30:00-04:00,660.1849975585938,660.6799926757812,654.2999877929688,660.3599853515625,27740819
2025-09-17 15:30:00-04:00,659.1799926757812,660.5700073242188,658.5,660.2000122070312,12745726
2025-09-18 09:30:00-04:00,664.4000244140625,664.489990234375,660.27001953125,661.8900146484375,24244720
2025-09-18 10:30:00-04:00,663.3250122070312,664.8900146484375,662.5999755859375,664.3800048828125,12625429
2025-09-18 11:30:00-04:00,663.4600219726562,663.9400024414062,662.1751098632812,663.3099975585938,7237612
2025-09-18 12:30:00-04:00,663.3200073242188,664.22998046875,663.2650146484375,663.4600219726562,8317397
2025-09-18 13:30:00-04:00,662.7750244140625,663.4500122070312,662.52001953125,663.3200073242188,6144700
2025-09-18 14:30:00-04:00,662.7100219726562,663.510009765625,662.3400268554688,662.780029296875,10496656
2025-09-18 15:30:00-04:00,662.2899780273438,663.0399780273438,661.9550170898438,662.7000122070312,14777202
2025-09-19 09:30:00-04:00,661.9199829101562,662.7000122070312,661.3200073242188,662.3300170898438,17300683
2025-09-19 10:30:00-04:00,660.760009765625,662.2100219726562,660.6300048828125,661.9000244140625,17767234
2025-09-19 11:30:00-04:00,662.489990234375,662.6799926757812,660.3699951171875,660.739990234375,7518824
2025-09-19 12:30:00-04:00,662.47998046875,662.760009765625,662.1300048828125,662.47998046875,4839739
2025-09-19 13:30:00-04:00,662.530029296875,662.8900146484375,662.3250122070312,662.47998046875,6925276
2025-09-19 14:30:00-04:00,663.7999877929688,664.0499267578125,662.4199829101562,662.52001953125,12608861
2025-09-19 15:30:00-04:00,663.6199951171875,664.5499877929688,663.385009765625,663.7899780273438,14869578
2025-09-22 09:30:00-04:00,664.0800170898438,664.1400146484375,662.1699829101562,662.2000122070312,13884703
2025-09-22 10:30:00-04:00,664.9400024414062,665.3200073242188,663.89501953125,664.0700073242188,8130257
2025-09-22 11:30:00-04:00,665.844970703125,665.9299926757812,664.47998046875,664.9400024414062,9505466
2025-09-22 12:30:00-04:00,666.510009765625,666.530029296875,665.7899780273438,665.844970703125,6543543
2025-09-22 13:30:00-04:00,666.5650024414062,666.780029296875,666.030029296875,666.5050048828125,6971116
2025-09-22 14:30:00-04:00,667.1420288085938,667.239990234375,666.4600219726562,666.5700073242188,5743352
2025-09-22 15:30:00-04:00,666.780029296875,667.2899780273438,666.7100219726562,667.1400146484375,11300614
2025-09-23 09:30:00-04:00,666.6199951171875,667.3400268554688,666.3599853515625,666.719970703125,13063179
2025-09-23 10:30:00-04:00,666.1500244140625,666.760009765625,666.02001953125,666.6300048828125,6214358
2025-09-23 11:30:00-04:00,665.239990234375,666.239990234375,664.969970703125,666.1500244140625,9082129
2025-09-23 12:30:00-04:00,663.7080078125,665.8400268554688,663.6900024414062,665.2349853515625,8996590
2025-09-23 13:30:00-04:00,662.6749877929688,663.8499755859375,662.0349731445312,663.7000732421875,12461158
2025-09-23 14:30:00-04:00,662.369873046875,663.3198852539062,661.97998046875,662.6500244140625,8850450
2025-09-23 15:30:00-04:00,663.25,663.5399780273438,662.2899780273438,662.3699951171875,11972191
2025-09-24 09:30:00-04:00,663.2100219726562,664.6099853515625,662.4199829101562,664.510009765625,13639550
2025-09-24 10:30:00-04:00,662.6599731445312,663.655029296875,662.4000244140625,663.1900024414062,6498506
2025-09-24 11:30:00-04:00,660.9099731445312,662.6849975585938,659.6699829101562,662.6500244140625,12123896
2025-09-24 12:30:00-04:00,661.3699951171875,661.6799926757812,660.4000244140625,660.9199829101562,5690222
2025-09-24 13:30:00-04:00,660.385009765625,661.7999877929688,659.9600219726562,661.3800048828125,7757971
2025-09-24 14:30:00-04:00,660.7949829101562,661.1500244140625,660.260009765625,660.3900146484375,5940362
2025-09-24 15:30:00-04:00,661.030029296875,661.3800048828125,660.4849853515625,660.8099975585938,9069454
2025-09-25 09:30:00-04:00,658.47998046875,659.1500244140625,655.0800170898438,657.9400024414062,23644624
2025-09-25 10:30:00-04:00,657.4600219726562,659.0999755859375,657.1900024414062,658.47998046875,9814871
2025-09-25 11:30:00-04:00,658.010009765625,659.4055786132812,657.4600219726562,657.4600219726562,8274490
2025-09-25 12:30:00-04:00,657.2949829101562,658.97998046875,656.5700073242188,658.030029296875,10272939
2025-09-25 13:30:00-04:00,656.989990234375,657.4650268554688,654.405029296875,657.280029296875,12371948
2025-09-25 14:30:00-04:00,657.4500122070312,658.155029296875,656.6599731445312,656.97998046875,8568172
2025-09-25 15:30:00-04:00,657.9500122070312,658.260009765625,657.0399780273438,657.4500122070312,8707290
2025-09-26 09:30:00-04:00,658.781005859375,662.3699951171875,657.8800048828125,659.510009765625,20562031
2025-09-26 10:30:00-04:00,659.9299926757812,659.9600219726562,658.0499877929688,658.7899780273438,7551046
2025-09-26 11:30:00-04:00,660.4534301757812,660.760009765625,658.5,659.9149780273438,6363666
2025-09-26 12:30:00-04:00,661.625,661.739990234375,660.0700073242188,660.4498901367188,5508795
2025-09-26 13:30:00-04:00,661.7249755859375,662.02001953125,660.760009765625,661.6300048828125,6617197
2025-09-26 14:30:00-04:00,661.5999755859375,662.1400146484375,661.2999877929688,661.739990234375,5979841
2025-09-26 15:30:00-04:00,661.72998046875,661.9500122070312,661.1500244140625,661.6019897460938,7834233
2025-09-29 09:30:00-04:00,664.760009765625,665.280029296875,663.7249755859375,664.3599853515625,15104673
2025-09-29 10:30:00-04:00,663.530029296875,665.1699829101562,663.2100219726562,664.760009765625,8385751
2025-09-29 11:30:00-04:00,663.469970703125,663.7999877929688,662.8400268554688,663.5399780273438,8758148
2025-09-29 12:30:00-04:00,662.5599975585938,663.7000122070312,662.4000244140625,663.47998046875,6030863
2025-09-29 13:30:00-04:00,663.4600219726562,663.594970703125,662.1900024414062,662.5700073242188,6650786
2025-09-29 14:30:00-04:00,662.64501953125,663.5800170898438,661.8599853515625,663.469970703125,10539508
2025-09-29 15:30:00-04:00,663.5999755859375,663.760009765625,662.6099853515625,662.6400146484375,11788604
2025-09-30 09:30:00-04:00,662.8571166992188,663.5512084960938,661.9692993164062,662.9299926757812,13066169
2025-09-30 10:30:00-04:00,662.22998046875,663.6300048828125,661.6099853515625,662.8499755859375,8070430
2025-09-30 11:30:00-04:00,663.405029296875,664.0526733398438,661.8900146484375,662.2249755859375,6960740
2025-09-30 12:30:00-04:00,662.1300048828125,663.6649780273438,661.780029296875,663.4099731445312,5151325
2025-09-30 13:30:00-04:00,663.8800048828125,664.030029296875,661.81201171875,662.1199951171875,7590620
2025-09-30 14:30:00-04:00,665.3699951171875,665.510009765625,663.5999755859375,663.8699951171875,9881494
2025-09-30 15:30:00-04:00,666.0900268554688,666.6500244140625,664.8499755859375,665.3800048828125,18846226
2025-10-01 09:30:00-04:00,665.530029296875,665.7100219726562,663.0599975585938,663.1699829101562,18154671
2025-10-01 10:30:00-04:00,666.3099975585938,666.4400024414062,665.260009765625,665.530029296875,8646721
2025-10-01 11:30:00-04:00,666.9199829101562,667.1799926757812,666.3099975585938,666.3099975585938,7262678
2025-10-01 12:30:00-04:00,667.969970703125,668.0900268554688,666.4299926757812,666.9199829101562,6252656
2025-10-01 13:30:00-04:00,668.77001953125,668.9349975585938,667.60498046875,667.97998046875,6268760
2025-10-01 14:30:00-04:00,669.125,669.3699951171875,668.7249755859375,668.7750244140625,6834344
2025-10-01 15:30:00-04:00,668.5,669.260009765625,668.489990234375,669.1199951171875,10307010
2025-10-02 09:30:00-04:00,668.7113037109375,670.5650024414062,668.2899780273438,670.4500122070312,13815065
2025-10-02 10:30:00-04:00,667.6699829101562,669.02001953125,667.02001953125,668.719970703125,7791031
2025-10-02 11:30:00-04:00,668.138916015625,668.4199829101562,666.780029296875,667.6488037109375,4921293
2025-10-02 12:30:00-04:00,668.5098876953125,668.7100219726562,667.5499877929688,668.1300048828125,4611526
2025-10-02 13:30:00-04:00,669.5800170898438,669.6699829101562,668.3319091796875,668.510009765625,5242120
2025-10-02 14:30:00-04:00,669.4749755859375,669.72998046875,669.219970703125,669.5800170898438,5449532
2025-10-02 15:30:00-04:00,669.1500244140625,669.489990234375,668.8200073242188,669.47998046875,10026555
2025-10-03 09:30:00-04:00,671.3831787109375,671.5700073242188,669.9299926757812,669.989990234375,11865676
2025-10-03 10:30:00-04:00,671.7713012695312,672.280029296875,671.3200073242188,671.39501953125,6954102
2025-10-03 11:30:00-04:00,672.4600219726562,672.6749877929688,671.3499755859375,671.77001953125,5755756
2025-10-03 12:30:00-04:00,670.3300170898438,672.5449829101562,670.3200073242188,672.4500122070312,8819600
2025-10-03 13:30:00-04:00,670.52001953125,670.9500122070312,668.1599731445312,670.3300170898438,14522789
2025-10-03 14:30:00-04:00,669.6199951171875,670.6849975585938,669.280029296875,670.5369873046875,7959881
2025-10-03 15:30:00-04:00,669.2000122070312,670.239990234375,668.780029296875,669.6099853515625,8300782
2025-10-06 09:30:00-04:00,670.5150146484375,671.6500244140625,669.4550170898438,671.6199951171875,15655077
2025-10-06 10:30:00-04:00,671.1500244140625,671.375,670.14501953125,670.5150146484375,6383341
2025-10-06 11:30:00-04:00,671.8206787109375,671.9249877929688,671.0449829101562,671.1500244140625,5241048
2025-10-06 12:30:00-04:00,672.0599975585938,672.3200073242188,671.3300170898438,671.8300170898438,4672135
2025-10-06 13:30:00-04:00,672.239990234375,672.469970703125,671.7899780273438,672.0800170898438,5141450
2025-10-06 14:30:00-04:00,671.7550048828125,672.510009765625,671.6500244140625,672.2484130859375,5150909
2025-10-06 15:30:00-04:00,671.5800170898438,672.0900268554688,671.5399780273438,671.75,7648168
2025-10-07 09:30:00-04:00,671.27001953125,672.989990234375,671.260009765625,672.5399780273438,11873049
2025-10-07 10:30:00-04:00,669.2899780273438,671.6900024414062,668.8099975585938,671.2750244140625,16047849
2025-10-07 11:30:00-04:00,668.4000244140625,669.4000244140625,667.6699829101562,669.280029296875,14096923
2025-10-07 12:30:00-04:00,668.989990234375,669.5399780273438,668.1300048828125,668.4000244140625,6479381
2025-10-07 13:30:00-04:00,668.6295776367188,669.1900024414062,667.8099975585938,668.9199829101562,5017731
2025-10-07 14:30:00-04:00,668.5700073242188,669.1400146484375,668.530029296875,668.625,4651374
2025-10-07 15:30:00-04:00,669.1300048828125,669.4000244140625,668.5499877929688,668.5700073242188,7511055
2025-10-08 09:30:00-04:00,671.8900146484375,671.9600219726562,669.4199829101562,670.25,14327924
2025-10-08 10:30:00-04:00,672.5449829101562,672.72998046875,671.3400268554688,671.885009765625,8297307
2025-10-08 11:30:00-04:00,672.6400146484375,673.0985107421875,672.3599853515625,672.5399780273438,5306939
2025-10-08 12:30:00-04:00,672.89501953125,673.030029296875,672.22998046875,672.6400146484375,3676009
2025-10-08 13:30:00-04:00,672.7999877929688,673.1400146484375,672.469970703125,672.89501953125,6051176
2025-10-08 14:30:00-04:00,672.89501953125,673.010009765625,672.1500244140625,672.8099975585938,6435076
2025-10-08 15:30:00-04:00,673.0399780273438,673.2056274414062,672.6599731445312,672.8900146484375,8920441
2025-10-09 09:30:00-04:00,671.2249755859375,673.9400024414062,671.1199951171875,673.530029296875,15147011
2025-10-09 10:30:00-04:00,670.75,671.8510131835938,669.969970703125,671.22998046875,9564888
2025-10-09 11:30:00-04:00,670.9650268554688,671.5800170898438,669.989990234375,670.75,5923568
2025-10-09 12:30:00-04:00,669.4688110351562,671.125,669.3400268554688,670.969970703125,6897227
2025-10-09 13:30:00-04:00,669.8200073242188,670.3800048828125,669.2100219726562,669.4600219726562,5446757
2025-10-09 14:30:00-04:00,670.510009765625,670.6699829101562,669.5184936523438,669.8099975585938,6268770
2025-10-09 15:30:00-04:00,671.1900024414062,671.260009765625,670.4400024414062,670.510009765625,10149816
2025-10-10 09:30:00-04:00,672.5700073242188,673.9500122070312,671.7999877929688,672.1300048828125,13260158
2025-10-10 10:30:00-04:00,662.4400024414062,673.0650024414062,661.9299926757812,672.5900268554688,36483123
2025-10-10 11:30:00-04:00,661.5700073242188,664.0900268554688,659.469970703125,662.4400024414062,29203197
2025-10-10 12:30:00-04:00,659.780029296875,662.755615234375,657.739990234375,661.5800170898438,14381583
2025-10-10 13:30:00-04:00,659.0999755859375,660.9299926757812,658.6400146484375,659.77001953125,10836324
2025-10-10 14:30:00-04:00,655.989990234375,659.510009765625,655.510009765625,659.0999755859375,15751204
2025-10-10 15:30:00-04:00,653.1099853515625,656.8099975585938,652.8400268554688,656.010009765625,21676584
2025-10-13 09:30:00-04:00,660.8499755859375,663.22998046875,659.7999877929688,660.6500244140625,24424144
2025-10-13 10:30:00-04:00,662.719970703125,662.8499755859375,659.7678833007812,660.8800048828125,10043849
2025-10-13 11:30:00-04:00,663.489990234375,665.1300048828125,662.22998046875,662.719970703125,8366147
2025-10-13 12:30:00-04:00,663.1199951171875,664.6099853515625,662.9149780273438,663.4849853515625,6822830
2025-10-13 13:30:00-04:00,663.9400024414062,664.0499877929688,662.3699951171875,663.1300048828125,4946834
2025-10-13 14:30:00-04:00,662.8192749023438,664.27001953125,661.6799926757812,663.9349975585938,8823369
2025-10-13 15:30:00-04:00,663.0499877929688,663.6500244140625,662.6300048828125,662.7999877929688,9545246
2025-10-14 09:30:00-04:00,659.7899780273438,659.9099731445312,653.1699829101562,657.1699829101562,23138635
2025-10-14 10:30:00-04:00,659.6749877929688,661.1099853515625,659.040771484375,659.780029296875,9588837
2025-10-14 11:30:00-04:00,663.635009765625,663.9600219726562,659.6400146484375,659.6799926757812,9877089
2025-10-14 12:30:00-04:00,665.3499755859375,665.6400146484375,663.5700073242188,663.6400146484375,8813731
2025-10-14 13:30:00-04:00,665.1199951171875,665.8300170898438,664.3900146484375,665.3400268554688,5560954
2025-10-14 14:30:00-04:00,664.7899780273438,665.3599853515625,664.4520263671875,665.1099853515625,5388867
2025-10-14 15:30:00-04:00,662.2000122070312,664.7999877929688,660.280029296875,664.7899780273438,19606185
2025-10-15 09:30:00-04:00,669.6099853515625,670.22998046875,666.0499877929688,666.8200073242188,17433368
2025-10-15 10:30:00-04:00,667.7100219726562,669.89501953125,667.6500244140625,669.6300048828125,5999554
2025-10-15 11:30:00-04:00,665.5900268554688,667.8400268554688,663.9149780273438,667.6900024414062,11444331
2025-10-15 12:30:00-04:00,660.8599853515625,665.760009765625,658.9299926757812,665.5800170898438,12909879
2025-10-15 13:30:00-04:00,664.3109741210938,664.9099731445312,660.7000122070312,660.8900146484375,7507498
2025-10-15 14:30:00-04:00,665.3599853515625,665.8364868164062,664.1900024414062,664.3200073242188,6421466
2025-10-15 15:30:00-04:00,665.0800170898438,665.4600219726562,663.25,665.3699951171875,13960458
2025-10-16 09:30:00-04:00,666.9299926757812,668.0800170898438,665.4199829101562,666.8200073242188,16329797
2025-10-16 10:30:00-04:00,665.8150024414062,668.7100219726562,665.469970703125,666.9500122070312,10033189
2025-10-16 11:30:00-04:00,662.469970703125,666.780029296875,662.2899780273438,665.8099975585938,12944749
2025-10-16 12:30:00-04:00,663.5040283203125,664.260009765625,659.3300170898438,662.47998046875,19064371
2025-10-16 13:30:00-04:00,658.385009765625,664.0,657.4500122070312,663.510009765625,13512845
2025-10-16 14:30:00-04:00,658.9099731445312,660.9298706054688,657.1099853515625,658.3900146484375,14584616
2025-10-16 15:30:00-04:00,660.6699829101562,661.25,658.1400146484375,658.9199829101562,14019337
2025-10-17 09:30:00-04:00,662.3099975585938,663.7150268554688,658.22998046875,659.5,25472776
2025-10-17 10:30:00-04:00,659.4199829101562,662.4000244140625,658.510009765625,662.3099975585938,14665976
2025-10-17 11:30:00-04:00,663.1099853515625,663.3599853515625,658.1400146484375,659.4400024414062,10154976
2025-10-17 12:30:00-04:00,661.1900024414062,663.635009765625,660.5499877929688,663.1300048828125,6951317
2025-10-17 13:30:00-04:00,664.6300048828125,665.0399780273438,660.7100219726562,661.1599731445312,8819016
2025-10-17 14:30:00-04:00,665.1300048828125,665.7550048828125,664.030029296875,664.6500244140625,8491669
2025-10-17 15:30:00-04:00,664.3200073242188,665.1300048828125,664.030029296875,665.1300048828125,10296849
2025-10-20 09:30:00-04:00,670.2650146484375,670.3900146484375,667.27001953125,667.3200073242188,13682235
2025-10-20 10:30:00-04:00,670.9199829101562,671.4600219726562,669.8099975585938,670.260009765625,8249861
2025-10-20 11:30:00-04:00,670.8099975585938,671.3099975585938,670.1599731445312,670.9299926757812,7691863
2025-10-20 12:30:00-04:00,671.6099243164062,672.010009765625,670.2999877929688,670.8049926757812,4774133
2025-10-20 13:30:00-04:00,671.8413696289062,672.2100219726562,671.5449829101562,671.6099853515625,4078188
2025-10-20 14:30:00-04:00,671.7100219726562,672.030029296875,671.1749877929688,671.8499755859375,5444832
2025-10-20 15:30:00-04:00,671.260009765625,672.0999755859375,671.2000122070312,671.719970703125,8971962
2025-10-21 09:30:00-04:00,670.5999755859375,671.9000244140625,669.9810180664062,671.4400024414062,11806908
2025-10-21 10:30:00-04:00,671.9000244140625,672.7313232421875,670.260009765625,670.5900268554688,9463513
2025-10-21 11:30:00-04:00,672.6300048828125,672.6900024414062,671.4000244140625,671.9000244140625,5766149
2025-10-21 12:30:00-04:00,671.6099853515625,672.989990234375,670.760009765625,672.6500244140625,7703827
2025-10-21 13:30:00-04:00,672.280029296875,672.52001953125,671.25,671.625,4486077
2025-10-21 14:30:00-04:00,671.905029296875,672.4299926757812,671.6900024414062,672.280029296875,4864153
2025-10-21 15:30:00-04:00,671.25,672.4000244140625,671.1599731445312,671.9000244140625,6694212
2025-10-22 09:30:00-04:00,669.4299926757812,672.0,669.3250122070312,672.0,10333100
2025-10-22 10:30:00-04:00,667.8499755859375,670.4099731445312,667.5999755859375,669.4500122070312,11308219
2025-10-22 11:30:00-04:00,667.6199951171875,669.7650146484375,667.1500244140625,667.8599853515625,6656966
2025-10-22 12:30:00-04:00,665.4199829101562,668.219970703125,664.010009765625,667.5900268554688,15215927
2025-10-22 13:30:00-04:00,665.673095703125,666.2000122070312,663.2999877929688,665.4099731445312,9837181
2025-10-22 14:30:00-04:00,667.4299926757812,667.6400146484375,665.0499877929688,665.6599731445312,10281771
2025-10-22 15:30:00-04:00,667.8099975585938,668.3599853515625,667.2999877929688,667.4201049804688,10558184
2025-10-23 09:30:00-04:00,669.4000244140625,670.739990234375,667.7999877929688,668.1199951171875,13386251
2025-10-23 10:30:00-04:00,670.0399780273438,670.3900146484375,668.989990234375,669.4000244140625,6176978
2025-10-23 11:30:00-04:00,670.5399780273438,671.0800170898438,668.72998046875,670.030029296875,5485990
2025-10-23 12:30:00-04:00,671.010009765625,671.6500244140625,670.4000244140625,670.5399780273438,6176660
2025-10-23 13:30:00-04:00,672.489990234375,672.5499877929688,670.9902954101562,671.0150146484375,6679689
2025-10-23 14:30:00-04:00,672.4509887695312,672.7100830078125,672.27001953125,672.4849853515625,7558689
2025-10-23 15:30:00-04:00,671.6099853515625,672.4500122070312,671.2999877929688,672.4500122070312,11964817
2025-10-24 09:30:00-04:00,676.780029296875,677.9400024414062,675.6500244140625,676.4600219726562,15088350
2025-10-24 10:30:00-04:00,678.1500244140625,678.3800048828125,675.9099731445312,676.760009765625,9123041
2025-10-24 11:30:00-04:00,677.885009765625,678.4600219726562,677.469970703125,678.1900024414062,6316492
2025-10-24 12:30:00-04:00,678.0599975585938,678.2451782226562,677.2100219726562,677.8900146484375,4618665
2025-10-24 13:30:00-04:00,678.1699829101562,678.4299926757812,677.8699951171875,678.052001953125,3849094
2025-10-24 14:30:00-04:00,678.2420043945312,678.469970703125,677.75,678.1599731445312,5141529
2025-10-24 15:30:00-04:00,677.1099853515625,678.27001953125,676.7650146484375,678.239990234375,14980081
2025-10-27 09:30:00-04:00,683.030029296875,683.6099853515625,682.114990234375,682.72998046875,14388923
2025-10-27 10:30:00-04:00,683.3599853515625,683.3699951171875,682.5499877929688,683.030029296875,6305695
2025-10-27 11:30:00-04:00,683.5,683.780029296875,683.2000122070312,683.3599853515625,5122235
2025-10-27 12:30:00-04:00,683.4398803710938,683.8800048828125,683.1699829101562,683.510009765625,4548864
2025-10-27 13:30:00-04:00,683.8499755859375,683.989990234375,683.3150024414062,683.4400024414062,5052167
2025-10-27 14:30:00-04:00,684.22998046875,684.2899780273438,683.85498046875,683.85498046875,6131972
2025-10-27 15:30:00-04:00,685.1900024414062,685.5399780273438,684.1849975585938,684.22998046875,13299437
2025-10-28 09:30:00-04:00,686.1300048828125,687.2249755859375,685.1199951171875,687.0499877929688,11751742
2025-10-28 10:30:00-04:00,685.530029296875,686.3699951171875,685.3699951171875,686.1199951171875,6552327
2025-10-28 11:30:00-04:00,686.1820068359375,686.2244873046875,684.8300170898438,685.52001953125,4795708
2025-10-28 12:30:00-04:00,687.010009765625,688.3200073242188,686.0599975585938,686.1799926757812,6949015
2025-10-28 13:30:00-04:00,688.051025390625,688.4000244140625,686.875,687.02001953125,5511839
2025-10-28 14:30:00-04:00,688.6900024414062,688.905029296875,687.780029296875,688.0549926757812,7446727
2025-10-28 15:30:00-04:00,686.97998046875,688.7100219726562,686.905029296875,688.7000122070312,11437551
2025-10-29 09:30:00-04:00,688.97998046875,689.7000122070312,688.1500244140625,688.719970703125,13854605
2025-10-29 10:30:00-04:00,688.3099975585938,689.110107421875,687.8099975585938,688.97998046875,11165854
2025-10-29 11:30:00-04:00,688.469970703125,688.530029296875,687.5900268554688,688.3200073242188,7199840
2025-10-29 12:30:00-04:00,687.9299926757812,688.8099975585938,687.739990234375,688.469970703125,3626569
2025-10-29 13:30:00-04:00,688.010009765625,688.9400024414062,687.3300170898438,687.8900146484375,6768542
2025-10-29 14:30:00-04:00,685.4299926757812,688.719970703125,682.8699951171875,688.0,23454876
2025-10-29 15:30:00-04:00,687.2999877929688,687.3599853515625,684.0499877929688,685.3900146484375,11501712
2025-10-30 09:30:00-04:00,683.469970703125,685.9400024414062,681.3900146484375,683.9000244140625,18837297
2025-10-30 10:30:00-04:00,684.7999877929688,685.719970703125,683.4099731445312,683.4600219726562,6813187
2025-10-30 11:30:00-04:00,684.9299926757812,685.1500244140625,683.010009765625,684.7999877929688,6261673
2025-10-30 12:30:00-04:00,684.4000244140625,684.9500122070312,683.0700073242188,684.9500122070312,5035455
2025-10-30 13:30:00-04:00,682.9400024414062,684.6400146484375,682.5399780273438,684.4000244140625,6153682
2025-10-30 14:30:00-04:00,681.280029296875,683.489990234375,680.3400268554688,682.9299926757812,9536437
2025-10-30 15:30:00-04:00,679.969970703125,681.9849853515625,679.8599853515625,681.2899780273438,13490572
2025-10-31 09:30:00-04:00,683.25,685.0800170898438,682.2100219726562,685.0399780273438,14350210
2025-10-31 10:30:00-04:00,683.739990234375,684.75,683.0900268554688,683.239990234375,6749024
2025-10-31 11:30:00-04:00,681.77001953125,684.1799926757812,680.510009765625,683.75,11407525
2025-10-31 12:30:00-04:00,679.7899780273438,682.4500122070312,679.239990234375,681.760009765625,7940723
2025-10-31 13:30:00-04:00,682.3099975585938,682.4400024414062,679.4299926757812,679.7999877929688,7245133
2025-10-31 14:30:00-04:00,684.1099853515625,684.280029296875,681.72998046875,682.3200073242188,8229578
2025-10-31 15:30:00-04:00,681.9749755859375,684.7999877929688,681.9299926757812,684.0900268554688,19675444
2025-11-03 09:30:00-05:00,680.4600219726562,685.7999877929688,680.239990234375,685.6699829101562,15033447
2025-11-03 10:30:00-05:00,682.0501098632812,682.8599853515625,679.9400024414062,680.4500122070312,6734250
2025-11-03 11:30:00-05:00,682.7479858398438,683.9000244140625,681.9500122070312,682.0599975585938,4962814
2025-11-03 12:30:00-05:00,683.6300048828125,684.2100219726562,682.72998046875,682.75,3456101
2025-11-03 13:30:00-05:00,683.260009765625,684.22998046875,683.0800170898438,683.6400146484375,4071677
2025-11-03 14:30:00-05:00,683.1300048828125,683.655029296875,682.5800170898438,683.25,6422260
2025-11-03 15:30:00-05:00,683.3499755859375,683.3800048828125,682.4500122070312,683.1400146484375,9788794
2025-11-04 09:30:00-05:00,679.3200073242188,679.64501953125,674.6699829101562,676.1099853515625,17674626
2025-11-04 10:30:00-05:00,678.2000122070312,679.9600219726562,677.5599975585938,679.3200073242188,7140950
2025-11-04 11:30:00-05:00,676.9299926757812,678.6300048828125,675.6799926757812,678.2100219726562,7361680
2025-11-04 12:30:00-05:00,675.25,677.25,674.97998046875,676.9299926757812,6018757
2025-11-04 13:30:00-05:00,676.2949829101562,676.6799926757812,674.7100219726562,675.25,8127022
2025-11-04 14:30:00-05:00,675.9600219726562,676.375,674.5800170898438,676.2899780273438,9265368
2025-11-04 15:30:00-05:00,675.3400268554688,676.5349731445312,674.614990234375,675.969970703125,14041781
2025-11-05 09:30:00-05:00,677.4400024414062,678.0900268554688,674.1699829101562,674.97998046875,16529139
2025-11-05 10:30:00-05:00,678.2899780273438,678.3984985351562,676.760009765625,677.4349975585938,7754225
2025-11-05 11:30:00-05:00,680.0458984375,680.0999755859375,678.0850219726562,678.27001953125,6475145
2025-11-05 12:30:00-05:00,680.4099731445312,680.8599243164062,679.9400024414062,680.0499877929688,6079943
2025-11-05 13:30:00-05:00,680.2100219726562,680.8599853515625,679.739990234375,680.4000244140625,4969954
2025-11-05 14:30:00-05:00,679.760009765625,680.52001953125,679.6699829101562,680.2100219726562,6145774
2025-11-05 15:30:00-05:00,677.5,679.864990234375,677.4000244140625,679.760009765625,13994312
2025-11-06 09:30:00-05:00,674.5399169921875,677.3800048828125,672.52001953125,676.469970703125,16428944
2025-11-06 10:30:00-05:00,671.4099731445312,674.6699829101562,670.219970703125,674.5399780273438,13018591
2025-11-06 11:30:00-05:00,669.5850219726562,671.4099731445312,668.719970703125,671.4099731445312,8873590
2025-11-06 12:30:00-05:00,670.9600219726562,671.5800170898438,669.1300048828125,669.5800170898438,7639737
2025-11-06 13:30:00-05:00,673.4000244140625,673.5250244140625,670.9099731445312,670.9400024414062,6920127
2025-11-06 14:30:00-05:00,672.3200073242188,673.7000122070312,672.030029296875,673.3900146484375,7663822
2025-11-06 15:30:00-05:00,670.239990234375,672.719970703125,669.530029296875,672.3099975585938,14641776
2025-11-07 09:30:00-05:00,665.9299926757812,667.97998046875,663.969970703125,667.9099731445312,21982631
2025-11-07 10:30:00-05:00,662.8250122070312,666.3099975585938,662.25,665.9149780273438,14548847
2025-11-07 11:30:00-05:00,663.5750122070312,664.2750244140625,661.2050170898438,662.8200073242188,10693271
2025-11-07 12:30:00-05:00,665.3099975585938,665.5750122070312,662.010009765625,663.52001953125,7717916
2025-11-07 13:30:00-05:00,666.4500122070312,666.6799926757812,664.219970703125,665.2999877929688,8683895
2025-11-07 14:30:00-05:00,668.6649780273438,670.030029296875,666.47998046875,666.47998046875,16350929
2025-11-07 15:30:00-05:00,670.9199829101562,671.0800170898438,668.6599731445312,668.6599731445312,11413721
2025-11-10 09:30:00-05:00,678.8599853515625,679.219970703125,677.030029296875,677.2349853515625,17208872
2025-11-10 10:30:00-05:00,675.5549926757812,678.989990234375,675.239990234375,678.8699951171875,10399188
2025-11-10 11:30:00-05:00,677.4650268554688,677.8499755859375,675.030029296875,675.5499877929688,6587134
2025-11-10 12:30:00-05:00,679.4749755859375,680.0499877929688,677.4650268554688,677.4650268554688,6811816
2025-11-10 13:30:00-05:00,680.781494140625,680.9555053710938,679.4949951171875,679.5,5329387
2025-11-10 14:30:00-05:00,681.3099975585938,682.0800170898438,680.5399780273438,680.780029296875,8583825
2025-11-10 15:30:00-05:00,681.3200073242188,682.1799926757812,681.030029296875,681.2999877929688,11349351
2025-11-11 09:30:00-05:00,679.4550170898438,680.844970703125,678.8200073242188,679.9500122070312,9949914
2025-11-11 10:30:00-05:00,679.3200073242188,680.739990234375,678.72998046875,679.4500122070312,5909568
2025-11-11 11:30:00-05:00,681.0305786132812,681.3900146484375,678.760009765625,679.3599853515625,5143141
2025-11-11 12:30:00-05:00,682.9099731445312,683.239990234375,680.9500122070312,681.0499877929688,5550886
2025-11-11 13:30:00-05:00,683.1300048828125,683.3200073242188,682.1599731445312,682.9099731445312,6015353
2025-11-11 14:30:00-05:00,682.9000244140625,683.5499877929688,682.7100219726562,683.1400146484375,8298060
2025-11-11 15:30:00-05:00,682.8699951171875,683.5700073242188,682.2949829101562,682.9000244140625,10392745
2025-11-12 09:30:00-05:00,683.1950073242188,684.9600219726562,682.8099975585938,684.7899780273438,12108358
2025-11-12 10:30:00-05:00,682.4099731445312,683.2598876953125,681.1400146484375,683.2000122070312,7131687
2025-11-12 11:30:00-05:00,682.469970703125,683.010009765625,680.9450073242188,682.4000244140625,6594287
2025-11-12 12:30:00-05:00,683.4949951171875,683.9299926757812,682.3800048828125,682.469970703125,5314215
2025-11-12 13:30:00-05:00,682.72998046875,684.14990234375,682.47998046875,683.5,5227355
2025-11-12 14:30:00-05:00,683.3400268554688,683.409912109375,682.0919799804688,682.739990234375,7436572
2025-11-12 15:30:00-05:00,683.2849731445312,684.0700073242188,682.66162109375,683.3400268554688,10875825
2025-11-13 09:30:00-05:00,678.9400024414062,680.8599853515625,677.530029296875,680.5,15197774
2025-11-13 10:30:00-05:00,675.72998046875,679.030029296875,674.9600219726562,678.9500122070312,13069959
2025-11-13 11:30:00-05:00,675.9199829101562,676.6199951171875,674.219970703125,675.719970703125,10409918
2025-11-13 12:30:00-05:00,672.8300170898438,676.5,672.594970703125,675.9000244140625,9175823
2025-11-13 13:30:00-05:00,673.5399780273438,673.5499877929688,671.52001953125,672.8200073242188,12030527
2025-11-13 14:30:00-05:00,671.6300048828125,673.6300048828125,670.52001953125,673.510009765625,12889539
2025-11-13 15:30:00-05:00,672.0499877929688,673.02001953125,670.760009765625,671.6199951171875,15287085
2025-11-14 09:30:00-05:00,669.7899780273438,669.9600219726562,663.2650146484375,665.3800048828125,25943449
2025-11-14 10:30:00-05:00,674.39501953125,674.8699951171875,669.1599731445312,669.780029296875,16892603
2025-11-14 11:30:00-05:00,675.0499877929688,675.6400146484375,672.760009765625,674.4000244140625,8106653
2025-11-14 12:30:00-05:00,673.1300048828125,675.6599731445312,672.1400146484375,675.0549926757812,9745100
2025-11-14 13:30:00-05:00,674.0198974609375,674.4400024414062,671.489990234375,673.1099853515625,9663134
2025-11-14 14:30:00-05:00,672.64501953125,675.1199951171875,672.2100219726562,674.02001953125,9331407
2025-11-14 15:30:00-05:00,671.9500122070312,673.1099853515625,671.1699829101562,672.6400146484375,10575754
2025-11-17 09:30:00-05:00,672.0599975585938,673.7100219726562,668.9500122070312,669.0,14885512
2025-11-17 10:30:00-05:00,670.4749755859375,672.3699951171875,667.77001953125,672.0399780273438,11859278
2025-11-17 11:30:00-05:00,672.3101196289062,673.0,670.3720092773438,670.47998046875,6729432
2025-11-17 12:30:00-05:00,668.7100219726562,672.5900268554688,668.219970703125,672.3300170898438,7123778
2025-11-17 13:30:00-05:00,665.8394775390625,669.9099731445312,664.969970703125,668.7000122070312,10600848
2025-11-17 14:30:00-05:00,663.739990234375,666.1414794921875,662.1699829101562,665.8300170898438,15165730
2025-11-17 15:30:00-05:00,665.6900024414062,665.780029296875,663.094970703125,663.760009765625,14471246
2025-11-18 09:30:00-05:00,659.0850219726562,664.260009765625,656.7999877929688,662.094970703125,30082907
2025-11-18 10:30:00-05:00,661.5750122070312,661.8699951171875,655.8599853515625,659.0800170898438,17955093
2025-11-18 11:30:00-05:00,658.6199951171875,662.3699951171875,658.5599975585938,661.5599975585938,10239073
2025-11-18 12:30:00-05:00,663.3300170898438,664.4600219726562,657.9099731445312,658.6099853515625,11883583
2025-11-18 13:30:00-05:00,662.9299926757812,665.1199951171875,662.5700073242188,663.3499755859375,9178711
2025-11-18 14:30:00-05:00,662.4199829101562,664.9600219726562,661.5,662.9299926757812,11299181
2025-11-18 15:30:00-05:00,660.1400146484375,662.780029296875,660.0,662.4199829101562,16397145
2025-11-19 09:30:00-05:00,666.25,667.3400268554688,660.1099853515625,660.780029296875,18990342
2025-11-19 10:30:00-05:00,662.010009765625,666.5545043945312,661.280029296875,666.27001953125,12743869
2025-11-19 11:30:00-05:00,661.1699829101562,662.97998046875,660.22998046875,662.02001953125,9632018
2025-11-19 12:30:00-05:00,661.0200805664062,662.6199951171875,658.7449951171875,661.1799926757812,11136653
2025-11-19 13:30:00-05:00,659.7999877929688,663.3300170898438,659.47998046875,661.010009765625,9746101
2025-11-19 14:30:00-05:00,663.5,664.4000244140625,659.3300170898438,659.7899780273438,10552435
2025-11-19 15:30:00-05:00,662.6500244140625,664.760009765625,661.739990234375,663.5,10568754
2025-11-20 09:30:00-05:00,674.8300170898438,675.4099731445312,672.469970703125,672.9099731445312,22654072
2025-11-20 10:30:00-05:00,667.9000244140625,675.5599975585938,667.4199829101562,674.8300170898438,18452670
2025-11-20 11:30:00-05:00,658.5700073242188,668.1699829101562,656.5999755859375,667.8900146484375,35358991
2025-11-20 12:30:00-05:00,659.5800170898438,661.969970703125,655.4500122070312,658.5499877929688,23036996
2025-11-20 13:30:00-05:00,657.010009765625,660.0,653.8599853515625,659.5499877929688,15966030
2025-11-20 14:30:00-05:00,656.2000122070312,658.25,655.2100219726562,656.97998046875,16777503
2025-11-20 15:30:00-05:00,652.530029296875,656.5599975585938,651.8900146484375,656.2000122070312,20340933
2025-11-21 09:30:00-05:00,653.0800170898438,656.469970703125,652.3400268554688,655.0499877929688,27153970
2025-11-21 10:30:00-05:00,655.9299926757812,655.969970703125,650.8499755859375,653.0900268554688,15869531
2025-11-21 11:30:00-05:00,660.3800048828125,661.1900024414062,655.219970703125,655.9299926757812,17590697
2025-11-21 12:30:00-05:00,658.3599853515625,661.5117797851562,656.8800048828125,660.3825073242188,10519402
2025-11-21 13:30:00-05:00,664.22998046875,664.5499877929688,658.0,658.3499755859375,13617205
2025-11-21 14:30:00-05:00,659.6300048828125,664.52001953125,659.6199951171875,664.2100219726562,13077513
2025-11-21 15:30:00-05:00,659.0599975585938,661.25,658.22998046875,659.5999755859375,15592909
2025-11-24 09:30:00-05:00,665.5449829101562,665.780029296875,661.5900268554688,662.6900024414062,16982668
2025-11-24 10:30:00-05:00,667.969970703125,668.3900146484375,664.9500122070312,665.510009765625,9552325
2025-11-24 11:30:00-05:00,668.1856079101562,668.4896850585938,666.9000244140625,667.9600219726562,5776808
2025-11-24 12:30:00-05:00,669.1900024414062,669.75,667.9400024414062,668.1799926757812,5577341
2025-11-24 13:30:00-05:00,668.89990234375,669.8099975585938,668.6900024414062,669.1799926757812,4862184
2025-11-24 14:30:00-05:00,668.9400024414062,669.489990234375,667.8699951171875,668.9000244140625,7710472
2025-11-24 15:30:00-05:00,668.8099975585938,670.0599975585938,668.6099853515625,668.9299926757812,14162369
2025-11-25 09:30:00-05:00,668.5800170898438,669.97998046875,664.47998046875,668.6300048828125,19859510
2025-11-25 10:30:00-05:00,670.4199829101562,671.0700073242188,668.4400024414062,668.5399780273438,10317324
2025-11-25 11:30:00-05:00,673.3200073242188,673.8800048828125,670.219970703125,670.4099731445312,8602231
2025-11-25 12:30:00-05:00,674.0250244140625,674.375,673.1500244140625,673.3099975585938,8248616
2025-11-25 13:30:00-05:00,673.3200073242188,674.4000244140625,672.7000122070312,674.030029296875,6288333
2025-11-25 14:30:00-05:00,674.5,674.7899780273438,672.4400024414062,673.3200073242188,8435426
2025-11-25 15:30:00-05:00,675.0,676.2100219726562,674.4550170898438,674.510009765625,10722148
2025-11-26 09:30:00-05:00,678.1300048828125,679.47998046875,676.719970703125,677.6300048828125,14605661
2025-11-26 10:30:00-05:00,680.530029296875,680.8699951171875,678.0606079101562,678.1500244140625,7740362
2025-11-26 11:30:00-05:00,680.9400024414062,681.6900024414062,680.2899780273438,680.530029296875,6971969
2025-11-26 12:30:00-05:00,681.1099853515625,681.7000122070312,679.75,680.9400024414062,6534291
2025-11-26 13:30:00-05:00,681.239990234375,681.2899780273438,679.5900268554688,681.114990234375,7179405
2025-11-26 14:30:00-05:00,681.2000122070312,681.5900268554688,680.489990234375,681.25,8892712
2025-11-26 15:30:00-05:00,679.6300048828125,681.4000244140625,679.6199951171875,681.2000122070312,12247255
2025-11-28 09:30:00-05:00,681.6900024414062,682.3200073242188,680.5,680.8599853515625,9771492
2025-11-28 10:30:00-05:00,682.1500244140625,682.9400024414062,681.6099853515625,681.6900024414062,8375543
2025-11-28 11:30:00-05:00,682.3150024414062,683.0,681.7999877929688,682.1599731445312,9614422
2025-12-01 09:30:00-05:00,679.8300170898438,681.8599853515625,678.739990234375,678.8099975585938,13905746
2025-12-01 10:30:00-05:00,681.0798950195312,681.8300170898438,678.8400268554688,679.8400268554688,6028113
2025-12-01 11:30:00-05:00,682.010009765625,682.510009765625,681.0700073242188,681.0800170898438,3969382
2025-12-01 12:30:00-05:00,682.47998046875,682.7899780273438,681.72998046875,682.0,3158793
2025-12-01 13:30:00-05:00,680.5999755859375,682.989990234375,680.47998046875,682.5,6003075
2025-12-01 14:30:00-05:00,680.72998046875,681.094970703125,679.8200073242188,680.60498046875,6447261
2025-12-01 15:30:00-05:00,680.27001953125,681.0700073242188,679.375,680.719970703125,15182014
2025-12-02 09:30:00-05:00,681.5800170898438,683.280029296875,681.4199829101562,681.9199829101562,10356591
2025-12-02 10:30:00-05:00,680.010009765625,683.8200073242188,679.6699829101562,681.5900268554688,10830478
2025-12-02 11:30:00-05:00,682.4400024414062,682.6500244140625,679.3275146484375,679.969970703125,6538218
2025-12-02 12:30:00-05:00,681.0399780273438,682.8400268554688,679.9299926757812,682.4400024414062,5105694
2025-12-02 13:30:00-05:00,681.3900146484375,681.9400024414062,680.219970703125,681.030029296875,5297198
2025-12-02 14:30:00-05:00,682.5050048828125,682.7000122070312,681.2999877929688,681.3699951171875,7600401
2025-12-02 15:30:00-05:00,681.47998046875,682.8800048828125,681.3699951171875,682.5,9477732
2025-12-03 09:30:00-05:00,681.6799926757812,682.3400268554688,679.6900024414062,680.5700073242188,12869639
2025-12-03 10:30:00-05:00,682.385009765625,682.989990234375,681.3298950195312,681.6500244140625,6854134
2025-12-03 11:30:00-05:00,683.5599975585938,683.7000122070312,681.6099853515625,682.385009765625,5419356
2025-12-03 12:30:00-05:00,683.9099731445312,684.1849975585938,683.25,683.5499877929688,6141586
2025-12-03 13:30:00-05:00,684.3300170898438,684.5,683.78662109375,683.9299926757812,3990140
2025-12-03 14:30:00-05:00,684.522705078125,684.9099731445312,684.1649780273438,684.3300170898438,5891735
2025-12-03 15:30:00-05:00,683.8099975585938,684.6199951171875,683.5499877929688,684.5250244140625,10644210
2025-12-04 09:30:00-05:00,683.594970703125,685.3499755859375,682.1699829101562,685.2999877929688,11590647
2025-12-04 10:30:00-05:00,683.351318359375,684.5599975585938,682.2100219726562,683.5900268554688,8154207
2025-12-04 11:30:00-05:00,684.02001953125,684.5800170898438,682.8599853515625,683.3099975585938,7353310
2025-12-04 12:30:00-05:00,684.6774291992188,684.77001953125,683.4650268554688,684.030029296875,4336100
2025-12-04 13:30:00-05:00,682.1799926757812,684.75,681.3400268554688,684.6699829101562,8069626
2025-12-04 14:30:00-05:00,682.7501220703125,683.9600219726562,681.989990234375,682.1900024414062,8650057
2025-12-04 15:30:00-05:00,684.4000244140625,684.5800170898438,682.7000122070312,682.760009765625,8206285
2025-12-05 09:30:00-05:00,687.885009765625,688.2999877929688,685.3200073242188,685.469970703125,13837995
2025-12-05 10:30:00-05:00,685.9561767578125,688.3900146484375,685.7000122070312,687.8800048828125,8794470
2025-12-05 11:30:00-05:00,685.3900146484375,686.6400146484375,685.02001953125,685.9500122070312,6340974
2025-12-05 12:30:00-05:00,686.5499877929688,686.7050170898438,684.5800170898438,685.4099731445312,5634666
2025-12-05 13:30:00-05:00,685.9299926757812,686.969970703125,685.639892578125,686.5599975585938,4635876
2025-12-05 14:30:00-05:00,686.0050048828125,686.3800048828125,685.5700073242188,685.9400024414062,6056846
2025-12-05 15:30:00-05:00,685.6500244140625,686.030029296875,684.5999755859375,686.0,10465385
2025-12-08 09:30:00-05:00,684.5549926757812,686.6400146484375,683.8723754882812,686.5900268554688,10541207
2025-12-08 10:30:00-05:00,684.0900268554688,685.0499877929688,682.9099731445312,684.5399780273438,6963326
2025-12-08 11:30:00-05:00,682.6900024414062,684.1199951171875,682.1900024414062,684.0800170898438,4548960
2025-12-08 12:30:00-05:00,682.8300170898438,684.4000244140625,682.5999755859375,682.6900024414062,5260514
2025-12-08 13:30:00-05:00,682.2449951171875,683.14501953125,681.5700073242188,682.8300170898438,6499904
2025-12-08 14:30:00-05:00,682.6400146484375,682.8200073242188,682.1500244140625,682.22998046875,5556456
2025-12-08 15:30:00-05:00,683.6500244140625,683.760009765625,682.0599975585938,682.6400146484375,9644429
2025-12-09 09:30:00-05:00,684.2150268554688,684.9400024414062,682.8200073242188,683.1500244140625,10831407
2025-12-09 10:30:00-05:00,684.8099975585938,685.3400268554688,683.5850219726562,684.2000122070312,5885774
2025-12-09 11:30:00-05:00,684.6500244140625,685.385009765625,684.27001953125,684.8099975585938,5114825
2025-12-09 12:30:00-05:00,684.239990234375,684.8599243164062,683.6199951171875,684.6500244140625,5488085
2025-12-09 13:30:00-05:00,683.72998046875,684.344970703125,683.3499755859375,684.239990234375,4540893
2025-12-09 14:30:00-05:00,683.3250122070312,683.8526000976562,683.2000122070312,683.72998046875,5717928
2025-12-09 15:30:00-05:00,683.0499877929688,683.6099853515625,682.5900268554688,683.3200073242188,10786428
2025-12-10 09:30:00-05:00,682.989990234375,683.4600219726562,681.3099975585938,682.5599975585938,11127344
2025-12-10 10:30:00-05:00,683.719970703125,683.8699951171875,681.4500122070312,682.989990234375,7777586
2025-12-10 11:30:00-05:00,683.1400146484375,683.8400268554688,682.9500122070312,683.719970703125,4298104
2025-12-10 12:30:00-05:00,682.8900146484375,684.219970703125,682.7000122070312,683.1199951171875,4107732
2025-12-10 13:30:00-05:00,684.2100219726562,685.739990234375,682.4450073242188,682.8800048828125,11729116
2025-12-10 14:30:00-05:00,688.1199951171875,688.8300170898438,683.3599853515625,684.2100219726562,21784541
2025-12-10 15:30:00-05:00,687.4600219726562,688.969970703125,687.219970703125,688.0999755859375,13911490
2025-12-11 09:30:00-05:00,686.260009765625,686.7994995117188,682.1649780273438,685.1400146484375,19263281
2025-12-11 10:30:00-05:00,684.60498046875,686.4500122070312,684.0700073242188,686.27001953125,8977768
2025-12-11 11:30:00-05:00,687.35498046875,687.9099731445312,684.5399780273438,684.6099853515625,9752576
2025-12-11 12:30:00-05:00,687.625,688.1900024414062,686.97998046875,687.3499755859375,6497988
2025-12-11 13:30:00-05:00,688.6799926757812,688.7899780273438,687.2999877929688,687.6199951171875,6957164
2025-12-11 14:30:00-05:00,688.4349975585938,689.25,688.4099731445312,688.6799926757812,8089376
2025-12-11 15:30:00-05:00,689.1500244140625,689.1799926757812,687.989990234375,688.4400024414062,12663361
2025-12-12 09:30:00-05:00,683.75,688.8800048828125,683.6300048828125,688.1699829101562,19275633
2025-12-12 10:30:00-05:00,681.27001953125,685.6099853515625,679.7000122070312,683.75,22746495
2025-12-12 11:30:00-05:00,681.4600219726562,683.02001953125,679.1743774414062,681.27001953125,11918381
2025-12-12 12:30:00-05:00,683.8800048828125,684.3400268554688,680.9450073242188,681.4400024414062,8285257
2025-12-12 13:30:00-05:00,681.4749755859375,683.9000244140625,681.2100219726562,683.8800048828125,9756825
2025-12-12 14:30:00-05:00,681.3599853515625,682.5150146484375,681.0999755859375,681.489990234375,10408461
2025-12-12 15:30:00-05:00,681.72998046875,681.8699951171875,680.0700073242188,681.369873046875,15730297
2025-12-15 09:30:00-05:00,679.8200073242188,685.760009765625,679.25,685.739990234375,22304440
2025-12-15 10:30:00-05:00,682.7899780273438,683.0599975585938,679.5900268554688,679.8200073242188,12484020
2025-12-15 11:30:00-05:00,680.6500244140625,682.9199829101562,680.1400146484375,682.7899780273438,10154049
2025-12-15 12:30:00-05:00,679.97998046875,681.4500122070312,679.4199829101562,680.6500244140625,7961392
2025-12-15 13:30:00-05:00,680.8355102539062,681.5496826171875,679.6199951171875,679.97998046875,7210052
2025-12-15 14:30:00-05:00,681.0700073242188,681.780029296875,680.4400024414062,680.8350219726562,9337382
2025-12-15 15:30:00-05:00,680.7100219726562,681.5999755859375,680.5499877929688,681.0900268554688,13514049
2025-12-16 09:30:00-05:00,677.6900024414062,681.0800170898438,676.4400024414062,679.22998046875,19976735
2025-12-16 10:30:00-05:00,677.135009765625,679.4149780273438,676.8099975585938,677.7100219726562,11523369
2025-12-16 11:30:00-05:00,677.3800048828125,678.9400024414062,676.6099853515625,677.1400146484375,7290923
2025-12-16 12:30:00-05:00,675.5900268554688,678.280029296875,674.97998046875,677.3748168945312,9623314
2025-12-16 13:30:00-05:00,677.0499877929688,678.6099853515625,675.5599975585938,675.5900268554688,12513356
2025-12-16 14:30:00-05:00,679.2000122070312,679.260009765625,676.9299926757812,677.0399780273438,12746516
2025-12-16 15:30:00-05:00,678.8599853515625,680.5599975585938,678.8200073242188,679.1950073242188,17100812
2025-12-17 09:30:00-05:00,678.9299926757812,680.4349975585938,677.5999755859375,679.8900146484375,16424565
2025-12-17 10:30:00-05:00,674.635009765625,679.1699829101562,673.4299926757812,678.9199829101562,16945959
2025-12-17 11:30:00-05:00,674.1500244140625,675.0499877929688,673.0700073242188,674.6300048828125,10352006
2025-12-17 12:30:00-05:00,673.3699951171875,675.0700073242188,673.0,674.1599731445312,7383565
2025-12-17 13:30:00-05:00,672.469970703125,673.6199951171875,672.0549926757812,673.3599853515625,12013119
2025-12-17 14:30:00-05:00,672.52001953125,673.3200073242188,672.219970703125,672.4600219726562,11349722
2025-12-17 15:30:00-05:00,671.2999877929688,673.0,671.1950073242188,672.530029296875,17338523
2025-12-18 09:30:00-05:00,679.010009765625,679.1099853515625,675.6900024414062,677.5999755859375,21870852
2025-12-18 10:30:00-05:00,679.7449951171875,680.739990234375,678.6799926757812,679.010009765625,11747647
2025-12-18 11:30:00-05:00,675.780029296875,680.7100219726562,674.9000244140625,679.739990234375,15704315
2025-12-18 12:30:00-05:00,678.8250122070312,679.0900268554688,675.47998046875,675.7899780273438,10765981
2025-12-18 13:30:00-05:00,677.1500244140625,679.7000122070312,676.5900268554688,678.8300170898438,10761217
2025-12-18 14:30:00-05:00,677.6300048828125,677.8499755859375,675.3200073242188,677.1599731445312,12943641
2025-12-18 15:30:00-05:00,676.47998046875,678.5499877929688,676.4099731445312,677.6199951171875,15842550
2025-12-19 09:30:00-05:00,679.1900024414062,680.52001953125,677.0,677.0,22687233
2025-12-19 10:30:00-05:00,680.1699829101562,680.2750244140625,678.5599975585938,679.1900024414062,16047353
2025-12-19 11:30:00-05:00,680.6799926757812,680.8350219726562,679.3400268554688,680.1900024414062,7874450
2025-12-19 12:30:00-05:00,680.75,681.0900268554688,680.3099975585938,680.6900024414062,5717215
2025-12-19 13:30:00-05:00,680.6400146484375,680.8599853515625,680.1699829101562,680.77001953125,5548129
2025-12-19 14:30:00-05:00,680.4849853515625,681.0,680.3400268554688,680.6400146484375,8902108
2025-12-19 15:30:00-05:00,680.5900268554688,680.719970703125,679.6099853515625,680.489990234375,19060706
2025-12-22 09:30:00-05:00,683.77001953125,684.530029296875,682.8900146484375,683.9400024414062,13029845
2025-12-22 10:30:00-05:00,684.6699829101562,684.9749755859375,682.6799926757812,683.77001953125,8262077
2025-12-22 11:30:00-05:00,684.6500244140625,685.0800170898438,684.3599853515625,684.6699829101562,5587126
2025-12-22 12:30:00-05:00,684.7150268554688,685.3599853515625,684.3499755859375,684.6500244140625,5624705
2025-12-22 13:30:00-05:00,684.719970703125,684.9099731445312,684.2050170898438,684.7100219726562,4674469
2025-12-22 14:30:00-05:00,684.9249877929688,685.0399780273438,684.6649780273438,684.72998046875,7868605
2025-12-22 15:30:00-05:00,684.7899780273438,685.14990234375,684.6099853515625,684.9249877929688,10787606
2025-12-23 09:30:00-05:00,685.239990234375,686.25,683.8699951171875,683.9199829101562,12187789
2025-12-23 10:30:00-05:00,686.4920043945312,686.739990234375,685.2302856445312,685.239990234375,7944935
2025-12-23 11:30:00-05:00,687.0700073242188,687.219970703125,686.3599853515625,686.4949951171875,6122132
2025-12-23 12:30:00-05:00,687.5449829101562,687.7299194335938,686.7899780273438,687.0599975585938,7740008
2025-12-23 13:30:00-05:00,687.875,687.9199829101562,687.4949951171875,687.5499877929688,5558688
2025-12-23 14:30:00-05:00,687.8499755859375,688.030029296875,687.7100219726562,687.8699951171875,6907632
2025-12-23 15:30:00-05:00,687.9099731445312,688.2000122070312,687.6400146484375,687.8400268554688,9723868
2025-12-24 09:30:00-05:00,689.1649780273438,689.2150268554688,687.8900146484375,687.969970703125,8677272
2025-12-24 10:30:00-05:00,689.9650268554688,689.97998046875,689.0125122070312,689.1599731445312,8460311
2025-12-24 11:30:00-05:00,690.5349731445312,690.6400146484375,689.8892211914062,689.9650268554688,9221080
2025-12-26 09:30:00-05:00,690.7349853515625,691.6599731445312,689.6500244140625,690.6400146484375,10246012
2025-12-26 10:30:00-05:00,690.2640991210938,691.0001220703125,689.8004150390625,690.72998046875,4972002
2025-12-26 11:30:00-05:00,690.1400146484375,690.3300170898438,689.3900146484375,690.27001953125,4563206
2025-12-26 12:30:00-05:00,689.6970825195312,690.2000122070312,689.27001953125,690.1300048828125,3437156
2025-12-26 13:30:00-05:00,690.0418090820312,690.4600219726562,689.6500244140625,689.6900024414062,3251625
2025-12-26 14:30:00-05:00,690.2000122070312,690.3400268554688,690.0374755859375,690.0399780273438,3663077
2025-12-26 15:30:00-05:00,690.2449951171875,690.5,690.0050048828125,690.2000122070312,7795770
2025-12-29 09:30:00-05:00,687.9500122070312,689.2000122070312,686.8200073242188,687.5399780273438,12114641
2025-12-29 10:30:00-05:00,687.169921875,688.4000244140625,686.8900146484375,687.9400024414062,6092188
2025-12-29 11:30:00-05:00,686.27001953125,687.489990234375,686.0700073242188,687.1599731445312,4581457
2025-12-29 12:30:00-05:00,687.3300170898438,687.5449829101562,686.1799926757812,686.27001953125,4433719
2025-12-29 13:30:00-05:00,687.4600219726562,687.8900146484375,686.8699951171875,687.3300170898438,6619852
2025-12-29 14:30:00-05:00,688.1799926757812,688.6199951171875,687.4299926757812,687.4500122070312,8718647
2025-12-29 15:30:00-05:00,687.8400268554688,688.405029296875,687.4000244140625,688.1799926757812,10933805
2025-12-30 09:30:00-05:00,686.9400024414062,688.530029296875,686.75,687.4450073242188,8605653
2025-12-30 10:30:00-05:00,688.2471923828125,688.5549926757812,686.5800170898438,686.9400024414062,5508735
2025-12-30 11:30:00-05:00,687.3800048828125,688.27001953125,686.8699951171875,688.239990234375,4807723
2025-12-30 12:30:00-05:00,687.7692260742188,687.7899780273438,687.1950073242188,687.3800048828125,3040908
2025-12-30 13:30:00-05:00,687.8099975585938,687.9299926757812,687.4199829101562,687.760009765625,3828776
2025-12-30 14:30:00-05:00,687.510009765625,687.9400024414062,687.0399780273438,687.8099975585938,5273226
2025-12-30 15:30:00-05:00,686.9400024414062,687.8150024414062,686.7000122070312,687.510009765625,9624890
2025-12-31 09:30:00-05:00,685.5499877929688,687.3599853515625,684.9149780273438,687.1400146484375,12803603
2025-12-31 10:30:00-05:00,685.1199951171875,685.655029296875,684.1799926757812,685.5399780273438,8652906
2025-12-31 11:30:00-05:00,685.0,685.4299926757812,684.6099853515625,685.125,4271595
2025-12-31 12:30:00-05:00,685.3698120117188,685.3900146484375,684.6500244140625,684.989990234375,3510160
2025-12-31 13:30:00-05:00,685.0349731445312,686.239990234375,685.010009765625,685.3687744140625,5504462
2025-12-31 14:30:00-05:00,682.719970703125,685.1400146484375,682.5449829101562,685.0399780273438,11346649
2025-12-31 15:30:00-05:00,681.8400268554688,683.719970703125,681.7100219726562,682.719970703125,15154711
2026-01-02 09:30:00-05:00,682.4500122070312,686.8699951171875,681.5800170898438,685.7100219726562,22024812
2026-01-02 10:30:00-05:00,681.8099975585938,684.5900268554688,680.4199829101562,682.4500122070312,15081293
2026-01-02 11:30:00-05:00,682.4500122070312,682.6500244140625,680.280029296875,681.8099975585938,9496215
2026-01-02 12:30:00-05:00,680.97998046875,682.8009033203125,680.6400146484375,682.4500122070312,5768502
2026-01-02 13:30:00-05:00,682.9500122070312,683.1199951171875,679.8200073242188,680.97998046875,8908894
2026-01-02 14:30:00-05:00,683.239990234375,683.9500122070312,682.8499755859375,682.9400024414062,10091724
2026-01-02 15:30:00-05:00,683.1699829101562,683.4199829101562,682.0700073242188,683.239990234375,10922434
2026-01-05 09:30:00-05:00,688.5255737304688,688.6099853515625,686.375,686.5399780273438,17690747
2026-01-05 10:30:00-05:00,688.6400146484375,688.8699951171875,687.9600219726562,688.52001953125,8881663
2026-01-05 11:30:00-05:00,688.3499755859375,689.4299926757812,688.2100219726562,688.6300048828125,9198931
2026-01-05 12:30:00-05:00,688.3800048828125,688.7899780273438,687.6500244140625,688.3599243164062,5357998
2026-01-05 13:30:00-05:00,688.1849975585938,688.7750244140625,688.1300048828125,688.3599853515625,4605157
2026-01-05 14:30:00-05:00,687.9660034179688,688.2999267578125,687.2899780273438,688.1900024414062,7410427
2026-01-05 15:30:00-05:00,687.72998046875,688.1199951171875,687.1599731445312,687.9650268554688,11627152
2026-01-06 09:30:00-05:00,690.5349731445312,690.7999267578125,687.780029296875,688.4000244140625,15428086
2026-01-06 10:30:00-05:00,689.0449829101562,690.5549926757812,688.4299926757812,690.5549926757812,11035064
2026-01-06 11:30:00-05:00,690.469970703125,690.5700073242188,688.7366943359375,689.0499877929688,7558938
2026-01-06 12:30:00-05:00,690.8701782226562,691.2000122070312,690.5399780273438,690.6300048828125,6040112
2026-01-06 13:30:00-05:00,691.9400024414062,692.1199951171875,690.6771850585938,690.8800048828125,6055939
2026-01-06 14:30:00-05:00,692.02001953125,692.239990234375,691.8200073242188,691.947998046875,6275086
2026-01-06 15:30:00-05:00,692.0499877929688,692.3150024414062,691.9450073242188,691.9500122070312,6950872
2026-01-07 09:30:00-05:00,691.6719970703125,693.0900268554688,691.0999755859375,692.1900024414062,13653189
2026-01-07 10:30:00-05:00,692.25,692.8250122070312,690.9600219726562,691.6699829101562,8989617
2026-01-07 11:30:00-05:00,693.6596069335938,693.9600219726562,692.1682739257812,692.25,7032465
2026-01-07 12:30:00-05:00,692.1300048828125,693.7899780273438,692.0399780273438,693.6599731445312,7415072
2026-01-07 13:30:00-05:00,691.6799926757812,693.14501953125,691.4500122070312,692.1300048828125,8556842
2026-01-07 14:30:00-05:00,690.3599853515625,692.1599731445312,690.1174926757812,691.6799926757812,11097844
2026-01-07 15:30:00-05:00,689.5900268554688,690.3699951171875,689.3200073242188,690.3599853515625,13656213
2026-01-08 09:30:00-05:00,689.6300048828125,690.02001953125,687.489990234375,688.6099853515625,17217806
2026-01-08 10:30:00-05:00,689.0800170898438,689.9749755859375,688.510009765625,689.6500244140625,9738248
2026-01-08 11:30:00-05:00,689.3499755859375,690.0850219726562,688.4400024414062,689.0800170898438,6230622
2026-01-08 12:30:00-05:00,689.5,690.614990234375,688.7899780273438,689.3499755859375,6161020
2026-01-08 13:30:00-05:00,688.9199829101562,689.8049926757812,688.280029296875,689.5,5132226
2026-01-08 14:30:00-05:00,689.5750122070312,689.6500244140625,688.5700073242188,688.9299926757812,5882136
2026-01-08 15:30:00-05:00,689.4400024414062,690.0549926757812,689.2550048828125,689.5700073242188,8616130
2026-01-09 09:30:00-05:00,693.125,693.3400268554688,689.1799926757812,690.6300048828125,19427672
2026-01-09 10:30:00-05:00,692.8599243164062,693.6500244140625,691.280029296875,693.1300048828125,11466967
2026-01-09 11:30:00-05:00,694.219970703125,694.3800048828125,692.5449829101562,692.8499755859375,6532700
2026-01-09 12:30:00-05:00,693.8699951171875,694.5,693.3599853515625,694.22998046875,5096515
2026-01-09 13:30:00-05:00,694.8099975585938,694.889892578125,693.85498046875,693.8699951171875,5156678
2026-01-09 14:30:00-05:00,695.0250244140625,695.3099975585938,694.7100219726562,694.8049926757812,6801736
2026-01-09 15:30:00-05:00,693.989990234375,695.1199951171875,693.9000244140625,695.02001953125,11622656
2026-01-12 09:30:00-05:00,693.5700073242188,693.9000244140625,690.6300048828125,690.6799926757812,16933046
2026-01-12 10:30:00-05:00,694.22998046875,694.6799926757812,692.9600219726562,693.5650024414062,8829257
2026-01-12 11:30:00-05:00,694.5349731445312,694.8599853515625,694.0700073242188,694.239990234375,5580694
2026-01-12 12:30:00-05:00,695.125,695.2000122070312,694.1699829101562,694.530029296875,4640824
2026-01-12 13:30:00-05:00,695.3200073242188,695.4600219726562,694.9299926757812,695.125,5526132
2026-01-12 14:30:00-05:00,695.3200073242188,696.0900268554688,695.1799926757812,695.3200073242188,8009495
2026-01-12 15:30:00-05:00,695.1599731445312,695.739990234375,695.1400146484375,695.3200073242188,9235078
2026-01-13 09:30:00-05:00,692.72998046875,696.0900268554688,692.0900268554688,695.489990234375,18683093
2026-01-13 10:30:00-05:00,693.5,694.2800903320312,692.4099731445312,692.719970703125,8468025
2026-01-13 11:30:00-05:00,694.5599975585938,695.2000122070312,693.25,693.4801025390625,7317037
2026-01-13 12:30:00-05:00,692.9199829101562,694.7150268554688,692.4199829101562,694.5499877929688,7905172
2026-01-13 13:30:00-05:00,693.010009765625,693.6500244140625,692.22998046875,692.9099731445312,6934521
2026-01-13 14:30:00-05:00,692.0,693.2050170898438,691.9400024414062,693.0050048828125,8109469
2026-01-13 15:30:00-05:00,693.75,693.9600219726562,691.3499755859375,692.0,13007191
2026-01-14 09:30:00-05:00,688.760009765625,691.719970703125,687.6799926757812,691.0,20382132
2026-01-14 10:30:00-05:00,689.1500244140625,689.3300170898438,686.510009765625,688.75,11915345
2026-01-14 11:30:00-05:00,687.0999145507812,689.469970703125,686.0399780273438,689.1599731445312,9202634
2026-01-14 12:30:00-05:00,687.5999755859375,687.6500244140625,686.1900024414062,687.0900268554688,6027883
2026-01-14 13:30:00-05:00,688.125,688.3150024414062,686.260009765625,687.5900268554688,7396495
2026-01-14 14:30:00-05:00,689.1500244140625,689.6900024414062,687.3200073242188,688.1300048828125,12640312
2026-01-14 15:30:00-05:00,690.4400024414062,690.6400146484375,688.6199951171875,689.1500244140625,17846095
2026-01-15 09:30:00-05:00,693.9400024414062,694.719970703125,693.1799926757812,694.5700073242188,16604969
2026-01-15 10:30:00-05:00,694.8150024414062,695.1599731445312,692.989990234375,693.9400024414062,11678206
2026-01-15 11:30:00-05:00,694.4500122070312,695.4500122070312,694.3900146484375,694.8099975585938,5724898
2026-01-15 12:30:00-05:00,694.885009765625,695.0198974609375,693.8800048828125,694.4500122070312,5880426
2026-01-15 13:30:00-05:00,693.6099853515625,695.25,693.52001953125,694.8800048828125,5756852
2026-01-15 14:30:00-05:00,691.8300170898438,693.7376098632812,691.2907104492188,693.6099853515625,11933094
2026-01-15 15:30:00-05:00,692.1699829101562,692.25,691.25,691.8350219726562,11896527
2026-01-16 09:30:00-05:00,691.6500244140625,694.25,691.5,693.6599731445312,16270008
2026-01-16 10:30:00-05:00,692.7150268554688,692.8200073242188,690.0999755859375,691.6500244140625,17699419
2026-01-16 11:30:00-05:00,692.52001953125,693.469970703125,692.1300048828125,692.719970703125,6174487
2026-01-16 12:30:00-05:00,693.0,693.2000122070312,691.8200073242188,692.52001953125,4286971
2026-01-16 13:30:00-05:00,692.0399780273438,693.7100219726562,691.9600219726562,693.0,6259041
2026-01-16 14:30:00-05:00,692.155029296875,693.0,692.010009765625,692.0499877929688,6434439
2026-01-16 15:30:00-05:00,691.5800170898438,692.488525390625,691.469970703125,692.1500244140625,11404537
2026-01-20 09:30:00-05:00,683.8787841796875,684.010009765625,680.9099731445312,681.489990234375,28889272
2026-01-20 10:30:00-05:00,683.8400268554688,684.5599975585938,682.5800170898438,683.8499755859375,13556006
2026-01-20 11:30:00-05:00,682.39501953125,684.344970703125,682.1199951171875,683.8300170898438,8575558
2026-01-20 12:30:00-05:00,680.2899780273438,682.3900146484375,680.2249755859375,682.3900146484375,8949295
2026-01-20 13:30:00-05:00,678.0399780273438,680.4199829101562,677.6900024414062,680.280029296875,11395012
2026-01-20 14:30:00-05:00,677.3900146484375,678.47998046875,676.9299926757812,678.0399780273438,13591563
2026-01-20 15:30:00-05:00,677.6099853515625,677.739990234375,676.5700073242188,677.4000244140625,17216868
2026-01-21 09:30:00-05:00,683.02001953125,683.4199829101562,678.969970703125,679.6500244140625,24100585
2026-01-21 10:30:00-05:00,684.22998046875,685.1300048828125,682.9400024414062,683.02001953125,10931682
2026-01-21 11:30:00-05:00,679.8499755859375,684.2999877929688,678.1300048828125,684.25,17657036
2026-01-21 12:30:00-05:00,679.5999145507812,680.969970703125,678.6300048828125,679.864990234375,9215598
2026-01-21 13:30:00-05:00,684.4099731445312,685.02001953125,679.719970703125,680.780029296875,12041018
2026-01-21 14:30:00-05:00,685.35498046875,688.7349853515625,684.3300170898438,684.4099731445312,26279102
2026-01-21 15:30:00-05:00,685.3300170898438,686.1599731445312,684.6300048828125,685.3499755859375,16023085
2026-01-22 09:30:00-05:00,688.4400024414062,690.6699829101562,686.9199829101562,689.8300170898438,20543983
2026-01-22 10:30:00-05:00,689.7999877929688,690.046875,688.0499877929688,688.4600219726562,7734971
2026-01-22 11:30:00-05:00,690.22998046875,690.5579833984375,689.405029296875,689.7999877929688,5491471
2026-01-22 12:30:00-05:00,690.4500122070312,691.125,690.239990234375,690.239990234375,4945048
2026-01-22 13:30:00-05:00,690.6599731445312,690.9600219726562,689.8300170898438,690.4400024414062,6287961
2026-01-22 14:30:00-05:00,688.1599731445312,690.7349853515625,688.1300048828125,690.6599731445312,10201841
2026-01-22 15:30:00-05:00,688.9299926757812,689.0449829101562,687.594970703125,688.1599731445312,10384480
2026-01-23 09:30:00-05:00,689.3250122070312,689.85009765625,687.1599731445312,688.1500244140625,13731061
2026-01-23 10:30:00-05:00,690.0700073242188,690.9600219726562,689.2100219726562,689.3200073242188,7187182
2026-01-23 11:30:00-05:00,690.1900024414062,690.614990234375,689.3499755859375,690.0599975585938,5777942
2026-01-23 12:30:00-05:00,688.9199829101562,690.280029296875,687.72998046875,690.197998046875,7547017
2026-01-23 13:30:00-05:00,689.5479125976562,690.1995239257812,688.3699951171875,688.9400024414062,5739657
2026-01-23 14:30:00-05:00,688.844970703125,689.8599853515625,688.510009765625,689.5499877929688,7065877
2026-01-23 15:30:00-05:00,689.1799926757812,689.6099853515625,688.5499877929688,688.8400268554688,8774460
2026-01-26 09:30:00-05:00,692.5499877929688,693.4000244140625,689.9199829101562,690.489990234375,14084682
2026-01-26 10:30:00-05:00,693.1099853515625,693.3388061523438,692.22998046875,692.5399780273438,6812668
2026-01-26 11:30:00-05:00,693.5068359375,693.7098999023438,692.7750244140625,693.1099853515625,4272281
2026-01-26 12:30:00-05:00,693.7899780273438,693.8699951171875,692.9000244140625,693.5,4213354
2026-01-26 13:30:00-05:00,693.8200073242188,694.1300048828125,693.3300170898438,693.780029296875,4543032
2026-01-26 14:30:00-05:00,693.5700073242188,694.0,693.4199829101562,693.8250122070312,6435837
2026-01-26 15:30:00-05:00,692.7100219726562,693.8699951171875,692.6199951171875,693.5750122070312,12200951
2026-01-27 09:30:00-05:00,694.780029296875,695.47998046875,693.5700073242188,694.1799926757812,11203436
2026-01-27 10:30:00-05:00,696.1900024414062,696.47998046875,694.7150268554688,694.77001953125,6980211
2026-01-27 11:30:00-05:00,695.9732055664062,696.530029296875,695.3800048828125,696.1900024414062,6581409
2026-01-27 12:30:00-05:00,695.7949829101562,696.0800170898438,694.9099731445312,695.9849853515625,4603971
2026-01-27 13:30:00-05:00,696.1699829101562,696.2100219726562,695.7100219726562,695.7999877929688,3684240
2026-01-27 14:30:00-05:00,695.9998779296875,696.4000244140625,695.9400024414062,696.1699829101562,4962000
2026-01-27 15:30:00-05:00,695.5399780273438,696.1799926757812,695.4000244140625,695.989990234375,8812154
2026-01-28 09:30:00-05:00,696.513916015625,697.8400268554688,696.030029296875,697.0499877929688,13475520
2026-01-28 10:30:00-05:00,696.1242065429688,696.7899780273438,695.4500122070312,696.52001953125,5688315
2026-01-28 11:30:00-05:00,694.85498046875,696.1199951171875,694.4949951171875,696.1199951171875,6106672
2026-01-28 12:30:00-05:00,695.1500244140625,695.4349975585938,694.52001953125,694.8350219726562,3896462
2026-01-28 13:30:00-05:00,694.1799926757812,695.64990234375,694.0460205078125,695.1599731445312,5280997
2026-01-28 14:30:00-05:00,695.4500122070312,696.2849731445312,693.9400024414062,694.1799926757812,9796888
2026-01-28 15:30:00-05:00,695.4299926757812,696.135009765625,694.75,695.4400024414062,10699648
2026-01-29 09:30:00-05:00,688.969970703125,697.0599975585938,688.8599853515625,696.3900146484375,22893046
2026-01-29 10:30:00-05:00,687.9099731445312,689.3099975585938,684.8300170898438,688.969970703125,19319526
2026-01-29 11:30:00-05:00,691.0300903320312,691.3599853515625,687.8200073242188,687.9099731445312,9854698
2026-01-29 12:30:00-05:00,690.969970703125,691.6749877929688,688.7100219726562,691.02001953125,8639779
2026-01-29 13:30:00-05:00,692.0700073242188,692.2100219726562,690.1900024414062,690.97998046875,8207290
2026-01-29 14:30:00-05:00,691.5700073242188,692.2249755859375,691.0449829101562,692.0700073242188,7986423
2026-01-29 15:30:00-05:00,693.969970703125,694.7899780273438,691.3900146484375,691.5800170898438,13376707
2026-01-30 09:30:00-05:00,693.4500122070312,694.0499877929688,691.2219848632812,691.7899780273438,13695706
2026-02-02 13:30:00-05:00,696.7899780273438,696.8800048828125,696.3599853515625,696.5399780273438,33356180
2026-02-02 14:30:00-05:00,695.80859375,696.7899780273438,695.0103149414062,696.7849731445312,12164060
2026-02-02 15:30:00-05:00,695.4600219726562,695.9600219726562,695.0800170898438,695.8099975585938,13121586
2026-02-03 09:30:00-05:00,692.2050170898438,696.9600219726562,690.7999877929688,696.2100219726562,22706244
2026-02-03 10:30:00-05:00,690.7999877929688,693.4299926757812,690.6699829101562,692.1900024414062,11004974
2026-02-03 11:30:00-05:00,688.8300170898438,691.4498901367188,688.6099853515625,690.8099975585938,12025865
2026-02-03 12:30:00-05:00,686.3599853515625,688.9400024414062,686.239990234375,688.8200073242188,12570237
2026-02-03 13:30:00-05:00,686.2135009765625,687.219970703125,684.030029296875,686.364990234375,14153552
2026-02-03 14:30:00-05:00,687.530029296875,687.8049926757812,685.1300048828125,686.2100219726562,12507175
2026-02-03 15:30:00-05:00,689.4600219726562,689.75,687.489990234375,687.530029296875,12789390
2026-02-04 09:30:00-05:00,689.9000244140625,691.4500122070312,686.510009765625,690.3499755859375,20676503
2026-02-04 10:30:00-05:00,688.3499145507812,690.27001953125,686.3900146484375,689.9000244140625,15328331
2026-02-04 11:30:00-05:00,683.7000122070312,688.47998046875,683.219970703125,688.3499755859375,12211098
2026-02-04 12:30:00-05:00,684.7999877929688,685.010009765625,681.760009765625,683.7000122070312,14609400
2026-02-04 13:30:00-05:00,685.3400268554688,685.510009765625,683.1099853515625,684.8099975585938,10448412
2026-02-04 14:30:00-05:00,687.5399780273438,688.489990234375,685.2999877929688,685.3400268554688,13360783
2026-02-04 15:30:00-05:00,686.1199951171875,688.4400024414062,685.6409912109375,687.530029296875,10951574
2026-02-05 09:30:00-05:00,676.6400146484375,683.6900024414062,676.1749877929688,680.9400024414062,27401090
2026-02-05 10:30:00-05:00,679.6599731445312,679.7899780273438,675.7899780273438,676.6500244140625,17670806
2026-02-05 11:30:00-05:00,681.5,681.9400024414062,678.9500122070312,679.6599731445312,11900080
2026-02-05 12:30:00-05:00,679.1500244140625,682.614990234375,678.8499755859375,681.52001953125,7798767
2026-02-05 13:30:00-05:00,680.2449951171875,681.469970703125,677.6849975585938,679.1599731445312,10370563
2026-02-05 14:30:00-05:00,677.77001953125,680.89501953125,677.6400146484375,680.239990234375,11271477
2026-02-05 15:30:00-05:00,677.4400024414062,678.3499145507812,676.1854858398438,677.7899780273438,14065824
2026-02-06 09:30:00-05:00,685.469970703125,686.510009765625,680.8499755859375,681.0900268554688,25257973
2026-02-06 10:30:00-05:00,687.10498046875,687.719970703125,684.969970703125,686.22998046875,13620107
2026-02-06 11:30:00-05:00,688.47998046875,688.510009765625,686.9400024414062,687.10498046875,7490712
2026-02-06 12:30:00-05:00,688.9450073242188,689.5399780273438,687.8524169921875,688.5,6863898
2026-02-06 13:30:00-05:00,689.47802734375,689.6599731445312,688.739990234375,688.9500122070312,5748120
2026-02-06 14:30:00-05:00,689.7750244140625,690.1400146484375,688.9299926757812,689.47998046875,7713732
2026-02-06 15:30:00-05:00,690.5999755859375,692.3099975585938,689.5999755859375,689.77001953125,14828433
2026-02-09 09:30:00-05:00,691.9400024414062,692.9299926757812,688.3400268554688,689.4199829101562,18050055
2026-02-09 10:30:00-05:00,694.689697265625,694.760009765625,691.938720703125,691.9600219726562,10279739
2026-02-09 11:30:00-05:00,695.1400146484375,695.6599731445312,694.27001953125,694.6799926757812,6352525
2026-02-09 12:30:00-05:00,694.22998046875,695.510009765625,693.5499877929688,695.1500244140625,5765657
2026-02-09 13:30:00-05:00,695.739990234375,695.8699951171875,694.0,694.22998046875,5804165
2026-02-09 14:30:00-05:00,694.5750122070312,695.8499755859375,694.3300170898438,695.739990234375,7071771
2026-02-09 15:30:00-05:00,693.9099731445312,695.02001953125,693.8800048828125,694.5700073242188,11568140
2026-02-10 09:30:00-05:00,695.9199829101562,696.4349975585938,693.4550170898438,694.9500122070312,15051695
2026-02-10 10:30:00-05:00,694.780029296875,696.5399780273438,694.0900268554688,695.905029296875,7253368
2026-02-10 11:30:00-05:00,695.25,695.6701049804688,694.2000122070312,694.77001953125,5719106
2026-02-10 12:30:00-05:00,693.4400024414062,695.7999877929688,693.3699951171875,695.25,4954429
2026-02-10 13:30:00-05:00,693.8699951171875,693.905029296875,692.8499755859375,693.4299926757812,7091282
2026-02-10 14:30:00-05:00,693.2974853515625,694.1300048828125,693.1099853515625,693.8699951171875,5482566
2026-02-10 15:30:00-05:00,692.0900268554688,693.5399780273438,691.6599731445312,693.2999877929688,13770362
2026-02-11 09:30:00-05:00,689.719970703125,697.1300048828125,689.1799926757812,696.3900146484375,21414691
2026-02-11 10:30:00-05:00,691.8400268554688,693.4500122070312,689.5599975585938,689.719970703125,11511710
2026-02-11 11:30:00-05:00,693.5969848632812,693.8400268554688,691.3900146484375,691.8200073242188,7979524
2026-02-11 12:30:00-05:00,692.7899780273438,693.989990234375,691.4099731445312,693.5999755859375,6455586
2026-02-11 13:30:00-05:00,693.739990234375,693.9550170898438,692.030029296875,692.7896728515625,6825416
2026-02-11 14:30:00-05:00,692.2550048828125,693.8599853515625,692.22998046875,693.75,8320582
2026-02-11 15:30:00-05:00,691.9199829101562,692.989990234375,691.77001953125,692.25,9384677
2026-02-12 09:30:00-05:00,693.0650024414062,695.3499755859375,692.1599731445312,694.239990234375,15645729
2026-02-12 10:30:00-05:00,683.5999755859375,693.47998046875,683.5750122070312,693.0800170898438,22863606
2026-02-12 11:30:00-05:00,684.1199951171875,685.8400268554688,683.3800048828125,683.594970703125,16958570
2026-02-12 12:30:00-05:00,683.1699829101562,685.5750122070312,682.219970703125,684.0999755859375,10426266
2026-02-12 13:30:00-05:00,684.1500244140625,685.4199829101562,682.7999877929688,683.1649780273438,10704524
2026-02-12 14:30:00-05:00,683.219970703125,685.9650268554688,683.1099853515625,684.1300048828125,11771990
2026-02-12 15:30:00-05:00,681.219970703125,683.4000244140625,680.3699951171875,683.2000122070312,19241913
2026-02-13 09:30:00-05:00,682.9400024414062,683.3699951171875,677.52001953125,681.719970703125,24768855
2026-02-13 10:30:00-05:00,683.8200073242188,684.5700073242188,680.7899780273438,682.9400024414062,12236042
2026-02-13 11:30:00-05:00,685.364990234375,686.0499877929688,682.8699951171875,683.8099975585938,8299958
2026-02-13 12:30:00-05:00,685.3900146484375,686.280029296875,684.0900268554688,685.3800048828125,7946751
2026-02-13 13:30:00-05:00,684.3400268554688,686.0599975585938,684.0999755859375,685.3900146484375,7013351
2026-02-13 14:30:00-05:00,680.6300048828125,684.9299926757812,680.3400268554688,684.3499755859375,10363860
2026-02-13 15:30:00-05:00,681.5999755859375,681.8400268554688,679.8099975585938,680.6400146484375,13671717
2026-02-17 09:30:00-05:00,677.3400268554688,682.7999877929688,676.27001953125,680.1400146484375,20908871
2026-02-17 10:30:00-05:00,681.5999755859375,683.239990234375,675.780029296875,677.3300170898438,15279531
2026-02-17 11:30:00-05:00,682.2000122070312,683.030029296875,680.4312744140625,681.5750122070312,8223944
2026-02-17 12:30:00-05:00,682.3900146484375,682.5399780273438,679.1500244140625,682.2100219726562,7052521
2026-02-17 13:30:00-05:00,683.989990234375,684.7150268554688,682.030029296875,682.4000244140625,7434404
2026-02-17 14:30:00-05:00,682.8699951171875,684.9400024414062,682.6699829101562,683.969970703125,6973847
2026-02-17 15:30:00-05:00,682.75,683.2899780273438,681.9299926757812,682.8800048828125,9895361
2026-02-18 09:30:00-05:00,687.8400268554688,688.4650268554688,682.8300170898438,684.02001953125,18453305
2026-02-18 10:30:00-05:00,688.219970703125,688.9600219726562,687.2899780273438,687.8400268554688,6691883
2026-02-18 11:30:00-05:00,688.2000122070312,688.8900146484375,687.3800048828125,688.219970703125,5400275
2026-02-18 12:30:00-05:00,687.8049926757812,689.1500244140625,687.4749755859375,688.1900024414062,4391499
2026-02-18 13:30:00-05:00,686.4199829101562,688.02001953125,686.0399780273438,687.8099975585938,8388821
2026-02-18 14:30:00-05:00,684.2100219726562,686.6300048828125,683.9199829101562,686.4299926757812,10136265
2026-02-18 15:30:00-05:00,686.1900024414062,687.1799926757812,684.1199951171875,684.2100219726562,13217594
2026-02-19 09:30:00-05:00,683.9000244140625,686.1799926757812,682.469970703125,683.8400268554688,15294343
2026-02-19 10:30:00-05:00,684.14501953125,685.8599853515625,683.7100219726562,683.8900146484375,5914609
2026-02-19 11:30:00-05:00,683.9299926757812,685.27001953125,682.7000122070312,684.1500244140625,6601246
2026-02-19 12:30:00-05:00,682.4000244140625,684.260009765625,681.5474853515625,683.9149780273438,6134654
2026-02-19 13:30:00-05:00,683.2750244140625,684.0598754882812,682.010009765625,682.3400268554688,5199633
2026-02-19 14:30:00-05:00,682.9000244140625,683.5650024414062,681.8800048828125,683.25,7894247
2026-02-19 15:30:00-05:00,684.510009765625,684.5900268554688,682.8001098632812,682.8900146484375,7648304
2026-02-20 09:30:00-05:00,686.7999877929688,689.4000244140625,681.739990234375,682.3200073242188,20480094
2026-02-20 10:30:00-05:00,686.1495971679688,689.239990234375,685.510009765625,686.7999877929688,16947753
2026-02-20 11:30:00-05:00,685.2291870117188,689.1500244140625,684.0800170898438,686.1300048828125,12244330
2026-02-20 12:30:00-05:00,686.5599975585938,687.7999877929688,684.9700927734375,685.2349853515625,9145890
2026-02-20 13:30:00-05:00,688.5800170898438,690.0599975585938,685.760009765625,686.5399780273438,13196896
2026-02-20 14:30:00-05:00,688.3599853515625,689.3200073242188,687.8099975585938,688.5800170898438,8027018
2026-02-20 15:30:00-05:00,689.3499755859375,689.5,688.27001953125,688.3599853515625,10691604
2026-02-23 09:30:00-05:00,684.510009765625,690.0,684.2799072265625,687.8300170898438,20052422
2026-02-23 10:30:00-05:00,682.8699951171875,685.0050048828125,680.3709716796875,684.5,15403510
2026-02-23 11:30:00-05:00,681.6900024414062,683.0850219726562,681.5900268554688,682.8800048828125,7082700
2026-02-23 12:30:00-05:00,683.8098754882812,683.9500122070312,680.5900268554688,681.7000122070312,7674168
2026-02-23 13:30:00-05:00,681.27001953125,683.9099731445312,681.1699829101562,683.8099975585938,7488180
2026-02-23 14:30:00-05:00,681.3499755859375,681.6599731445312,680.5399780273438,681.2550048828125,8354274
2026-02-23 15:30:00-05:00,682.4099731445312,682.469970703125,680.9000244140625,681.3400268554688,15739631
2026-02-24 09:30:00-05:00,686.3350219726562,686.3900146484375,680.0,681.9000244140625,19215932
2026-02-24 10:30:00-05:00,686.0900268554688,686.8699951171875,685.1799926757812,686.3200073242188,8915432
2026-02-24 11:30:00-05:00,687.5300903320312,687.7999877929688,685.1500244140625,686.0999755859375,6769913
2026-02-24 12:30:00-05:00,687.030029296875,688.0999755859375,686.9400024414062,687.530029296875,4420143
2026-02-24 13:30:00-05:00,686.8900146484375,687.875,686.6500244140625,687.0399780273438,6247419
2026-02-24 14:30:00-05:00,686.5399780273438,687.6900024414062,686.4600219726562,686.8900146484375,6142765
2026-02-24 15:30:00-05:00,687.375,688.3499755859375,686.5100708007812,686.530029296875,12579342
2026-02-25 09:30:00-05:00,691.1500244140625,691.989990234375,690.25,690.969970703125,11847751
2026-02-25 10:30:00-05:00,691.469970703125,691.5800170898438,690.1701049804688,691.14501953125,5193274
2026-02-25 11:30:00-05:00,691.969970703125,692.3900146484375,691.4000244140625,691.47998046875,5478125
2026-02-25 12:30:00-05:00,692.3099975585938,692.6900024414062,691.8400268554688,691.969970703125,4913647
2026-02-25 13:30:00-05:00,692.8699951171875,693.0800170898438,692.2100219726562,692.3099975585938,5214228
2026-02-25 14:30:00-05:00,692.9199829101562,693.3300170898438,692.8099975585938,692.8599853515625,6560771
2026-02-25 15:30:00-05:00,693.0999755859375,693.6799926757812,692.739990234375,692.9199829101562,10495870
2026-02-26 09:30:00-05:00,685.6900024414062,693.2999877929688,684.739990234375,693.280029296875,19859314
2026-02-26 10:30:00-05:00,688.739990234375,689.0999755859375,684.3499755859375,685.6699829101562,11175598
2026-02-26 11:30:00-05:00,686.2849731445312,688.9199829101562,686.030029296875,688.739990234375,6518707
2026-02-26 12:30:00-05:00,685.6699829101562,687.0900268554688,684.739990234375,686.25,5516506
2026-02-26 13:30:00-05:00,688.6099853515625,689.3200073242188,685.4099731445312,685.6599731445312,8415967
2026-02-26 14:30:00-05:00,688.6649780273438,689.8099975585938,688.469970703125,688.6199951171875,7050938
2026-02-26 15:30:00-05:00,689.3200073242188,689.5167236328125,688.6199951171875,688.6649780273438,8572144
2026-02-27 09:30:00-05:00,684.5294189453125,685.489990234375,681.6400146484375,683.0900268554688,17772433
2026-02-27 10:30:00-05:00,685.385009765625,686.0499877929688,683.739990234375,684.510009765625,7040899
2026-02-27 11:30:00-05:00,684.1400146484375,686.2899169921875,683.2899780273438,685.3900146484375,7500648
2026-02-27 12:30:00-05:00,683.7999877929688,685.1199951171875,683.0599975585938,684.1300048828125,7414482
2026-02-27 13:30:00-05:00,683.5999755859375,684.97998046875,683.2999877929688,683.7999877929688,5673987
2026-02-27 14:30:00-05:00,685.590087890625,686.0999755859375,682.989990234375,683.5999755859375,10090599
2026-02-27 15:30:00-05:00,686.280029296875,686.8499755859375,684.489990234375,685.5800170898438,15978632
2026-03-02 09:30:00-05:00,683.4299926757812,685.3599853515625,678.02001953125,678.7000122070312,22117273
2026-03-02 10:30:00-05:00,683.219970703125,685.6699829101562,682.4199829101562,683.4199829101562,10823943
2026-03-02 11:30:00-05:00,686.4837036132812,687.1900024414062,682.9199829101562,683.219970703125,8833887
2026-03-02 12:30:00-05:00,686.719970703125,687.4199829101562,686.0800170898438,686.47998046875,4549090
2026-03-02 13:30:00-05:00,688.2000122070312,688.280029296875,685.1900024414062,686.75,7030502
2026-03-02 14:30:00-05:00,685.3499755859375,688.6199951171875,684.8900146484375,688.2100219726562,13163361
2026-03-02 15:30:00-05:00,686.3699951171875,687.3099975585938,685.2000122070312,685.3499755859375,12691271
2026-03-03 09:30:00-05:00,669.8499755859375,677.0999755859375,669.6599731445312,675.0599975585938,33122931
2026-03-03 10:30:00-05:00,676.02001953125,676.5800170898438,669.780029296875,669.8499755859375,17224450
2026-03-03 11:30:00-05:00,678.3200073242188,678.489990234375,674.6599731445312,676.0,10581256
2026-03-03 12:30:00-05:00,679.8200073242188,680.4299926757812,676.0800170898438,678.3200073242188,7605785
2026-03-03 13:30:00-05:00,680.5,681.9099731445312,679.6649780273438,679.8200073242188,9358641
2026-03-03 14:30:00-05:00,681.0499877929688,682.6099853515625,679.2750244140625,680.5,11491316
2026-03-03 15:30:00-05:00,680.280029296875,681.510009765625,679.2100219726562,681.0399780273438,9232895
2026-03-04 09:30:00-05:00,686.1400146484375,686.27001953125,679.6199951171875,681.6300048828125,17092226
2026-03-04 10:30:00-05:00,685.1900024414062,686.6400146484375,683.8800048828125,686.1500244140625,12741399
2026-03-04 11:30:00-05:00,685.3250122070312,686.4000244140625,684.8499755859375,685.1799926757812,7706769
2026-03-04 12:30:00-05:00,686.10498046875,686.489990234375,684.5800170898438,685.3499755859375,6915063
2026-03-04 13:30:00-05:00,686.5999755859375,686.9600219726562,686.0999755859375,686.1099853515625,5152602
2026-03-04 14:30:00-05:00,686.22998046875,687.0900268554688,685.4749755859375,686.6099853515625,6913501
2026-03-04 15:30:00-05:00,685.1599731445312,686.6300048828125,685.1599731445312,686.239990234375,11184082
2026-03-05 09:30:00-05:00,680.8200073242188,685.530029296875,680.3300170898438,682.0800170898438,19715347
2026-03-05 10:30:00-05:00,679.5349731445312,682.5800170898438,679.010009765625,680.8300170898438,16013402
2026-03-05 11:30:00-05:00,678.510009765625,682.4199829101562,678.489990234375,679.530029296875,10963199
2026-03-05 12:30:00-05:00,676.2999877929688,678.8049926757812,675.9000244140625,678.510009765625,12809378
2026-03-05 13:30:00-05:00,676.6699829101562,677.9600219726562,675.8200073242188,676.280029296875,8129423
2026-03-05 14:30:00-05:00,679.4600219726562,680.4600219726562,675.6099853515625,676.6699829101562,12703497
2026-03-05 15:30:00-05:00,681.4400024414062,681.75,679.1699829101562,679.469970703125,17275805
2026-03-06 09:30:00-05:00,674.1699829101562,674.3599853515625,669.760009765625,673.4099731445312,26046349
2026-03-06 10:30:00-05:00,674.4199829101562,676.010009765625,672.4600219726562,674.1300048828125,12054888
2026-03-06 11:30:00-05:00,673.8099975585938,676.0,673.3499755859375,674.4299926757812,7864935
2026-03-06 12:30:00-05:00,674.6400146484375,676.1099853515625,672.030029296875,673.7999877929688,9387540
2026-03-06 13:30:00-05:00,674.9199829101562,675.4299926757812,673.6900024414062,674.6699829101562,7620924
2026-03-06 14:30:00-05:00,672.22998046875,675.969970703125,671.97998046875,674.9099731445312,12122952
2026-03-06 15:30:00-05:00,672.4749755859375,673.4000244140625,671.1400146484375,672.22998046875,16549298
2026-03-09 09:30:00-04:00,664.0599975585938,667.6300048828125,662.3900146484375,666.3900146484375,21505293
2026-03-09 10:30:00-04:00,669.77001953125,669.9199829101562,663.97998046875,664.030029296875,11546091
2026-03-09 11:30:00-04:00,670.8699951171875,671.5999755859375,668.3699951171875,669.77001953125,8868302
2026-03-09 12:30:00-04:00,668.844970703125,672.25,668.7100219726562,670.8699951171875,8907547
2026-03-09 13:30:00-04:00,670.0599975585938,670.8699951171875,668.0900268554688,668.8400268554688,8192624
2026-03-09 14:30:00-04:00,677.3900146484375,677.5150146484375,669.9000244140625,670.0599975585938,16903174
2026-03-09 15:30:00-04:00,678.3159790039062,679.9199829101562,675.8800048828125,677.3699951171875,16099780
2026-03-10 09:30:00-04:00,677.6199951171875,678.7849731445312,674.760009765625,677.719970703125,14084370
2026-03-10 10:30:00-04:00,681.1099853515625,681.6849975585938,677.6300048828125,677.6400146484375,9403537
2026-03-10 11:30:00-04:00,680.5999755859375,681.9498901367188,679.6799926757812,681.0999755859375,7262968
2026-03-10 12:30:00-04:00,683.2650146484375,683.3599853515625,680.6099853515625,680.6099853515625,9090930
2026-03-10 13:30:00-04:00,679.3499755859375,683.25,677.3800048828125,683.25,15209801
2026-03-10 14:30:00-04:00,677.4099731445312,680.3699951171875,677.4099731445312,679.3150024414062,9507897
2026-03-10 15:30:00-04:00,677.0499877929688,678.3200073242188,676.22998046875,677.4199829101562,10409992
2026-03-11 09:30:00-04:00,676.1500244140625,680.0800170898438,675.1950073242188,677.5800170898438,14729721
2026-03-11 10:30:00-04:00,674.6699829101562,678.6400146484375,674.5900268554688,676.1400146484375,8480186
2026-03-11 11:30:00-04:00,674.7050170898438,675.2899780273438,673.510009765625,674.6799926757812,7579835
2026-03-11 12:30:00-04:00,676.4600219726562,676.77001953125,674.6500244140625,674.7000122070312,5597839
2026-03-11 13:30:00-04:00,675.27001953125,676.639892578125,673.3400268554688,676.469970703125,8581233
2026-03-11 14:30:00-04:00,674.9749755859375,675.7899780273438,674.3200073242188,675.27001953125,8042124
2026-03-11 15:30:00-04:00,676.3300170898438,676.5999755859375,674.75,674.989990234375,7671647
2026-03-12 09:30:00-04:00,668.0599975585938,671.6500244140625,668.0499877929688,671.1599731445312,20460497
2026-03-12 10:30:00-04:00,668.1699829101562,670.5499877929688,666.9199829101562,668.0599975585938,13622450
2026-03-12 11:30:00-04:00,668.8400268554688,671.3099975585938,667.239990234375,668.1699829101562,14853739
2026-03-12 12:30:00-04:00,668.5599975585938,670.3098754882812,667.989990234375,668.77001953125,8622337
2026-03-12 13:30:00-04:00,668.1900024414062,669.75,667.2700805664062,668.5599975585938,9816196
2026-03-12 14:30:00-04:00,667.97998046875,668.47998046875,666.8699951171875,668.1799926757812,13026038
2026-03-12 15:30:00-04:00,666.0399780273438,668.6500244140625,665.905029296875,667.989990234375,12771977
2026-03-13 09:30:00-04:00,668.840087890625,672.3350219726562,667.72998046875,670.094970703125,18217959
2026-03-13 10:30:00-04:00,664.5900268554688,670.22998046875,664.4299926757812,668.8699951171875,13817201
2026-03-13 11:30:00-04:00,664.3300170898438,665.3300170898438,663.0999755859375,664.5700073242188,10913129
2026-03-13 12:30:00-04:00,664.3699951171875,665.22998046875,663.1300048828125,664.3200073242188,8757536
2026-03-13 13:30:00-04:00,663.3400268554688,664.52001953125,662.0800170898438,664.3499755859375,9439940
2026-03-13 14:30:00-04:00,662.3699951171875,664.8099975585938,662.1599731445312,663.3300170898438,9503155
2026-03-13 15:30:00-04:00,662.2999877929688,663.0,661.3599853515625,662.3699951171875,11375885
2026-03-16 09:30:00-04:00,670.27001953125,671.4000244140625,667.7000122070312,668.3800048828125,17734385
2026-03-16 10:30:00-04:00,670.0599975585938,670.3499755859375,667.5750122070312,670.27001953125,10466731
2026-03-16 11:30:00-04:00,667.4500122070312,670.6400146484375,667.1500244140625,670.0399780273438,11521957
2026-03-16 12:30:00-04:00,669.2000122070312,669.75,667.1199951171875,667.4199829101562,6033547
2026-03-16 13:30:00-04:00,669.7999877929688,670.0800170898438,667.97998046875,669.2000122070312,8459797
2026-03-16 14:30:00-04:00,669.27001953125,672.0700073242188,668.6900024414062,669.7999877929688,11603066
2026-03-16 15:30:00-04:00,668.9600219726562,669.4299926757812,668.4199829101562,669.27001953125,10497369
2026-03-17 09:30:00-04:00,672.5599975585938,674.4299926757812,671.5599975585938,672.3900146484375,15290363
2026-03-17 10:30:00-04:00,671.635009765625,673.469970703125,671.5999755859375,672.5700073242188,7855289
2026-03-17 11:30:00-04:00,671.2100219726562,672.1900024414062,669.7000122070312,671.6300048828125,9865005
2026-03-17 12:30:00-04:00,671.530029296875,671.9400024414062,670.719970703125,671.2000122070312,5135082
2026-03-17 13:30:00-04:00,670.9000244140625,672.2999877929688,670.8599853515625,671.530029296875,8245727
2026-03-17 14:30:00-04:00,671.0399780273438,671.60498046875,670.5900268554688,670.9000244140625,8331594
2026-03-17 15:30:00-04:00,670.72998046875,671.280029296875,670.469970703125,671.0399780273438,10144142
2026-03-18 09:30:00-04:00,665.9600219726562,669.719970703125,665.719970703125,668.3599853515625,16416985
2026-03-18 10:30:00-04:00,666.9342041015625,668.0,665.6599731445312,665.969970703125,7674368
2026-03-18 11:30:00-04:00,667.0700073242188,667.6199951171875,666.4918212890625,666.9099731445312,4712970
2026-03-18 12:30:00-04:00,665.8400268554688,667.2960205078125,665.4299926757812,667.0700073242188,5482247
2026-03-18 13:30:00-04:00,666.1199951171875,667.4400024414062,665.2899780273438,665.8400268554688,7202639
2026-03-18 14:30:00-04:00,662.9099731445312,666.2999877929688,662.6799926757812,666.1099853515625,14723450
2026-03-18 15:30:00-04:00,661.5700073242188,663.2191772460938,661.1900024414062,662.9000244140625,14238601
2026-03-19 09:30:00-04:00,656.3300170898438,659.469970703125,655.1699829101562,656.969970703125,23610365
2026-03-19 10:30:00-04:00,657.719970703125,659.7100219726562,656.260009765625,656.3400268554688,12175917
2026-03-19 11:30:00-04:00,657.9500122070312,659.0399780273438,656.1799926757812,657.719970703125,11880224
2026-03-19 12:30:00-04:00,657.1199951171875,658.7100219726562,655.6099853515625,657.97998046875,9393933
2026-03-19 13:30:00-04:00,657.1749877929688,658.6199951171875,656.1599731445312,657.0999755859375,9141237
2026-03-19 14:30:00-04:00,660.25,662.97998046875,656.3200073242188,657.1799926757812,21924565
2026-03-19 15:30:00-04:00,659.719970703125,660.739990234375,658.97998046875,660.239990234375,11501098
2026-03-20 09:30:00-04:00,651.8599853515625,656.6900024414062,651.47998046875,656.510009765625,21713873
2026-03-20 10:30:00-04:00,651.9199829101562,654.1599731445312,651.2000122070312,651.8599853515625,24293455
2026-03-20 11:30:00-04:00,653.0999755859375,653.989990234375,651.72998046875,651.9400024414062,15357499
2026-03-20 12:30:00-04:00,652.1599731445312,653.4000244140625,651.75,653.0999755859375,9184604
2026-03-20 13:30:00-04:00,649.4299926757812,652.3699951171875,648.6599731445312,652.1900024414062,15136238
2026-03-20 14:30:00-04:00,647.1199951171875,649.655029296875,646.780029296875,649.4299926757812,21363532
2026-03-20 15:30:00-04:00,648.510009765625,648.52001953125,644.719970703125,647.1300048828125,27843185
2026-03-23 09:30:00-04:00,660.989990234375,662.27001953125,656.0700073242188,658.0700073242188,38763106
2026-03-23 10:30:00-04:00,660.8900146484375,662.614990234375,659.9500122070312,660.97998046875,12821509
2026-03-23 11:30:00-04:00,654.0900268554688,661.3300170898438,653.9400024414062,660.9000244140625,19720491
2026-03-23 12:30:00-04:00,655.280029296875,656.739990234375,653.989990234375,654.1088256835938,9105169
2026-03-23 13:30:00-04:00,657.3900146484375,658.3099975585938,655.260009765625,655.280029296875,10860723
2026-03-23 14:30:00-04:00,657.3300170898438,659.6500244140625,657.030029296875,657.4099731445312,11685736
2026-03-23 15:30:00-04:00,655.3699951171875,658.3499755859375,655.3699951171875,657.3200073242188,13898637
2026-03-24 09:30:00-04:00,652.489990234375,653.585693359375,649.8800048828125,651.3200073242188,17157140
2026-03-24 10:30:00-04:00,656.0399780273438,656.8300170898438,651.219970703125,652.510009765625,16069386
2026-03-24 11:30:00-04:00,655.9600219726562,657.030029296875,654.2999877929688,656.0599975585938,8078359
2026-03-24 12:30:00-04:00,653.405029296875,656.1199951171875,652.5499877929688,655.969970703125,8311009
2026-03-24 13:30:00-04:00,654.5900268554688,654.97998046875,652.3800048828125,653.4000244140625,10047322
2026-03-24 14:30:00-04:00,654.4500122070312,656.5900268554688,654.280029296875,654.5900268554688,9961652
2026-03-24 15:30:00-04:00,653.2000122070312,654.7750244140625,652.5599975585938,654.4500122070312,10043583
2026-03-25 09:30:00-04:00,658.1400146484375,660.8900146484375,655.6699829101562,658.6699829101562,22876212
2026-03-25 10:30:00-04:00,657.8400268554688,659.25,654.239990234375,658.1599731445312,14577535
2026-03-25 11:30:00-04:00,657.5,658.239990234375,656.010009765625,657.8499755859375,9552650
2026-03-25 12:30:00-04:00,658.02001953125,658.3200073242188,656.9149780273438,657.4600219726562,8735929
2026-03-25 13:30:00-04:00,657.5150146484375,659.3800048828125,657.3300170898438,658.0399780273438,8862246
2026-03-25 14:30:00-04:00,656.510009765625,657.8099975585938,655.5800170898438,657.510009765625,11503640
2026-03-25 15:30:00-04:00,656.739990234375,657.0599975585938,655.7550048828125,656.510009765625,9045207
2026-03-26 09:30:00-04:00,653.6199951171875,654.8400268554688,650.72998046875,652.0599975585938,19212415
2026-03-26 10:30:00-04:00,651.7100219726562,654.8499755859375,650.8200073242188,653.6199951171875,14863677
2026-03-26 11:30:00-04:00,649.469970703125,652.3499755859375,649.2899780273438,651.7100219726562,9677804
2026-03-26 12:30:00-04:00,648.6199951171875,650.0999755859375,647.97998046875,649.4912719726562,7002375
2026-03-26 13:30:00-04:00,646.5999755859375,649.0599975585938,646.4400024414062,648.6199951171875,10319756
2026-03-26 14:30:00-04:00,646.2100219726562,647.6500244140625,645.8499755859375,646.6099853515625,12002274
2026-03-26 15:30:00-04:00,645.10498046875,646.27001953125,644.8200073242188,646.2100219726562,13326642
2026-03-27 09:30:00-04:00,639.0999755859375,642.6599731445312,638.593994140625,642.5,19514414
2026-03-27 10:30:00-04:00,640.9600219726562,641.489990234375,638.2999877929688,639.0999755859375,11109483
2026-03-27 11:30:00-04:00,638.8900146484375,642.1400146484375,638.5800170898438,640.9600219726562,9032070
2026-03-27 12:30:00-04:00,636.6199951171875,639.9299926757812,636.5900268554688,638.8800048828125,10693459
2026-03-27 13:30:00-04:00,635.77001953125,637.25,635.1300048828125,636.6199951171875,10641379
2026-03-27 14:30:00-04:00,634.8590087890625,636.7249755859375,634.52001953125,635.7650146484375,13489943
2026-03-27 15:30:00-04:00,634.0800170898438,635.3499755859375,633.10498046875,634.8599853515625,16949297
2026-03-30 09:30:00-04:00,635.8599853515625,640.3699951171875,634.6799926757812,640.1099853515625,19019082
2026-03-30 10:30:00-04:00,636.4600219726562,638.7999877929688,634.72998046875,635.8499755859375,14707830
2026-03-30 11:30:00-04:00,635.260009765625,638.4749755859375,635.1649780273438,636.4500122070312,8520361
2026-03-30 12:30:00-04:00,633.4000244140625,636.010009765625,633.239990234375,635.27001953125,8684535
2026-03-30 13:30:00-04:00,632.280029296875,634.6300048828125,632.260009765625,633.4000244140625,11276966
2026-03-30 14:30:00-04:00,629.5800170898438,633.1699829101562,629.280029296875,632.2899780273438,15080335
2026-03-30 15:30:00-04:00,632.0,632.6401977539062,629.3499755859375,629.5850219726562,14017529
2026-03-31 09:30:00-04:00,642.5,642.9500122070312,638.3099975585938,638.9400024414062,23437177
2026-03-31 10:30:00-04:00,640.6799926757812,642.6500244140625,637.97998046875,642.47998046875,18510738
2026-03-31 11:30:00-04:00,642.1199951171875,642.6300048828125,639.52001953125,640.6799926757812,9782227
2026-03-31 12:30:00-04:00,647.0,649.4600219726562,641.6500244140625,642.1099853515625,25329736
2026-03-31 13:30:00-04:00,647.7050170898438,648.4099731445312,646.1400146484375,647.030029296875,13700937
2026-03-31 14:30:00-04:00,649.4019775390625,649.9099731445312,647.2000122070312,647.7000122070312,14280568
2026-03-31 15:30:00-04:00,650.239990234375,651.5399780273438,649.3200073242188,649.4199829101562,24947292
2026-04-01 09:30:00-04:00,655.030029296875,656.0499877929688,653.0,653.9000244140625,24697054
2026-04-01 10:30:00-04:00,656.3300170898438,657.0700073242188,653.5800170898438,655.030029296875,12040039
2026-04-01 11:30:00-04:00,657.1749877929688,658.094970703125,655.9299926757812,656.3300170898438,8304190
2026-04-01 12:30:00-04:00,658.2999877929688,658.52001953125,656.8400268554688,657.1849975585938,6730728
2026-04-01 13:30:00-04:00,654.22998046875,658.4400024414062,653.8300170898438,658.3099975585938,11314270
2026-04-01 14:30:00-04:00,656.0999755859375,656.340087890625,653.6669921875,654.2249755859375,12258144
2026-04-01 15:30:00-04:00,655.1799926757812,656.75,654.719970703125,656.0999755859375,13412288
2026-04-02 09:30:00-04:00,650.3400268554688,651.0999755859375,645.1099853515625,646.4199829101562,16496040
2026-04-02 10:30:00-04:00,655.2899780273438,658.2000122070312,650.0999755859375,650.3499755859375,14908705
2026-04-02 11:30:00-04:00,652.719970703125,655.889404296875,652.1699829101562,655.3200073242188,6207493
2026-04-02 12:30:00-04:00,654.6300048828125,655.0399780273438,652.52001953125,652.7100219726562,4452903
2026-04-02 13:30:00-04:00,653.510009765625,654.75,652.5499877929688,654.6500244140625,4432041
2026-04-02 14:30:00-04:00,654.3798828125,655.27001953125,653.3900146484375,653.5,7421724
2026-04-02 15:30:00-04:00,655.8800048828125,656.0999755859375,654.0900268554688,654.3699951171875,7964160
2026-04-06 09:30:00-04:00,658.3699951171875,659.719970703125,655.52001953125,655.8599853515625,9310316
2026-04-06 10:30:00-04:00,656.9249877929688,659.0599975585938,656.6199951171875,658.4299926757812,4867271
2026-04-06 11:30:00-04:00,657.793212890625,658.0399780273438,656.3400268554688,656.9299926757812,2702785
2026-04-06 12:30:00-04:00,657.3900756835938,658.510009765625,655.52001953125,657.780029296875,4071149
2026-04-06 13:30:00-04:00,658.239990234375,658.6500244140625,656.219970703125,657.4099731445312,4910662
2026-04-06 14:30:00-04:00,657.880126953125,658.5223999023438,657.72998046875,658.22998046875,3529235
2026-04-06 15:30:00-04:00,658.8699951171875,658.9199829101562,657.8099975585938,657.8800048828125,5262864
2026-04-07 09:30:00-04:00,654.4000244140625,657.5800170898438,651.9199829101562,656.6500244140625,12903016
2026-04-07 10:30:00-04:00,653.2550048828125,655.3400268554688,651.0599975585938,654.4500122070312,9263074
2026-04-07 11:30:00-04:00,655.9199829101562,657.0,652.5700073242188,653.260009765625,7056077
2026-04-07 12:30:00-04:00,655.8200073242188,656.8800048828125,655.3400268554688,655.8900146484375,3161446
2026-04-07 13:30:00-04:00,656.1500244140625,658.3599853515625,655.5700073242188,655.8300170898438,4696504
2026-04-07 14:30:00-04:00,656.6599731445312,658.1699829101562,653.4121704101562,656.1300048828125,9777607
2026-04-07 15:30:00-04:00,659.260009765625,659.5999755859375,655.8900146484375,656.6500244140625,11768017
2026-04-08 09:30:00-04:00,674.1300048828125,677.0800170898438,673.969970703125,676.3900146484375,24535784
2026-04-08 10:30:00-04:00,673.030029296875,674.3499755859375,671.4600219726562,674.1300048828125,11175952
2026-04-08 11:30:00-04:00,675.02001953125,675.6749877929688,673.0050048828125,673.0900268554688,6915347
2026-04-08 12:30:00-04:00,675.010009765625,676.4349975585938,674.77001953125,675.030029296875,5331894
2026-04-08 13:30:00-04:00,674.8800048828125,676.60498046875,674.3400268554688,675.0100708007812,10193057
2026-04-08 14:30:00-04:00,673.5399780273438,675.3200073242188,672.780029296875,674.9000244140625,12163131
2026-04-08 15:30:00-04:00,675.8800048828125,676.0499877929688,673.489990234375,673.5399780273438,14811289
2026-04-09 09:30:00-04:00,674.2949829101562,675.7899169921875,673.9299926757812,674.8400268554688,10163311
2026-04-09 10:30:00-04:00,675.9299926757812,676.5499877929688,673.77001953125,674.2899780273438,8389172
2026-04-09 11:30:00-04:00,679.9000244140625,680.75,675.72998046875,675.9199829101562,9318282
2026-04-09 12:30:00-04:00,680.2901000976562,681.0159912109375,678.969970703125,679.9199829101562,5844054
2026-04-09 13:30:00-04:00,678.8499755859375,681.1599731445312,678.5800170898438,680.2999267578125,5611614
2026-04-09 14:30:00-04:00,679.9199829101562,680.239990234375,678.4400024414062,678.8599853515625,4999397
2026-04-09 15:30:00-04:00,679.8699951171875,680.6699829101562,679.8300170898438,679.9099731445312,6981221
2026-04-10 09:30:00-04:00,681.52001953125,681.9299926757812,680.0280151367188,681.3200073242188,8575459
2026-04-10 10:30:00-04:00,681.239990234375,682.030029296875,680.4199829101562,681.5399780273438,4957079
2026-04-10 11:30:00-04:00,679.52001953125,681.4500122070312,679.1099853515625,681.22998046875,5196622
2026-04-10 12:30:00-04:00,678.6701049804688,679.7100219726562,678.5,679.52001953125,3541906
2026-04-10 13:30:00-04:00,679.4000244140625,679.7000122070312,678.4500122070312,678.6500244140625,3537143
2026-04-10 14:30:00-04:00,679.6400756835938,679.989990234375,678.8699951171875,679.4149780273438,4555722
2026-04-10 15:30:00-04:00,679.3400268554688,679.6500244140625,678.6599731445312,679.6500244140625,6623264
2026-04-13 09:30:00-04:00,679.5687866210938,680.02001953125,676.5800170898438,677.4099731445312,10735839
2026-04-13 10:30:00-04:00,679.510009765625,680.6599731445312,679.3099975585938,679.5700073242188,4289558
2026-04-13 11:30:00-04:00,681.3900146484375,681.6199951171875,679.0150146484375,679.530029296875,3779252
2026-04-13 12:30:00-04:00,682.47998046875,682.8300170898438,680.7000122070312,681.3800048828125,5670548
2026-04-13 13:30:00-04:00,682.375,682.7000122070312,681.8699951171875,682.489990234375,3428545
2026-04-13 14:30:00-04:00,683.8049926757812,683.8400268554688,682.27001953125,682.3699951171875,5019951
2026-04-13 15:30:00-04:00,686.010009765625,686.2999877929688,683.6599731445312,683.7999877929688,11623331
2026-04-14 09:30:00-04:00,690.97998046875,691.0499877929688,687.6599731445312,687.6900024414062,12938663
2026-04-14 10:30:00-04:00,692.25,692.469970703125,690.6099853515625,690.989990234375,7755017
2026-04-14 11:30:00-04:00,693.594970703125,693.719970703125,692.239990234375,692.25,7040757
2026-04-14 12:30:00-04:00,693.739990234375,694.0599975585938,692.8300170898438,693.5900268554688,6253879
2026-04-14 13:30:00-04:00,692.5999755859375,694.0999755859375,692.1300048828125,693.739990234375,7021335
2026-04-14 14:30:00-04:00,694.239990234375,694.2698974609375,692.3200073242188,692.5999755859375,6928111
2026-04-14 15:30:00-04:00,694.39501953125,694.5800170898438,693.4099731445312,694.22998046875,6538533
2026-04-15 09:30:00-04:00,696.9199829101562,696.9400024414062,694.2000122070312,695.260009765625,10267598
2026-04-15 10:30:00-04:00,697.3699951171875,697.5599975585938,695.9299926757812,696.9199829101562,7405563
2026-04-15 11:30:00-04:00,697.3599243164062,697.7999877929688,696.7999877929688,697.3699951171875,5371261
2026-04-15 12:30:00-04:00,697.4199829101562,697.6199951171875,695.7000122070312,697.3599853515625,5207902
2026-04-15 13:30:00-04:00,698.5,698.6500244140625,697.1900024414062,697.4199829101562,5867040
2026-04-15 14:30:00-04:00,700.0,700.030029296875,698.47998046875,698.489990234375,8407944
2026-04-15 15:30:00-04:00,699.8400268554688,700.280029296875,699.260009765625,699.9949951171875,8213240
2026-04-16 09:30:00-04:00,699.1400146484375,701.1400146484375,698.530029296875,700.8599853515625,9928184
2026-04-16 10:30:00-04:00,700.780029296875,702.030029296875,698.8699951171875,699.14990234375,6196195
2026-04-16 11:30:00-04:00,702.010009765625,702.780029296875,700.6599731445312,700.77001953125,5434817
2026-04-16 12:30:00-04:00,700.7000122070312,702.0698852539062,699.8300170898438,702.0150146484375,7356865
2026-04-16 13:30:00-04:00,699.7899780273438,701.530029296875,699.4736938476562,700.719970703125,4006740
2026-04-16 14:30:00-04:00,700.9100952148438,701.1950073242188,699.7750244140625,699.7999877929688,4238107
2026-04-16 15:30:00-04:00,701.5499877929688,701.9400024414062,700.8300170898438,700.9099731445312,6272569
2026-04-17 09:30:00-04:00,709.2249755859375,709.4600219726562,705.760009765625,706.1400146484375,15058646
2026-04-17 10:30:00-04:00,710.6199951171875,711.3350219726562,709.22998046875,709.239990234375,9776320
2026-04-17 11:30:00-04:00,711.510009765625,711.6400146484375,710.4193115234375,710.6300048828125,11165135
2026-04-17 12:30:00-04:00,709.8800048828125,712.3900146484375,709.030029296875,711.5150146484375,6981774
2026-04-17 13:30:00-04:00,709.8099975585938,710.7000122070312,709.1400146484375,709.8800048828125,6282793
2026-04-17 14:30:00-04:00,709.260009765625,710.3900146484375,708.989990234375,709.8099975585938,5720487
2026-04-17 15:30:00-04:00,710.0499877929688,710.4000244140625,709.260009765625,709.27001953125,7560000
2026-04-20 09:30:00-04:00,708.9500122070312,709.9099731445312,708.22998046875,708.780029296875,8835720
2026-04-20 10:30:00-04:00,708.3300170898438,709.0,706.1400146484375,708.9299926757812,7945202
2026-04-20 11:30:00-04:00,707.6500244140625,708.3099975585938,707.02001953125,708.3099975585938,3081050
2026-04-20 12:30:00-04:00,707.97998046875,708.3900146484375,707.260009765625,707.6599731445312,3286946
2026-04-20 13:30:00-04:00,708.3200073242188,708.6099853515625,707.4810180664062,707.9882202148438,3162016
2026-04-20 14:30:00-04:00,708.02001953125,708.6099853515625,707.8599853515625,708.3200073242188,4138072
2026-04-20 15:30:00-04:00,708.6900024414062,708.7999877929688,707.5999755859375,708.02001953125,7039976
2026-04-21 09:30:00-04:00,710.5700073242188,711.2750244140625,708.75,709.5499877929688,7105727
2026-04-21 10:30:00-04:00,706.6900024414062,710.780029296875,706.1500244140625,710.5599975585938,7342275
2026-04-21 11:30:00-04:00,706.3599853515625,707.885009765625,706.0399780273438,706.6599731445312,4336562
2026-04-21 12:30:00-04:00,704.6900024414062,707.1400146484375,703.8400268554688,706.3314208984375,6331182
2026-04-21 13:30:00-04:00,705.0989990234375,707.4099731445312,704.6400146484375,704.6799926757812,6881048
2026-04-21 14:30:00-04:00,707.7249755859375,707.780029296875,705.0203247070312,705.094970703125,6468209
2026-04-21 15:30:00-04:00,704.1400146484375,707.8699951171875,702.6400146484375,707.719970703125,12123097
2026-04-22 09:30:00-04:00,710.52001953125,710.7000122070312,708.219970703125,709.1500244140625,8006905
2026-04-22 10:30:00-04:00,710.2000122070312,710.6500244140625,709.2901000976562,710.510009765625,4452727
2026-04-22 11:30:00-04:00,709.155029296875,710.4400024414062,709.0800170898438,710.1900024414062,3253829
2026-04-22 12:30:00-04:00,710.0399780273438,710.4199829101562,708.7999877929688,709.1500244140625,3451202
2026-04-22 13:30:00-04:00,709.4500122070312,710.4199829101562,709.2000122070312,710.0499877929688,3567461
2026-04-22 14:30:00-04:00,710.4500122070312,710.5800170898438,709.1900024414062,709.4600219726562,4604734
2026-04-22 15:30:00-04:00,711.2100219726562,711.4500122070312,710.1300048828125,710.4550170898438,6989198
2026-04-23 09:30:00-04:00,710.530029296875,711.2849731445312,709.1300048828125,709.5,8865824
2026-04-23 10:30:00-04:00,711.989990234375,712.280029296875,710.4000244140625,710.510009765625,4277457
2026-04-23 11:30:00-04:00,710.72998046875,712.3598022460938,710.3049926757812,711.989990234375,3884471
2026-04-23 12:30:00-04:00,706.0499877929688,711.27001953125,705.8800048828125,710.7489013671875,8053760
2026-04-23 13:30:00-04:00,708.5100708007812,708.5900268554688,702.2802734375,706.0405883789062,14427074
2026-04-23 14:30:00-04:00,708.405029296875,709.47998046875,706.739990234375,708.510009765625,5210950
2026-04-23 15:30:00-04:00,708.4400024414062,708.9099731445312,706.469970703125,708.4199829101562,6291893
2026-04-24 09:30:00-04:00,709.8599853515625,711.1599731445312,709.010009765625,710.75,9143812
2026-04-24 10:30:00-04:00,711.8499755859375,712.1500244140625,709.4500122070312,709.8900146484375,5226833
2026-04-24 11:30:00-04:00,713.3012084960938,714.1400146484375,711.5399780273438,711.8699951171875,5867584
2026-04-24 12:30:00-04:00,713.02001953125,713.8912963867188,712.719970703125,713.3209838867188,3705121
2026-04-24 13:30:00-04:00,713.02001953125,714.4600219726562,712.72998046875,713.0,3968273
2026-04-24 14:30:00-04:00,713.739990234375,714.469970703125,713.0,713.030029296875,3926316
2026-04-24 15:30:00-04:00,713.97998046875,714.4299926757812,713.4400024414062,713.75,7238972
2026-04-27 09:30:00-04:00,713.4450073242188,714.4093017578125,712.5999755859375,713.1699829101562,7962185
2026-04-27 10:30:00-04:00,713.0,714.4500122070312,712.2949829101562,713.459228515625,3815390
2026-04-27 11:30:00-04:00,713.8599853515625,714.1199951171875,712.760009765625,712.989990234375,2819606
2026-04-27 12:30:00-04:00,714.5999755859375,714.7550048828125,713.8599853515625,713.8699951171875,3364308
2026-04-27 13:30:00-04:00,715.0999755859375,715.239990234375,714.5800170898438,714.5999755859375,3255714
2026-04-27 14:30:00-04:00,715.1400146484375,715.219970703125,714.7100219726562,715.0900268554688,2918625
2026-04-27 15:30:00-04:00,715.1599731445312,715.6300048828125,714.8800048828125,715.1300048828125,5875867
2026-04-28 09:30:00-04:00,711.25,712.8800048828125,710.7899780273438,711.8150024414062,9095112
2026-04-28 10:30:00-04:00,709.9000244140625,711.5800170898438,709.25,711.260009765625,5121982
2026-04-28 11:30:00-04:00,710.3200073242188,710.5900268554688,709.3800048828125,709.905029296875,2911373
2026-04-28 12:30:00-04:00,710.1199951171875,710.4400024414062,709.3599853515625,710.3201293945312,2694169
2026-04-28 13:30:00-04:00,711.3499755859375,711.6500244140625,710.114990234375,710.1199951171875,4779246
2026-04-28 14:30:00-04:00,711.5900268554688,712.1900024414062,710.8300170898438,711.3599853515625,3513295
2026-04-28 15:30:00-04:00,711.6799926757812,711.989990234375,711.2000122070312,711.5900268554688,8209178
2026-04-29 09:30:00-04:00,711.47998046875,711.6500244140625,709.6599731445312,711.0,6719706
2026-04-29 10:30:00-04:00,710.8670043945312,712.1099853515625,710.10498046875,711.47998046875,3524212
2026-04-29 11:30:00-04:00,709.75,711.0999755859375,709.219970703125,710.8800048828125,3710077
2026-04-29 12:30:00-04:00,709.9099731445312,710.1900024414062,708.9099731445312,709.7449951171875,3450053
2026-04-29 13:30:00-04:00,709.219970703125,710.739990234375,708.4600219726562,709.9199829101562,4645427
2026-04-29 14:30:00-04:00,710.8699951171875,711.5,708.3699951171875,709.22998046875,5559520
2026-04-29 15:30:00-04:00,711.5800170898438,711.6199951171875,710.0800170898438,710.8599853515625,6668850
2026-04-30 09:30:00-04:00,712.010009765625,714.72998046875,710.4450073242188,714.6300048828125,11913605
2026-04-30 10:30:00-04:00,714.4299926757812,714.5900268554688,711.1799926757812,712.010009765625,5945326
2026-04-30 11:30:00-04:00,715.1799926757812,715.3900146484375,713.469970703125,714.4099731445312,3889701
2026-04-30 12:30:00-04:00,715.8099975585938,715.8900146484375,713.9000244140625,715.1799926757812,3036045
2026-04-30 13:30:00-04:00,717.8800048828125,718.1099853515625,715.8200073242188,715.8200073242188,5140135
2026-04-30 14:30:00-04:00,719.1199951171875,719.4299926757812,717.8699951171875,718.0999755859375,9397872
2026-04-30 15:30:00-04:00,718.3900146484375,719.7899780273438,718.3499755859375,719.1099853515625,14690801
2026-05-01 09:30:00-04:00,724.2587890625,724.8699951171875,720.739990234375,721.25,8946599
2026-05-01 10:30:00-04:00,723.2899780273438,724.27001953125,722.0399780273438,724.27001953125,4763258
2026-05-01 11:30:00-04:00,722.1400146484375,724.3800048828125,721.8699951171875,723.3400268554688,5460013
2026-05-01 12:30:00-04:00,722.97998046875,722.97998046875,721.489990234375,722.1201171875,3849822
2026-05-01 13:30:00-04:00,722.1799926757812,723.219970703125,721.5,722.9600219726562,3544604
2026-05-01 14:30:00-04:00,722.4199829101562,722.5900268554688,720.780029296875,722.1400146484375,4367001
2026-05-01 15:30:00-04:00,720.6699829101562,722.5,720.469970703125,722.4299926757812,5673742
2026-05-04 09:30:00-04:00,721.239990234375,721.718994140625,719.25,719.719970703125,8887426
2026-05-04 10:30:00-04:00,718.4400024414062,722.1199951171875,717.4500122070312,721.219970703125,8566235
2026-05-04 11:30:00-04:00,717.0,718.739990234375,715.0,718.4500122070312,9000465
2026-05-04 12:30:00-04:00,718.5700073242188,718.6400146484375,716.2999877929688,716.989990234375,3799740
2026-05-04 13:30:00-04:00,717.760009765625,718.9949951171875,717.1699829101562,718.5599975585938,3700911
2026-05-04 14:30:00-04:00,717.739990234375,718.219970703125,716.8300170898438,717.760009765625,5888031
2026-05-04 15:30:00-04:00,718.0700073242188,718.260009765625,717.3499755859375,717.75,7103245
2026-05-05 09:30:00-04:00,723.2899780273438,723.6699829101562,721.4949951171875,721.77001953125,8255148
2026-05-05 10:30:00-04:00,723.47998046875,723.6500244140625,722.3800048828125,723.2979736328125,4765199
2026-05-05 11:30:00-04:00,723.5800170898438,723.8699951171875,722.9099731445312,723.47998046875,2317269
2026-05-05 12:30:00-04:00,723.85498046875,723.8599853515625,723.1199951171875,723.5599975585938,2082805
2026-05-05 13:30:00-04:00,724.4749755859375,724.7000122070312,723.719970703125,723.8599853515625,2991133
2026-05-05 14:30:00-04:00,724.719970703125,725.0399780273438,724.0999755859375,724.4749755859375,3368327
2026-05-05 15:30:00-04:00,723.739990234375,724.8699951171875,723.27001953125,724.719970703125,6966437
2026-05-06 09:30:00-04:00,730.02001953125,730.6799926757812,727.8200073242188,728.1599731445312,9452082
2026-05-06 10:30:00-04:00,732.0599975585938,732.5599975585938,730.010009765625,730.0399780273438,5578291
2026-05-06 11:30:00-04:00,731.77001953125,732.1414794921875,730.9400024414062,732.0549926757812,3343304
2026-05-06 12:30:00-04:00,731.6799926757812,731.8400268554688,730.5288696289062,731.7700805664062,2929425
2026-05-06 13:30:00-04:00,733.0449829101562,733.1799926757812,731.5449829101562,731.6799926757812,3719450
2026-05-06 14:30:00-04:00,733.8599853515625,733.989990234375,732.719970703125,733.0399780273438,8118340
2026-05-06 15:30:00-04:00,733.77001953125,734.5900268554688,733.5499877929688,733.8499755859375,9450549
2026-05-07 09:30:00-04:00,734.5499877929688,735.1199951171875,733.5499877929688,735.0499877929688,7732691
2026-05-07 10:30:00-04:00,734.9088134765625,736.1300048828125,734.2999877929688,734.6300048828125,6731542
2026-05-07 11:30:00-04:00,733.364990234375,735.6199951171875,731.72998046875,734.9099731445312,6027202
2026-05-07 12:30:00-04:00,730.625,733.8200073242188,729.760009765625,733.3599853515625,5346205
2026-05-07 13:30:00-04:00,731.2899780273438,732.2000122070312,730.1500244140625,730.6300048828125,5155011
2026-05-07 14:30:00-04:00,730.5,731.9400024414062,729.75,731.2899780273438,5360993
2026-05-07 15:30:00-04:00,731.5599975585938,731.9000244140625,730.4000244140625,730.5,7366651
2026-05-08 09:30:00-04:00,736.7999877929688,737.5498046875,734.5800170898438,734.9299926757812,8523810
2026-05-08 10:30:00-04:00,736.9099731445312,737.4500122070312,736.049072265625,736.8198852539062,4231288
2026-05-08 11:30:00-04:00,737.5499877929688,737.75,736.3099975585938,736.8900146484375,4070549
2026-05-08 12:30:00-04:00,737.6900024414062,737.8300170898438,736.8099975585938,737.5599975585938,4316548
2026-05-08 13:30:00-04:00,737.72998046875,738.0800170898438,737.0700073242188,737.6799926757812,3669810
2026-05-08 14:30:00-04:00,736.6400146484375,737.9500122070312,736.10498046875,737.72998046875,5369253
2026-05-08 15:30:00-04:00,737.530029296875,737.5900268554688,736.52001953125,736.6400146484375,9587509
2026-05-11 09:30:00-04:00,738.4674072265625,739.5900268554688,736.4500122070312,736.4500122070312,8311324
2026-05-11 10:30:00-04:00,740.0706787109375,740.1072998046875,737.5900268554688,738.4600219726562,5916531
2026-05-11 11:30:00-04:00,740.3350219726562,740.439208984375,739.6699829101562,740.0750122070312,3950528
2026-05-11 12:30:00-04:00,739.8099975585938,740.4299926757812,738.8400268554688,740.3200073242188,4659912
2026-05-11 13:30:00-04:00,740.3400268554688,740.7899780273438,739.780029296875,739.7899780273438,4230292
2026-05-11 14:30:00-04:00,738.489990234375,740.3499755859375,738.1599731445312,740.3400268554688,6104298
2026-05-11 15:30:00-04:00,739.2000122070312,739.2100219726562,738.1300048828125,738.4849853515625,6297987
2026-05-12 09:30:00-04:00,734.9199829101562,737.219970703125,734.5700073242188,736.8900146484375,8151275
2026-05-12 10:30:00-04:00,732.3200073242188,735.1900024414062,731.8400268554688,734.2999877929688,7755683
2026-05-12 11:30:00-04:00,732.739990234375,733.72998046875,732.1099853515625,732.3400268554688,5303685
2026-05-12 12:30:00-04:00,734.3499755859375,735.010009765625,731.8300170898438,732.72998046875,5773385
2026-05-12 13:30:00-04:00,736.1849975585938,736.47998046875,734.1300048828125,734.4400024414062,5685811
2026-05-12 14:30:00-04:00,737.0800170898438,737.4199829101562,735.77001953125,736.1900024414062,4642846
2026-05-12 15:30:00-04:00,738.2000122070312,738.8400268554688,737.0700073242188,737.0800170898438,8122982
2026-05-13 09:30:00-04:00,738.3049926757812,738.75,735.469970703125,738.469970703125,7457160
2026-05-13 10:30:00-04:00,739.2899780273438,739.3800048828125,737.77001953125,738.2999877929688,4636052
2026-05-13 11:30:00-04:00,741.7249755859375,741.97998046875,738.9400024414062,739.27001953125,4231974
2026-05-13 12:30:00-04:00,742.6199951171875,742.89501953125,741.3699951171875,741.72998046875,3988610
2026-05-13 13:30:00-04:00,743.530029296875,743.9099731445312,742.0910034179688,742.6199951171875,3508934
2026-05-13 14:30:00-04:00,743.489990234375,743.7100219726562,742.5499877929688,743.5399780273438,4994471
2026-05-13 15:30:00-04:00,742.3049926757812,743.6099853515625,742.219970703125,743.489990234375,8682212
2026-05-14 09:30:00-04:00,745.9600219726562,746.3699951171875,743.5599975585938,743.6500244140625,7467056
2026-05-14 10:30:00-04:00,748.510498046875,748.8099975585938,745.760009765625,745.9500122070312,4420568
2026-05-14 11:30:00-04:00,748.0,749.530029296875,747.8499755859375,748.510009765625,4206931
2026-05-14 12:30:00-04:00,746.9099731445312,748.3400268554688,746.3070068359375,748.010009765625,4812089
2026-05-14 13:30:00-04:00,747.5599975585938,748.2999877929688,746.6500244140625,746.9199829101562,5597829
2026-05-14 14:30:00-04:00,748.0850219726562,748.6900024414062,747.3599853515625,747.5499877929688,4493950
2026-05-14 15:30:00-04:00,748.0800170898438,748.6799926757812,747.780029296875,748.0800170898438,6826597
2026-05-15 09:30:00-04:00,741.1300048828125,742.6799926757812,737.9600219726562,741.7899780273438,13207054
2026-05-15 10:30:00-04:00,741.219970703125,742.280029296875,740.1400146484375,741.1500244140625,5213246
2026-05-15 11:30:00-04:00,741.3099975585938,741.9500122070312,739.1099853515625,741.260009765625,7998569
2026-05-15 12:30:00-04:00,742.5228271484375,742.9500122070312,740.2650146484375,741.3200073242188,2925798
2026-05-15 13:30:00-04:00,741.7100219726562,743.4600219726562,741.510009765625,742.5399780273438,4383676
2026-05-15 14:30:00-04:00,740.1599731445312,741.8699951171875,740.0599975585938,741.719970703125,6195185
2026-05-15 15:30:00-04:00,739.0800170898438,740.8200073242188,738.5399780273438,740.1400146484375,10738993
2026-05-18 09:30:00-04:00,739.5,741.4149780273438,737.5599975585938,739.8300170898438,8463842
2026-05-18 10:30:00-04:00,735.6199951171875,739.8400268554688,735.52001953125,739.489990234375,5901422
2026-05-18 11:30:00-04:00,734.8300170898438,737.9299926757812,734.469970703125,735.6199951171875,3791456
2026-05-18 12:30:00-04:00,737.3599853515625,737.4199829101562,734.2249755859375,734.8200073242188,3841538
2026-05-18 13:30:00-04:00,734.7100219726562,737.4199829101562,733.7100219726562,737.3499755859375,4612177
2026-05-18 14:30:00-04:00,735.52001953125,738.02001953125,733.3900146484375,734.7349853515625,7900625
2026-05-18 15:30:00-04:00,738.5599975585938,738.75,735.280029296875,735.530029296875,6420788
2026-05-19 09:30:00-04:00,732.4199829101562,736.2999877929688,731.739990234375,734.780029296875,10927043
2026-05-19 10:30:00-04:00,732.22998046875,733.9600219726562,731.530029296875,732.4199829101562,5406052
2026-05-19 11:30:00-04:00,734.489990234375,734.739990234375,732.0399780273438,732.2249755859375,3793405
2026-05-19 12:30:00-04:00,736.97998046875,737.6500244140625,734.3482055664062,734.4949951171875,5452140
2026-05-19 13:30:00-04:00,735.8800048828125,737.5700073242188,735.8200073242188,736.969970703125,5546621
2026-05-19 14:30:00-04:00,734.77001953125,736.3699951171875,733.9000244140625,735.8900146484375,5380138
2026-05-19 15:30:00-04:00,733.7899780273438,735.010009765625,732.5750122070312,734.7899780273438,11357265
2026-05-20 09:30:00-04:00,737.8900146484375,738.5399780273438,733.8900146484375,735.7100219726562,9509663
2026-05-20 10:30:00-04:00,739.2949829101562,741.8699951171875,737.4400024414062,737.9000244140625,7312742
2026-05-20 11:30:00-04:00,738.9299926757812,740.9199829101562,738.5499877929688,739.2949829101562,3617964
2026-05-20 12:30:00-04:00,740.155029296875,740.3499755859375,738.51123046875,738.9500122070312,3744166
2026-05-20 13:30:00-04:00,740.0800170898438,740.719970703125,739.2999877929688,740.1599731445312,3736704
2026-05-20 14:30:00-04:00,740.8200073242188,740.9600219726562,739.6799926757812,740.1300048828125,4012145
2026-05-20 15:30:00-04:00,741.25,741.6099853515625,740.5499877929688,740.8300170898438,6699649
2026-05-21 09:30:00-04:00,738.5050048828125,740.614990234375,737.4146728515625,738.6400146484375,8507271
2026-05-21 10:30:00-04:00,738.7999877929688,739.3699951171875,737.030029296875,738.5,4102790
2026-05-21 11:30:00-04:00,738.7999877929688,739.9600219726562,737.8200073242188,738.8099975585938,3279493
2026-05-21 12:30:00-04:00,742.1500244140625,743.0499877929688,738.0900268554688,738.8099975585938,5732492
2026-05-21 13:30:00-04:00,743.3400268554688,744.8699951171875,741.969970703125,742.1599731445312,5607523
2026-05-21 14:30:00-04:00,742.6799926757812,743.719970703125,740.0800170898438,743.3499755859375,5845897
2026-05-21 15:30:00-04:00,742.75,743.1599731445312,741.9199829101562,742.6599731445312,6120549
2026-05-22 09:30:00-04:00,745.6900024414062,748.1599731445312,744.47998046875,746.239990234375,7387453
2026-05-22 10:30:00-04:00,747.8800048828125,747.8800048828125,745.4600219726562,745.7000122070312,2817223
2026-05-22 11:30:00-04:00,747.3800048828125,748.0399780273438,746.8499755859375,747.8900146484375,2711868
2026-05-22 12:30:00-04:00,748.7349853515625,748.77001953125,746.6300048828125,747.3800048828125,3141071
2026-05-22 13:30:00-04:00,747.3099975585938,748.9400024414062,746.8300170898438,748.780029296875,4062455
2026-05-22 14:30:00-04:00,745.5800170898438,747.469970703125,745.5,747.2999877929688,4164830
2026-05-22 15:30:00-04:00,745.5900268554688,746.2100219726562,744.9550170898438,745.5750122070312,6896388
2026-05-26 09:30:00-04:00,751.5399780273438,751.8690795898438,749.1309814453125,750.010009765625,7110809
2026-05-26 10:30:00-04:00,749.8499755859375,752.1300048828125,749.72998046875,751.5449829101562,4771058
2026-05-26 11:30:00-04:00,749.739990234375,750.0,748.3699951171875,749.8499755859375,5365721
2026-05-26 12:30:00-04:00,748.6500244140625,750.030029296875,748.52001953125,749.739990234375,3364825
2026-05-26 13:30:00-04:00,749.655029296875,750.0,748.5,748.6500244140625,3738968
2026-05-26 14:30:00-04:00,749.510009765625,750.0,748.8499755859375,749.6400146484375,4750425
2026-05-26 15:30:00-04:00,750.469970703125,750.8699951171875,749.4949951171875,749.5,6870630
2026-05-27 09:30:00-04:00,750.0449829101562,751.3800048828125,749.22998046875,750.8800048828125,9861834
2026-05-27 10:30:00-04:00,749.5250244140625,751.02001953125,748.9099731445312,750.0399780273438,3621351
2026-05-27 11:30:00-04:00,749.6701049804688,750.2000122070312,748.3699951171875,749.5399780273438,4242523
2026-05-27 12:30:00-04:00,749.1599731445312,750.614990234375,748.219970703125,749.6500244140625,3314126
2026-05-27 13:30:00-04:00,750.719970703125,750.8099975585938,749.14501953125,749.1599731445312,3124839
2026-05-27 14:30:00-04:00,750.5601196289062,751.1300048828125,750.3099975585938,750.7100219726562,3432745
2026-05-27 15:30:00-04:00,750.469970703125,750.8800048828125,750.0999755859375,750.5599975585938,7409462
2026-05-28 09:30:00-04:00,752.719970703125,754.0700073242188,749.22998046875,750.25,9157032
2026-05-28 10:30:00-04:00,753.9400024414062,754.1400146484375,751.72998046875,752.739990234375,5081954
2026-05-28 11:30:00-04:00,754.3800048828125,754.85009765625,753.6900024414062,753.9500122070312,2807963
2026-05-28 12:30:00-04:00,754.2650146484375,754.8699951171875,754.0700073242188,754.39990234375,2434928
2026-05-28 13:30:00-04:00,754.780029296875,754.9299926757812,754.0999755859375,754.27001953125,4398507
2026-05-28 14:30:00-04:00,754.760009765625,754.780029296875,754.1099853515625,754.760009765625,4777629
2026-05-28 15:30:00-04:00,754.6400146484375,755.1500244140625,754.4500122070312,754.760009765625,6683809
2026-05-29 09:30:00-04:00,756.5999755859375,758.0800170898438,755.5,755.9000244140625,9997949
2026-05-29 10:30:00-04:00,756.780029296875,757.4199829101562,754.6900024414062,756.5999755859375,7046757
2026-05-29 11:30:00-04:00,756.75,757.4650268554688,756.2999877929688,756.8099975585938,3106974
2026-05-29 12:30:00-04:00,756.6099853515625,757.8200073242188,756.219970703125,756.760009765625,3024110
2026-05-29 13:30:00-04:00,756.2899780273438,756.6799926757812,755.1300048828125,756.5999755859375,4179205
2026-05-29 14:30:00-04:00,756.8599853515625,756.8800048828125,755.3599853515625,756.2899780273438,5158451
2026-05-29 15:30:00-04:00,756.4000244140625,757.6300048828125,756.1699829101562,756.8599853515625,10239410
2026-06-01 09:30:00-04:00,755.85498046875,756.77001953125,754.6900024414062,755.3599853515625,9846467
2026-06-01 10:30:00-04:00,756.1599731445312,756.405029296875,755.280029296875,755.8400268554688,4485379
2026-06-01 11:30:00-04:00,756.780029296875,757.4199829101562,755.8709716796875,756.1400146484375,4751368
2026-06-01 12:30:00-04:00,758.510009765625,758.5499877929688,756.780029296875,756.780029296875,3945292
2026-06-01 13:30:00-04:00,759.8204956054688,760.27001953125,757.72998046875,758.5399780273438,5777300
2026-06-01 14:30:00-04:00,759.6799926757812,759.8699951171875,759.3699951171875,759.8200073242188,3333036
2026-06-01 15:30:00-04:00,758.4400024414062,759.67919921875,758.0399780273438,759.6699829101562,6294748
2026-06-02 09:30:00-04:00,757.7349853515625,758.469970703125,756.75,757.030029296875,6399062
2026-06-02 10:30:00-04:00,759.8900146484375,760.4000244140625,757.719970703125,757.739990234375,4629833
2026-06-02 11:30:00-04:00,759.3499755859375,760.0399780273438,759.22998046875,759.8699951171875,2292200
2026-06-02 12:30:00-04:00,759.0250244140625,759.969970703125,758.9249877929688,759.3590087890625,2326195
2026-06-02 13:30:00-04:00,758.9564208984375,759.3499755859375,758.780029296875,759.01123046875,2590862
2026-06-02 14:30:00-04:00,759.3300170898438,759.5750122070312,758.625,758.955322265625,4064345
2026-06-02 15:30:00-04:00,759.469970703125,759.6900024414062,759.1199951171875,759.3300170898438,4631392
2026-06-03 09:30:00-04:00,756.8099975585938,758.7999877929688,754.739990234375,758.1500244140625,8761155
2026-06-03 10:30:00-04:00,756.1199951171875,757.010009765625,755.3300170898438,756.7999877929688,3495290
2026-06-03 11:30:00-04:00,754.3099975585938,756.2899780273438,753.8800048828125,756.125,3796249
2026-06-03 12:30:00-04:00,754.6325073242188,755.1799926757812,753.5700073242188,754.3099975585938,4522733
2026-06-03 13:30:00-04:00,755.97998046875,756.0399780273438,754.2000122070312,754.6325073242188,4086294
2026-06-03 14:30:00-04:00,754.8300170898438,756.0499877929688,754.6099853515625,755.97998046875,6175427
2026-06-03 15:30:00-04:00,754.1900024414062,755.47998046875,753.9000244140625,754.8300170898438,11697075
2026-06-04 09:30:00-04:00,754.02001953125,754.2899780273438,751.469970703125,752.0999755859375,9226817
2026-06-04 10:30:00-04:00,755.864990234375,755.969970703125,753.3800048828125,754.02001953125,6914754
2026-06-04 11:30:00-04:00,756.5,756.6699829101562,754.7999877929688,755.8599853515625,4126933
2026-06-04 12:30:00-04:00,757.1099853515625,757.1799926757812,756.0499877929688,756.52001953125,3334279
2026-06-04 13:30:00-04:00,757.8099975585938,757.9299926757812,757.02001953125,757.1099853515625,4265241
2026-06-04 14:30:00-04:00,758.2899780273438,758.2999877929688,757.5,757.7999877929688,5269760
2026-06-04 15:30:00-04:00,757.0499877929688,758.3099975585938,756.7999877929688,758.2899780273438,10503046
2026-06-05 09:30:00-04:00,749.219970703125,752.8200073242188,748.2249755859375,752.3099975585938,12324478
2026-06-05 10:30:00-04:00,748.1480102539062,750.7399291992188,747.5399780273438,749.2100219726562,5219735
2026-06-05 11:30:00-04:00,744.7401123046875,748.4199829101562,744.6199951171875,748.1099853515625,7222216
2026-06-05 12:30:00-04:00,744.030029296875,744.8099975585938,742.4600219726562,744.739990234375,10431221
2026-06-05 13:30:00-04:00,740.9000244140625,745.2949829101562,740.5,744.02001953125,10285858
2026-06-05 14:30:00-04:00,738.4500122070312,741.1400146484375,735.5250244140625,740.9000244140625,16033105
2026-06-05 15:30:00-04:00,737.4000244140625,739.7999877929688,736.9600219726562,738.4500122070312,14934583
2026-06-08 09:30:00-04:00,742.47998046875,744.510009765625,740.5999755859375,743.3599853515625,11167759
2026-06-08 10:30:00-04:00,743.22998046875,745.3400268554688,741.969970703125,742.4400024414062,5679999
2026-06-08 11:30:00-04:00,742.1400146484375,744.3499755859375,741.8699951171875,743.25,4298546
2026-06-08 12:30:00-04:00,742.030029296875,742.969970703125,740.0800170898438,742.1599731445312,4943512
2026-06-08 13:30:00-04:00,741.9600219726562,742.3900146484375,740.4000244140625,742.010009765625,4297783
2026-06-08 14:30:00-04:00,739.2000122070312,742.4500122070312,738.1900024414062,741.969970703125,5547239
2026-06-08 15:30:00-04:00,739.3099975585938,740.1799926757812,738.77001953125,739.2100219726562,5881438
2026-06-09 09:30:00-04:00,741.2100219726562,746.9000244140625,739.4199829101562,743.6300048828125,11226356
2026-06-09 10:30:00-04:00,731.0,741.7100219726562,730.77001953125,741.1699829101562,10019337
2026-06-09 11:30:00-04:00,727.3599853515625,732.75,725.2999877929688,731.0,12808370
2026-06-09 12:30:00-04:00,730.760009765625,731.280029296875,722.5900268554688,727.3400268554688,14021041
2026-06-09 13:30:00-04:00,735.0999755859375,735.1799926757812,730.2100219726562,730.780029296875,7955274
2026-06-09 14:30:00-04:00,734.5999755859375,737.6900024414062,733.2000122070312,735.1199951171875,7763086
2026-06-09 15:30:00-04:00,737.0599975585938,737.469970703125,732.530029296875,734.5800170898438,10798149
2026-06-10 09:30:00-04:00,737.25,738.3800048828125,731.5,733.3900146484375,11650589
2026-06-10 10:30:00-04:00,731.4299926757812,737.9500122070312,729.510009765625,737.219970703125,6846653
2026-06-10 11:30:00-04:00,730.6799926757812,732.77001953125,728.489990234375,731.489990234375,5780521
2026-06-10 12:30:00-04:00,729.5900268554688,732.3099975585938,728.6699829101562,730.6799926757812,3889305
2026-06-10 13:30:00-04:00,729.5499877929688,731.77001953125,727.8599853515625,729.5900268554688,4778001
2026-06-10 14:30:00-04:00,725.989990234375,729.580078125,725.47998046875,729.5750122070312,8266393
2026-06-10 15:30:00-04:00,725.4299926757812,727.8900146484375,725.3300170898438,725.989990234375,10533472
2026-06-11 09:30:00-04:00,728.8150024414062,731.5750122070312,726.3499755859375,728.760009765625,13356726
2026-06-11 10:30:00-04:00,727.1799926757812,730.0700073242188,724.405029296875,728.844970703125,6811564
2026-06-11 11:30:00-04:00,727.8800048828125,730.3099975585938,726.72998046875,727.1799926757812,5809538
2026-06-11 12:30:00-04:00,732.52001953125,732.6799926757812,725.260009765625,727.8800048828125,8766795
2026-06-11 13:30:00-04:00,734.52001953125,736.6199951171875,732.2249755859375,732.5399780273438,13607043
2026-06-11 14:30:00-04:00,737.9199829101562,738.239990234375,734.0499877929688,734.5499877929688,8609578
2026-06-11 15:30:00-04:00,737.6400146484375,740.0,737.3200073242188,737.9299926757812,16282891
2026-06-12 09:30:00-04:00,739.5900268554688,741.114990234375,735.030029296875,740.7100219726562,11180276
2026-06-12 10:30:00-04:00,744.1500244140625,744.4400024414062,737.1699829101562,739.5900268554688,6714507
2026-06-12 11:30:00-04:00,740.6099853515625,744.1900024414062,738.1699829101562,744.1599731445312,8575107
2026-06-12 12:30:00-04:00,742.0900268554688,743.0,740.260009765625,740.6199951171875,3739079
2026-06-12 13:30:00-04:00,741.260009765625,742.239990234375,740.4199829101562,742.1199951171875,4506230
2026-06-12 14:30:00-04:00,741.4199829101562,742.3350219726562,740.9500122070312,741.25,5456681
2026-06-12 15:30:00-04:00,741.6599731445312,742.0,740.0700073242188,741.4099731445312,6401646
2026-06-15 09:30:00-04:00,753.6500244140625,754.0900268554688,751.760009765625,751.8499755859375,9503307
2026-06-15 10:30:00-04:00,755.1400146484375,755.22998046875,752.9500122070312,753.6500244140625,4760946
2026-06-15 11:30:00-04:00,756.5,756.6799926757812,754.5,755.1199951171875,4867047
2026-06-15 12:30:00-04:00,756.1300048828125,756.6199951171875,755.0900268554688,756.47998046875,3993748
2026-06-15 13:30:00-04:00,754.719970703125,756.2999877929688,754.6500244140625,756.1199951171875,3578888
2026-06-15 14:30:00-04:00,754.3699951171875,755.469970703125,754.3599853515625,754.719970703125,6693824
2026-06-15 15:30:00-04:00,754.6599731445312,754.9400024414062,753.4000244140625,754.3699951171875,11698649
2026-06-16 09:30:00-04:00,753.0599975585938,755.4400024414062,753.0599975585938,754.5499877929688,6980002
2026-06-16 10:30:00-04:00,752.64990234375,753.9600219726562,752.27001953125,753.0650024414062,5567027
2026-06-16 11:30:00-04:00,753.3599853515625,753.969970703125,751.7100219726562,752.6599731445312,6496244
2026-06-16 12:30:00-04:00,752.1900024414062,753.4199829101562,751.8900146484375,753.3499755859375,4392504
2026-06-16 13:30:00-04:00,752.135009765625,752.6799926757812,751.4500122070312,752.1799926757812,4079127
2026-06-16 14:30:00-04:00,751.219970703125,752.25,750.0800170898438,752.1400146484375,6586043
2026-06-16 15:30:00-04:00,750.3499755859375,751.3200073242188,749.8800048828125,751.219970703125,11860081
2026-06-17 09:30:00-04:00,751.6900024414062,752.1500244140625,749.6099853515625,751.2899780273438,8522283
2026-06-17 10:30:00-04:00,750.0,751.72998046875,747.8699951171875,751.6887817382812,7106751
2026-06-17 11:30:00-04:00,750.760009765625,751.030029296875,749.760009765625,750.010009765625,3035787
2026-06-17 12:30:00-04:00,749.6599731445312,750.8610229492188,748.4199829101562,750.760009765625,3810026
2026-06-17 13:30:00-04:00,746.2249755859375,750.9099731445312,743.4661865234375,749.6599731445312,10111770
2026-06-17 14:30:00-04:00,742.0599975585938,750.3400268554688,741.780029296875,746.2100219726562,17837778
2026-06-17 15:30:00-04:00,740.9299926757812,742.3599853515625,739.22998046875,742.0599975585938,19088162
2026-06-18 09:30:00-04:00,745.3699951171875,748.2000122070312,743.8599853515625,747.760009765625,14763380
2026-06-18 10:30:00-04:00,745.3800048828125,747.3099975585938,744.4299926757812,745.3300170898438,4894836
2026-06-18 11:30:00-04:00,746.6500244140625,746.8800048828125,744.3309936523438,745.3800048828125,20896046
2026-06-18 12:30:00-04:00,747.5499877929688,748.1300048828125,746.2100219726562,746.6500244140625,5414417
2026-06-18 13:30:00-04:00,746.5,747.9600219726562,746.4199829101562,747.5700073242188,5209733
2026-06-18 14:30:00-04:00,746.010009765625,746.969970703125,745.2000122070312,746.510009765625,5147450
2026-06-18 15:30:00-04:00,746.5900268554688,748.22998046875,745.6099853515625,746.010009765625,11540450
2026-06-22 09:30:00-04:00,746.510009765625,750.1799926757812,746.4400024414062,747.7000122070312,7659258
2026-06-22 10:30:00-04:00,744.3900146484375,746.6099853515625,743.1500244140625,746.510009765625,5574433
2026-06-22 11:30:00-04:00,744.7849731445312,746.280029296875,743.5900268554688,744.3800048828125,4421455
2026-06-22 12:30:00-04:00,744.7000122070312,745.3099975585938,743.9600219726562,744.7899780273438,3058874
2026-06-22 13:30:00-04:00,745.1298828125,745.739990234375,743.97998046875,744.72998046875,4778323
2026-06-22 14:30:00-04:00,743.405029296875,745.5300903320312,743.2800903320312,745.1300048828125,5919565
2026-06-22 15:30:00-04:00,744.3800048828125,744.8699951171875,743.1300048828125,743.405029296875,9181588
2026-06-23 09:30:00-04:00,738.9000244140625,739.6300048828125,732.2999877929688,733.8099975585938,12468425
2026-06-23 10:30:00-04:00,734.5900268554688,739.1099853515625,734.260009765625,738.9000244140625,5074499
2026-06-23 11:30:00-04:00,737.3800048828125,737.669921875,734.2100219726562,734.5999755859375,4503403
2026-06-23 12:30:00-04:00,737.530029296875,738.0999755859375,736.510009765625,737.3800048828125,3212828
2026-06-23 13:30:00-04:00,735.4000244140625,738.030029296875,735.219970703125,737.5599975585938,4109325
2026-06-23 14:30:00-04:00,735.010009765625,735.5999755859375,733.3200073242188,735.3900146484375,10213893
2026-06-23 15:30:00-04:00,733.6699829101562,735.5599975585938,733.5,735.02001953125,15864367
2026-06-24 09:30:00-04:00,736.489990234375,737.7000122070312,734.1099853515625,735.1699829101562,9730442
2026-06-24 10:30:00-04:00,739.6400146484375,739.9450073242188,736.1599731445312,736.4600219726562,4994675
2026-06-24 11:30:00-04:00,738.0800170898438,739.9299926757812,737.8099975585938,739.6300048828125,2706556
2026-06-24 12:30:00-04:00,732.1599731445312,738.0999755859375,732.0599975585938,738.0900268554688,4762186
2026-06-24 13:30:00-04:00,734.3400268554688,734.6599731445312,731.280029296875,732.1599731445312,6045603
2026-06-24 14:30:00-04:00,731.97998046875,734.5700073242188,730.8400268554688,734.3519897460938,7264289
2026-06-24 15:30:00-04:00,733.0800170898438,733.3499755859375,730.9299926757812,731.969970703125,8698107
2026-06-25 09:30:00-04:00,735.4749755859375,739.3699951171875,729.5999755859375,738.9099731445312,12864340
2026-06-25 10:30:00-04:00,734.2899780273438,737.8200073242188,731.8499755859375,735.4400024414062,6625052
2026-06-25 11:30:00-04:00,734.1900024414062,736.27001953125,733.6699829101562,734.2899780273438,3730861
2026-06-25 12:30:00-04:00,733.260009765625,734.25,731.5,734.2249755859375,3234443
2026-06-25 13:30:00-04:00,735.8400268554688,736.0599975585938,731.3800048828125,733.27001953125,5410617
2026-06-25 14:30:00-04:00,732.3923950195312,735.8499755859375,731.8699951171875,735.8300170898438,5843823
2026-06-25 15:30:00-04:00,733.27001953125,733.3800048828125,731.3300170898438,732.3900146484375,7748399
2026-06-26 09:30:00-04:00,733.489990234375,734.2424926757812,726.8599853515625,728.9450073242188,9853564
2026-06-26 10:30:00-04:00,734.6699829101562,734.6699829101562,731.6005249023438,733.489990234375,4997069
2026-06-26 11:30:00-04:00,733.4199829101562,736.530029296875,732.739990234375,734.6699829101562,5834572
2026-06-26 12:30:00-04:00,734.719970703125,735.8599853515625,733.4000244140625,733.4000244140625,4887310
2026-06-26 13:30:00-04:00,732.8300170898438,735.3900146484375,732.739990234375,734.719970703125,4669134
2026-06-26 14:30:00-04:00,732.1900024414062,733.6699829101562,731.280029296875,732.8300170898438,8225074
2026-06-26 15:30:00-04:00,729.0800170898438,733.8599853515625,716.5800170898438,732.2000122070312,11940112
2026-06-29 09:30:00-04:00,736.0700073242188,739.89501953125,732.0900268554688,736.5250244140625,12165267
2026-06-29 10:30:00-04:00,737.77001953125,738.3200073242188,735.8800048828125,736.0800170898438,5804066
2026-06-29 11:30:00-04:00,738.3300170898438,739.1300048828125,737.2100219726562,737.760009765625,5679488
2026-06-29 12:30:00-04:00,740.1400146484375,740.375,737.969970703125,738.3400268554688,3772300
2026-06-29 13:30:00-04:00,740.2150268554688,740.8200073242188,739.97998046875,740.135009765625,3753772
2026-06-29 14:30:00-04:00,740.8699951171875,741.1900024414062,740.1500244140625,740.2150268554688,6234009
2026-06-29 15:30:00-04:00,740.8499755859375,741.5599975585938,740.22998046875,740.8699951171875,9675059
2026-06-30 09:30:00-04:00,744.47998046875,744.5750122070312,740.8900146484375,741.2899780273438,10350814
2026-06-30 10:30:00-04:00,745.260009765625,745.3800048828125,742.9299926757812,744.469970703125,4226880
2026-06-30 11:30:00-04:00,746.2899780273438,746.6199951171875,744.7940063476562,745.2750244140625,3672181
2026-06-30 12:30:00-04:00,746.489990234375,747.1400146484375,746.1199951171875,746.2899780273438,3158981
2026-06-30 13:30:00-04:00,746.7999877929688,747.0800170898438,746.1500244140625,746.510009765625,3189009
2026-06-30 14:30:00-04:00,747.4199829101562,748.02001953125,746.5599975585938,746.77001953125,5917429
2026-06-30 15:30:00-04:00,746.47998046875,747.8599853515625,746.3699951171875,747.4299926757812,12901546
2026-07-01 09:30:00-04:00,746.8200073242188,747.02001953125,742.375,745.0,10203327
2026-07-01 10:30:00-04:00,749.2899780273438,749.3200073242188,745.6900024414062,746.8200073242188,6121590
2026-07-01 11:30:00-04:00,748.9700927734375,749.4349975585938,748.3400268554688,749.280029296875,3165300
2026-07-01 12:30:00-04:00,747.9299926757812,749.2100219726562,747.0399780273438,748.97998046875,3257489
2026-07-01 13:30:00-04:00,747.1400146484375,748.1799926757812,746.7100219726562,747.9400024414062,2875250
2026-07-01 14:30:00-04:00,746.9400024414062,747.6900024414062,746.4500122070312,747.1300048828125,4148716
2026-07-01 15:30:00-04:00,745.7000122070312,747.3099975585938,745.1599731445312,746.9400024414062,8202050
2026-07-02 09:30:00-04:00,747.9400024414062,751.3099975585938,747.0999755859375,747.4000244140625,8848490
2026-07-02 10:30:00-04:00,744.9099731445312,749.3800048828125,744.2000122070312,747.9500122070312,6196242
2026-07-02 11:30:00-04:00,743.5399780273438,746.7100219726562,743.3699951171875,744.8800048828125,3966804
2026-07-02 12:30:00-04:00,741.530029296875,743.5700073242188,740.3699951171875,743.5599975585938,6493451
2026-07-02 13:30:00-04:00,742.719970703125,742.9000244140625,740.030029296875,741.5399780273438,4147807
2026-07-02 14:30:00-04:00,742.3099975585938,743.510009765625,741.27001953125,742.7100219726562,4678564
2026-07-02 15:30:00-04:00,744.8400268554688,745.5800170898438,742.1699829101562,742.3400268554688,10800864
2026-07-06 09:30:00-04:00,749.9400024414062,749.97998046875,747.4099731445312,748.739990234375,9502673
2026-07-06 10:30:00-04:00,750.760009765625,750.8099975585938,749.0999755859375,749.9299926757812,5007184
2026-07-06 11:30:00-04:00,750.6500244140625,751.1199951171875,750.3499755859375,750.780029296875,3857791
2026-07-06 12:30:00-04:00,750.7000122070312,751.530029296875,750.3699951171875,750.6500244140625,4006847
2026-07-06 13:30:00-04:00,751.3300170898438,751.6063842773438,749.6300048828125,750.7000122070312,3570667
2026-07-06 14:30:00-04:00,752.2899780273438,752.4099731445312,751.010009765625,751.3300170898438,5760478
2026-07-06 15:30:00-04:00,751.3099975585938,752.2899780273438,750.77001953125,752.280029296875,10857183
2026-07-07 09:30:00-04:00,746.7000122070312,750.9600219726562,746.0900268554688,750.219970703125,8890149
2026-07-07 10:30:00-04:00,746.3690185546875,747.010009765625,745.2100219726562,746.6799926757812,5436793
2026-07-07 11:30:00-04:00,748.77001953125,748.989990234375,745.4299926757812,746.3599853515625,4078018
2026-07-07 12:30:00-04:00,748.8400268554688,749.3400268554688,748.239990234375,748.7650146484375,3691978
2026-07-07 13:30:00-04:00,748.989990234375,749.2999877929688,748.6500244140625,748.8499755859375,2974819
2026-07-07 14:30:00-04:00,746.7000122070312,749.0700073242188,746.0,749.0,6988089
2026-07-07 15:30:00-04:00,747.7000122070312,747.969970703125,746.3800048828125,746.6699829101562,7041325
2026-07-08 09:30:00-04:00,743.1099853515625,744.9249877929688,742.6400146484375,743.1599731445312,10234656
2026-07-08 10:30:00-04:00,739.9400024414062,743.6900024414062,739.5499877929688,743.0900268554688,6071240
2026-07-08 11:30:00-04:00,743.0999755859375,743.469970703125,739.510009765625,739.9600219726562,4562954
2026-07-08 12:30:00-04:00,745.719970703125,745.780029296875,742.4500122070312,743.0900268554688,4222351
2026-07-08 13:30:00-04:00,744.6699829101562,746.0900268554688,743.9500122070312,745.72998046875,3657543
2026-07-08 14:30:00-04:00,745.1900024414062,745.7249755859375,744.260009765625,744.6699829101562,3204464
2026-07-08 15:30:00-04:00,745.2899780273438,746.1500244140625,744.4099731445312,745.2000122070312,5785310
2026-07-09 09:30:00-04:00,747.8798828125,749.22998046875,745.5900268554688,747.3499755859375,10117150
2026-07-09 10:30:00-04:00,749.7999877929688,749.97998046875,747.0999755859375,747.8599853515625,3400546
2026-07-09 11:30:00-04:00,750.6400146484375,750.8200073242188,749.4849853515625,749.780029296875,3846118
2026-07-09 12:30:00-04:00,751.7550048828125,751.7899780273438,750.239990234375,750.6400146484375,3163238
2026-07-09 13:30:00-04:00,751.4505004882812,751.969970703125,751.1799926757812,751.760009765625,3195501
2026-07-09 14:30:00-04:00,751.0999755859375,751.5894775390625,750.6600952148438,751.4500122070312,4391438
2026-07-09 15:30:00-04:00,751.6500244140625,751.6699829101562,750.8300170898438,751.0900268554688,6207463
2026-07-10 09:30:00-04:00,752.586181640625,753.3499755859375,751.7999877929688,752.0499877929688,5555228
2026-07-10 10:30:00-04:00,753.25,753.4199829101562,748.0999755859375,752.5858764648438,6378487
2026-07-10 11:30:00-04:00,753.2100219726562,753.6900024414062,751.3800048828125,753.25,3179216
2026-07-10 12:30:00-04:00,754.010009765625,754.1400146484375,753.030029296875,753.2100219726562,4675829
2026-07-10 13:30:00-04:00,754.4299926757812,754.719970703125,753.875,754.02001953125,3163801
2026-07-10 14:30:00-04:00,754.9600219726562,755.1799926757812,754.3099975585938,754.4199829101562,4724208
2026-07-10 15:30:00-04:00,754.9000244140625,755.4199829101562,754.5700073242188,754.9600219726562,7855821
2026-07-13 09:30:00-04:00,753.0900268554688,753.9105224609375,750.2999877929688,752.469970703125,8606011
2026-07-13 10:30:00-04:00,752.3800048828125,753.2999877929688,751.0,753.0900268554688,3363761
2026-07-13 11:30:00-04:00,750.2899780273438,752.5250244140625,749.9299926757812,752.3900146484375,3266766
2026-07-13 12:30:00-04:00,749.8099975585938,750.6599731445312,748.9299926757812,750.27001953125,4296059
2026-07-13 13:30:00-04:00,749.239990234375,750.260009765625,749.0399780273438,749.8099975585938,3602167
2026-07-13 14:30:00-04:00,748.3800048828125,750.0700073242188,748.1699829101562,749.239990234375,6714464
2026-07-13 15:30:00-04:00,749.0999755859375,749.6099853515625,748.0,748.3900146484375,9398292
2026-07-14 09:30:00-04:00,750.7100219726562,751.7899780273438,748.6599731445312,750.9099731445312,8234196
2026-07-14 10:30:00-04:00,752.6599731445312,753.3099975585938,750.469970703125,750.7100219726562,4855728
2026-07-14 11:30:00-04:00,750.780029296875,752.9000244140625,750.0,752.6400146484375,3827217
2026-07-14 12:30:00-04:00,752.2999877929688,752.6099853515625,750.6199951171875,750.780029296875,2404455
2026-07-14 13:30:00-04:00,752.5,752.77001953125,751.760009765625,752.3200073242188,2000351
2026-07-14 14:30:00-04:00,752.1500244140625,752.5999755859375,751.6599731445312,752.4849853515625,4908551
2026-07-14 15:30:00-04:00,751.8699951171875,752.52001953125,751.7100219726562,752.1599731445312,5518752
2026-07-15 09:30:00-04:00,754.6199951171875,755.5800170898438,753.1799926757812,754.239990234375,8400817
2026-07-15 10:30:00-04:00,753.60498046875,754.8699951171875,752.2000122070312,754.6400146484375,4580268
2026-07-15 11:30:00-04:00,750.8300170898438,753.8400268554688,750.4400024414062,753.5999755859375,4030525
2026-07-15 12:30:00-04:00,752.8099975585938,752.8499755859375,750.2000122070312,750.8099975585938,4393950
2026-07-15 13:30:00-04:00,754.635009765625,754.8400268554688,752.8099975585938,752.8099975585938,4361663
2026-07-15 14:30:00-04:00,753.6300048828125,754.9199829101562,753.0499877929688,754.635009765625,4333663
2026-07-15 15:30:00-04:00,754.72998046875,754.7999877929688,753.0900268554688,753.6300048828125,6612755
2026-07-16 09:30:00-04:00,754.3499755859375,754.3880004882812,750.6699829101562,752.760009765625,7814635
2026-07-16 10:30:00-04:00,753.8001098632812,754.5700073242188,752.97998046875,754.3400268554688,3992418
2026-07-16 11:30:00-04:00,751.9299926757812,754.405029296875,751.4500122070312,753.8200073242188,3778459
2026-07-16 12:30:00-04:00,752.7050170898438,752.969970703125,751.5900268554688,751.9400024414062,3553977
2026-07-16 13:30:00-04:00,750.9099731445312,752.8099975585938,750.4600219726562,752.7100219726562,4317091
2026-07-16 14:30:00-04:00,749.0999755859375,750.9299926757812,748.8599853515625,750.9199829101562,5428755
2026-07-16 15:30:00-04:00,750.760009765625,751.0399780273438,747.8800048828125,749.0800170898438,11103382
2026-07-17 09:30:00-04:00,746.3350219726562,747.2899780273438,740.7999877929688,742.0800170898438,15570728
2026-07-17 10:30:00-04:00,745.4450073242188,746.7899780273438,743.9600219726562,746.3400268554688,5938755
2026-07-17 11:30:00-04:00,745.9400024414062,747.0999755859375,744.4401245117188,745.4400024414062,7361998
2026-07-17 12:30:00-04:00,746.8699951171875,747.27001953125,745.5399780273438,745.9500122070312,4656864
2026-07-17 13:30:00-04:00,743.7100219726562,746.989990234375,743.239990234375,746.8800048828125,5091949
2026-07-17 14:30:00-04:00,743.1599731445312,744.6599731445312,742.1300048828125,743.6900024414062,5529061
2026-07-17 15:30:00-04:00,743.155029296875,744.4000244140625,742.5999755859375,743.1699829101562,8770712
2026-07-20 09:30:00-04:00,745.6799926757812,748.72998046875,744.260009765625,747.0599975585938,8300157
2026-07-20 10:30:00-04:00,745.8699951171875,745.969970703125,743.6900024414062,745.6900024414062,4622877
2026-07-20 11:30:00-04:00,746.5,747.0050048828125,745.0999755859375,745.8900146484375,3747077
2026-07-20 12:30:00-04:00,744.1199951171875,746.780029296875,743.5599975585938,746.489990234375,4593274
2026-07-20 13:30:00-04:00,744.469970703125,745.3800048828125,743.5900268554688,744.1300048828125,3862720
2026-07-20 14:30:00-04:00,742.72998046875,744.489990234375,741.5103149414062,744.469970703125,6658814
2026-07-20 15:30:00-04:00,742.1400146484375,743.3400268554688,741.6099853515625,742.739990234375,9175383
2026-07-21 09:30:00-04:00,746.8699951171875,746.989990234375,744.1799926757812,746.2899780273438,6299761
2026-07-21 10:30:00-04:00,748.0,748.010009765625,745.77001953125,746.8499755859375,3471078
2026-07-21 11:30:00-04:00,748.6599731445312,748.75,747.4099731445312,747.97998046875,2817872
2026-07-21 12:30:00-04:00,748.3599853515625,749.0399780273438,748.239990234375,748.6400146484375,3080036
2026-07-21 13:30:00-04:00,748.2100219726562,748.9299926757812,748.0650024414062,748.3599853515625,2756608
2026-07-21 14:30:00-04:00,748.260009765625,748.6400146484375,747.9400024414062,748.219970703125,2883218
2026-07-21 15:30:00-04:00,748.3300170898438,748.7000122070312,748.0900268554688,748.25,5062511
2026-07-22 09:30:00-04:00,747.2999877929688,749.3800048828125,746.3699951171875,746.6199951171875,5913859
2026-07-22 10:30:00-04:00,749.4099731445312,749.6799926757812,746.6799926757812,747.2899780273438,3701126
2026-07-22 11:30:00-04:00,749.8499755859375,750.02001953125,748.7506713867188,749.4199829101562,2425276
2026-07-22 12:30:00-04:00,749.0444946289062,750.0048217773438,748.9500122070312,749.8599853515625,3201541
2026-07-22 13:30:00-04:00,748.489990234375,749.4099731445312,748.010009765625,749.0499877929688,3025282
2026-07-22 14:30:00-04:00,748.0,748.5999755859375,747.6500244140625,748.489990234375,2827628
2026-07-22 15:30:00-04:00,747.3300170898438,748.2999877929688,747.2949829101562,748.0,6408942
2026-07-23 09:30:00-04:00,739.7999877929688,742.5599975585938,738.469970703125,739.3699951171875,11117515
2026-07-23 10:30:00-04:00,735.9298706054688,740.6400146484375,735.8099975585938,739.739990234375,7756709
2026-07-23 11:30:00-04:00,739.4500122070312,739.6599731445312,735.2100219726562,735.9099731445312,6386734
2026-07-23 12:30:00-04:00,738.75,739.719970703125,737.75,739.4500122070312,5211824
2026-07-23 13:30:00-04:00,737.4199829101562,738.7999877929688,736.8001098632812,738.739990234375,3159603
2026-07-23 14:30:00-04:00,737.47998046875,737.9000244140625,736.469970703125,737.4149780273438,4477325
2026-07-23 15:30:00-04:00,738.1699829101562,738.6400146484375,735.719970703125,737.489990234375,11577394
2026-07-24 09:30:00-04:00,739.1799926757812,739.9500122070312,737.4299926757812,738.510009765625,7995566
2026-07-24 10:30:00-04:00,742.6099853515625,743.1300048828125,737.4299926757812,739.1900024414062,6333285
2026-07-24 11:30:00-04:00,743.1900024414062,743.719970703125,742.0,742.5999755859375,3809137
2026-07-24 12:30:00-04:00,741.7100219726562,743.1900024414062,740.2301025390625,743.1699829101562,3254557
2026-07-24 13:30:00-04:00,739.0349731445312,742.169189453125,739.0,741.75,3260407
2026-07-24 14:30:00-04:00,737.6500244140625,739.1599731445312,737.2899780273438,739.0499877929688,7421123
2026-07-24 15:30:00-04:00,738.8599853515625,739.0999755859375,737.6400146484375,737.719970703125,8647889
2026-07-27 09:30:00-04:00,738.3150024414062,745.530029296875,738.2000122070312,744.9099731445312,9238383
2026-07-27 10:30:00-04:00,738.2899780273438,740.3099975585938,736.5399780273438,738.3300170898438,6741479
2026-07-27 11:30:00-04:00,738.719970703125,739.6799926757812,736.3350219726562,738.27001953125,3758801
2026-07-27 12:30:00-04:00,736.2000122070312,739.3499755859375,735.8699951171875,738.719970703125,2630089
2026-07-27 13:30:00-04:00,737.6199951171875,737.969970703125,736.1799926757812,736.219970703125,2354984
2026-07-27 14:30:00-04:00,739.6500244140625,739.77001953125,736.6199951171875,737.6400146484375,4217296
2026-07-27 15:30:00-04:00,739.02001953125,739.8499755859375,738.5,739.6500244140625,8369856
2026-07-28 09:30:00-04:00,737.7000122070312,739.47998046875,735.97998046875,739.1900024414062,9959478
2026-07-28 10:30:00-04:00,741.2000122070312,741.9000244140625,737.1500244140625,737.719970703125,6788635
2026-07-28 11:30:00-04:00,741.2100219726562,742.4500122070312,740.9910278320312,741.1699829101562,3277020
2026-07-28 12:30:00-04:00,741.3099975585938,742.7901000976562,740.9199829101562,741.22998046875,3094566
2026-07-28 13:30:00-04:00,740.5900268554688,741.9199829101562,740.4199829101562,741.2999877929688,2867599
2026-07-28 14:30:00-04:00,741.7000122070312,741.9600219726562,740.5,740.5900268554688,5296747
2026-07-28 15:30:00-04:00,740.760009765625,741.72998046875,740.4299926757812,741.7100219726562,8721310
2026-07-29 09:30:00-04:00,734.9199829101562,740.3900146484375,734.260009765625,739.969970703125,8965662
2026-07-29 10:30:00-04:00,734.4403076171875,735.8400268554688,733.7899780273438,734.9099731445312,4396283
2026-07-29 11:30:00-04:00,733.8499755859375,734.989990234375,731.72998046875,734.4199829101562,4102128
2026-07-29 12:30:00-04:00,735.739990234375,737.239990234375,732.8800048828125,733.8400268554688,4397315
2026-07-29 13:30:00-04:00,737.3099975585938,739.5499877929688,735.27001953125,735.75,6285162
2026-07-29 14:30:00-04:00,735.1500244140625,742.6799926757812,734.2805786132812,737.3599853515625,10605425
2026-07-29 15:30:00-04:00,729.5399780273438,735.739990234375,729.0999755859375,735.2100219726562,19745974
2026-07-30 09:30:00-04:00,738.5797729492188,739.2999877929688,734.6300048828125,736.0499877929688,13463030
2026-07-30 10:30:00-04:00,734.7999877929688,739.1099853515625,734.5900268554688,738.6400146484375,8040164
2026-07-30 11:30:00-04:00,738.760009765625,739.219970703125,734.6799926757812,734.8400268554688,5859727
2026-07-30 12:30:00-04:00,739.760009765625,740.239990234375,737.7550048828125,738.77001953125,4078961
2026-07-30 13:30:00-04:00,740.3800048828125,740.4400024414062,739.1900024414062,739.7650146484375,4210045
2026-07-30 14:30:00-04:00,741.780029296875,742.4500122070312,740.030029296875,740.4000244140625,5744626
2026-07-30 15:30:00-04:00,741.72998046875,742.0999755859375,741.0,741.77001953125,12583754
2026-07-31 09:30:00-04:00,740.489990234375,746.301025390625,737.6799926757812,744.6799926757812,13848594
2026-07-31 10:30:00-04:00,740.2999877929688,743.0999755859375,740.0900268554688,740.47998046875,5629468
2026-07-31 11:30:00-04:00,744.4199829101562,744.4299926757812,739.8099975585938,740.2899780273438,4585483
2026-07-31 12:30:00-04:00,746.2899780273438,746.4000244140625,743.989990234375,744.4299926757812,4072705
2026-07-31 13:30:00-04:00,746.010009765625,746.5,745.1900024414062,746.2999877929688,5316189
2026-07-31 14:30:00-04:00,747.489990234375,747.9199829101562,745.6699829101562,746.0399780273438,7842744
2026-07-31 15:30:00-04:00,746.8099975585938,748.89501953125,746.3400268554688,747.489990234375,10315583
2026-08-03 09:30:00-04:00,754.5,754.780029296875,749.0999755859375,749.4400024414062,12174130
2026-08-03 10:30:00-04:00,755.1099853515625,755.7000122070312,754.3099975585938,754.5,7536912
2026-08-03 11:30:00-04:00,756.5700073242188,756.5999755859375,755.0750122070312,755.1199951171875,6550543
2026-08-03 12:30:00-04:00,757.0850219726562,757.155029296875,755.97998046875,756.5700073242188,4930786
2026-08-03 13:30:00-04:00,757.5700073242188,758.3300170898438,757.010009765625,757.083984375,6903025
2026-08-03 14:30:00-04:00,758.3400268554688,758.5800170898438,757.3400268554688,757.5800170898438,5423773
2026-08-03 15:30:00-04:00,757.6699829101562,758.510009765625,757.4400024414062,758.3499755859375,8420290
2026-08-04 09:30:00-04:00,764.489990234375,765.3828125,760.52001953125,760.6300048828125,10893632
2026-08-04 10:30:00-04:00,767.3499755859375,767.8699951171875,764.0999755859375,764.489990234375,7753002
2026-08-04 11:30:00-04:00,769.239990234375,769.3400268554688,767.1599731445312,767.3400268554688,7527408
2026-08-04 12:30:00-04:00,771.280029296875,771.60498046875,769.0,769.219970703125,6792384
2026-08-04 13:30:00-04:00,772.3699951171875,773.0850219726562,770.9650268554688,771.2899780273438,7058214
2026-08-04 14:30:00-04:00,772.3200073242188,773.1199951171875,771.4099731445312,772.3798828125,7605202
2026-08-04 15:30:00-04:00,771.280029296875,773.4099731445312,770.9600219726562,772.3099975585938,11014737
2026-08-05 09:30:00-04:00,774.7808837890625,776.8499755859375,774.3900146484375,775.8499755859375,10088617
2026-08-05 10:30:00-04:00,771.7100219726562,775.0200805664062,771.0,774.780029296875,6645150
2026-08-05 11:30:00-04:00,772.0999755859375,772.52001953125,769.9099731445312,771.7000122070312,5430021
2026-08-05 12:30:00-04:00,771.3400268554688,772.219970703125,771.010009765625,772.0900268554688,3694109
2026-08-05 13:30:00-04:00,771.9400024414062,772.25,771.0700073242188,771.3300170898438,3195580
2026-08-05 14:30:00-04:00,771.7999267578125,771.989013671875,771.2000122070312,771.9299926757812,4321976
2026-08-05 15:30:00-04:00,769.739990234375,771.8900146484375,769.510009765625,771.780029296875,5981520
2026-08-06 09:30:00-04:00,770.4500122070312,771.8200073242188,769.0576171875,770.2100219726562,5639188
2026-08-06 10:30:00-04:00,769.239990234375,771.2100219726562,768.6199951171875,770.4500122070312,4867441
2026-08-06 11:30:00-04:00,768.260009765625,769.780029296875,767.4600219726562,769.239990234375,5594627
2026-08-06 12:30:00-04:00,767.8300170898438,769.1799926757812,767.8099975585938,768.27001953125,2870057
2026-08-06 13:30:00-04:00,769.4299926757812,769.72998046875,767.719970703125,767.8300170898438,3787464
2026-08-06 14:30:00-04:00,768.6599731445312,769.7899780273438,768.5150146484375,769.4299926757812,3870359
2026-08-06 15:30:00-04:00,768.530029296875,769.0,767.7000122070312,768.655029296875,6407328
2026-08-07 09:30:00-04:00,773.1900024414062,773.2899780273438,769.6199951171875,771.02001953125,8172482
2026-08-07 10:30:00-04:00,773.6500244140625,773.8900146484375,771.7100219726562,773.1599731445312,4737507
2026-08-07 11:30:00-04:00,771.7249755859375,773.9149780273438,771.333984375,773.6599731445312,3896661
2026-08-07 12:30:00-04:00,772.0900268554688,772.8599853515625,771.0615234375,771.7349853515625,4035384
2026-08-07 13:30:00-04:00,771.47998046875,772.4600219726562,771.4500122070312,772.1099853515625,2849368
2026-08-07 14:30:00-04:00,773.0750122070312,773.4500122070312,770.8900146484375,771.4749755859375,4911310
2026-08-07 15:30:00-04:00,773.1199951171875,773.8300170898438,772.52001953125,773.0800170898438,6476842
2026-08-10 09:30:00-04:00,774.35498046875,774.4600219726562,772.5,772.5999755859375,7385084
2026-08-10 10:30:00-04:00,773.739990234375,775.0499877929688,773.3099975585938,774.35498046875,5129386
2026-08-10 11:30:00-04:00,773.3699951171875,774.4349975585938,773.1599731445312,773.760009765625,2918625
2026-08-10 12:30:00-04:00,773.1094970703125,773.4879760742188,771.6199951171875,773.3699951171875,3738808
2026-08-10 13:30:00-04:00,772.530029296875,773.260009765625,772.489990234375,773.1099853515625,2938133
2026-08-10 14:30:00-04:00,772.9299926757812,773.4400024414062,772.3200073242188,772.52001953125,4277589
2026-08-10 15:30:00-04:00,773.0700073242188,773.2899780273438,772.3150024414062,772.9450073242188,5564997
2026-08-11 09:30:00-04:00,773.8699951171875,774.5399780273438,772.5800170898438,774.530029296875,5282688
2026-08-11 10:30:00-04:00,772.4010009765625,774.0349731445312,772.2000122070312,773.8800048828125,3830283
2026-08-11 11:30:00-04:00,771.8189697265625,772.5599975585938,771.3800048828125,772.4099731445312,4880946
2026-08-11 12:30:00-04:00,770.8499755859375,772.010009765625,770.260009765625,771.8175048828125,3393060
2026-08-11 13:30:00-04:00,769.5,771.35498046875,769.2000122070312,770.8499755859375,2782360
2026-08-11 14:30:00-04:00,770.6300048828125,770.6900024414062,769.5150146484375,769.52001953125,3974168
2026-08-11 15:30:00-04:00,770.47998046875,771.094970703125,769.7899780273438,770.6300048828125,5268913
2026-08-12 09:30:00-04:00,772.7949829101562,774.9000244140625,771.8800048828125,774.7100219726562,7495206
2026-08-12 10:30:00-04:00,772.3699951171875,773.2000122070312,771.2899780273438,772.7899780273438,3987082
2026-08-12 11:30:00-04:00,772.4500122070312,772.6699829101562,771.5599975585938,772.4000244140625,2831092
2026-08-12 12:30:00-04:00,772.780029296875,773.2899780273438,772.1799926757812,772.4500122070312,2563103
2026-08-12 13:30:00-04:00,773.0900268554688,773.3099975585938,772.6414184570312,772.8300170898438,2417715
2026-08-12 14:30:00-04:00,772.97998046875,773.6300048828125,772.7999877929688,773.0900268554688,3292306
2026-08-12 15:30:00-04:00,772.52001953125,773.02001953125,772.0,772.97998046875,3814325
2026-08-13 09:30:00-04:00,779.1900024414062,779.25,774.1199951171875,774.8699951171875,6564966
2026-08-13 10:30:00-04:00,776.1699829101562,779.3699951171875,775.9199829101562,779.1900024414062,5091661
2026-08-13 11:30:00-04:00,776.52001953125,776.52001953125,775.3800048828125,776.1799926757812,3764610
2026-08-13 12:30:00-04:00,777.1099853515625,777.47998046875,776.2050170898438,776.5250244140625,2006579
2026-08-13 13:30:00-04:00,776.97998046875,777.239990234375,776.6199951171875,777.0999755859375,2391794
2026-08-13 14:30:00-04:00,778.0300903320312,778.4299926757812,776.989990234375,776.989990234375,3430434
2026-08-13 15:30:00-04:00,777.780029296875,778.239990234375,777.3499755859375,778.030029296875,7004942
2026-08-14 09:30:00-04:00,777.4099731445312,778.7999877929688,777.1300048828125,778.5399780273438,4960423
2026-08-14 10:30:00-04:00,776.2999877929688,777.47998046875,775.8599853515625,777.4000244140625,3552973
2026-08-14 11:30:00-04:00,776.7100219726562,776.8200073242188,775.8099975585938,776.2899780273438,3796855
2026-08-14 12:30:00-04:00,775.77001953125,776.7349853515625,775.6300048828125,776.7000122070312,2305780
2026-08-14 13:30:00-04:00,775.9249877929688,776.3300170898438,775.4301147460938,775.780029296875,2784576
2026-08-14 14:30:00-04:00,776.155029296875,776.4918823242188,775.8200073242188,775.9299926757812,3082814
2026-08-14 15:30:00-04:00,776.2999877929688,776.4199829101562,775.9199829101562,776.155029296875,3780375
2026-08-17 09:30:00-04:00,775.4600219726562,776.7750244140625,775.0,776.1799926757812,4990638
2026-08-17 10:30:00-04:00,775.7150268554688,775.8599853515625,774.8900146484375,775.4500122070312,3043220
2026-08-17 11:30:00-04:00,775.2899780273438,775.8200073242188,774.7100219726562,775.7150268554688,2480472
2026-08-17 12:30:00-04:00,773.5800170898438,775.4099731445312,773.469970703125,775.2999877929688,2932105
2026-08-17 13:30:00-04:00,773.5900268554688,773.8599853515625,773.0999755859375,773.5700073242188,3486505
2026-08-17 14:30:00-04:00,773.1199951171875,773.8200073242188,773.1199951171875,773.5800170898438,3522124
2026-08-17 15:30:00-04:00,772.6799926757812,773.3599853515625,772.510009765625,773.1300048828125,8585280
2026-08-18 09:30:00-04:00,768.6599731445312,769.5,767.6300048828125,768.7000122070312,8792803
2026-08-18 10:30:00-04:00,767.8400268554688,769.25,767.3300170898438,768.6400146484375,4725596
2026-08-18 11:30:00-04:00,768.2100219726562,768.8699951171875,767.5999755859375,767.85498046875,2955402
2026-08-18 12:30:00-04:00,768.2999877929688,768.8699951171875,768.0700073242188,768.1900024414062,2213139
2026-08-18 13:30:00-04:00,768.3599853515625,768.5650024414062,767.4500122070312,768.2899780273438,3706687
2026-08-18 14:30:00-04:00,768.02001953125,768.4299926757812,767.5599975585938,768.35498046875,3197219
2026-08-18 15:30:00-04:00,767.3900146484375,768.219970703125,766.9249877929688,768.0150146484375,9875618
2026-08-19 09:30:00-04:00,770.030029296875,770.6300048828125,768.0999755859375,770.3599853515625,7718112
2026-08-19 10:30:00-04:00,771.1087036132812,772.469970703125,769.8101806640625,769.97998046875,3916155
2026-08-19 11:30:00-04:00,770.6699829101562,771.989990234375,770.0700073242188,771.1300048828125,3117626
2026-08-19 12:30:00-04:00,769.5700073242188,770.7550048828125,769.02001953125,770.6799926757812,3446573
2026-08-19 13:30:00-04:00,769.5800170898438,770.5499877929688,768.9600219726562,769.5800170898438,2804514
2026-08-19 14:30:00-04:00,769.6300048828125,770.0900268554688,769.4299926757812,769.5800170898438,3816869
2026-08-19 15:30:00-04:00,769.0900268554688,770.3800048828125,768.2000122070312,769.6500244140625,7792943
2026-08-20 09:30:00-04:00,766.219970703125,767.75,765.3599853515625,765.9600219726562,7243617
2026-08-20 10:30:00-04:00,766.75,768.1500244140625,765.9299926757812,766.2050170898438,5454696
2026-08-20 11:30:00-04:00,765.7449951171875,766.8699951171875,765.22998046875,766.739990234375,3494078
2026-08-20 12:30:00-04:00,764.780029296875,766.6400146484375,764.7100219726562,765.739990234375,3195100
2026-08-20 13:30:00-04:00,763.5599975585938,765.010009765625,763.1500244140625,764.780029296875,4007630
2026-08-20 14:30:00-04:00,763.489990234375,763.8499755859375,763.1699829101562,763.5650024414062,4737117
2026-08-20 15:30:00-04:00,762.6400146484375,763.6500244140625,762.0399780273438,763.47998046875,10764600
2026-08-21 09:30:00-04:00,764.6500244140625,766.1400146484375,764.1699829101562,766.0499877929688,8196500
2026-08-21 10:30:00-04:00,765.9550170898438,766.4099731445312,764.2150268554688,764.6500244140625,3933001
2026-08-21 11:30:00-04:00,766.5150146484375,767.8499755859375,765.8200073242188,765.9600219726562,7924032
2026-08-21 12:30:00-04:00,765.7999877929688,766.5700073242188,765.7050170898438,766.510009765625,2942505
2026-08-21 13:30:00-04:00,765.2849731445312,765.9000244140625,765.260009765625,765.8200073242188,1961484
2026-08-21 14:30:00-04:00,766.0499877929688,766.364990234375,765.0599975585938,765.27001953125,3759870
2026-08-21 15:30:00-04:00,765.6500244140625,766.7999877929688,765.3400268554688,766.0499877929688,5960378
2026-08-24 09:30:00-04:00,762.9199829101562,764.8099975585938,762.0800170898438,764.780029296875,7717838
2026-08-24 10:30:00-04:00,763.7401123046875,764.1099853515625,762.3699951171875,762.9199829101562,5579935
2026-08-24 11:30:00-04:00,764.8900146484375,765.219970703125,763.4000244140625,763.739990234375,2992867
2026-08-24 12:30:00-04:00,763.4000244140625,765.0,763.3350219726562,764.9099731445312,2448660
2026-08-24 13:30:00-04:00,764.7999877929688,764.8400268554688,763.0499877929688,763.3800048828125,2635341
2026-08-24 14:30:00-04:00,763.9600219726562,765.1099853515625,763.8099975585938,764.7999877929688,2375469
2026-08-24 15:30:00-04:00,763.47998046875,764.239990234375,763.3499755859375,763.9600219726562,4502031
2026-08-25 09:30:00-04:00,764.7000122070312,766.780029296875,764.6799926757812,766.1599731445312,5513713
2026-08-25 10:30:00-04:00,765.3099975585938,765.3900146484375,763.0501098632812,764.7000122070312,3872356
2026-08-25 11:30:00-04:00,765.760009765625,765.8499755859375,764.5999755859375,765.3200073242188,2818368
2026-08-25 12:30:00-04:00,764.8200073242188,765.9500122070312,764.6300048828125,765.75,1879373
2026-08-25 13:30:00-04:00,764.969970703125,765.1599731445312,764.719970703125,764.8200073242188,2815280
2026-08-25 14:30:00-04:00,765.1500244140625,765.8699951171875,764.8699951171875,764.969970703125,3501430
2026-08-25 15:30:00-04:00,765.8350219726562,766.219970703125,765.010009765625,765.1699829101562,4402843
2026-08-26 09:30:00-04:00,765.0800170898438,766.9600219726562,764.6799926757812,764.72998046875,4481235
2026-08-26 10:30:00-04:00,765.8499755859375,766.469970703125,764.9199829101562,765.0700073242188,2619262
2026-08-26 11:30:00-04:00,764.7999877929688,766.3099975585938,764.72998046875,765.8400268554688,2611433
2026-08-26 12:30:00-04:00,765.6500244140625,765.719970703125,763.9299926757812,764.7949829101562,2779033
2026-08-26 13:30:00-04:00,765.6099853515625,765.97998046875,765.3499755859375,765.6500244140625,2266568
2026-08-26 14:30:00-04:00,766.8900146484375,767.3499755859375,765.52001953125,765.6099853515625,3674064
2026-08-26 15:30:00-04:00,766.010009765625,767.2100219726562,765.489990234375,766.9000244140625,5080542
2026-08-27 09:30:00-04:00,769.6749877929688,769.8800048828125,767.1599731445312,768.5,8247943
2026-08-27 10:30:00-04:00,770.3150024414062,771.0999755859375,769.0599975585938,769.6998901367188,2911786
2026-08-27 11:30:00-04:00,770.9099731445312,770.969970703125,769.3900146484375,770.3099975585938,2969743
2026-08-27 12:30:00-04:00,771.75,772.35498046875,770.8200073242188,770.9099731445312,2858782
2026-08-27 13:30:00-04:00,769.4600219726562,772.0599975585938,769.260009765625,771.75,3207478
2026-08-27 14:30:00-04:00,769.9400024414062,770.280029296875,769.1599731445312,769.469970703125,4031698
2026-08-27 15:30:00-04:00,771.0399780273438,771.3599853515625,769.8699951171875,769.9450073242188,5493749
2026-08-28 09:30:00-04:00,771.2999877929688,773.1300048828125,769.77001953125,771.760009765625,6970685
2026-08-28 10:30:00-04:00,774.9500122070312,775.2999877929688,770.9000244140625,771.2999877929688,5087132
2026-08-28 11:30:00-04:00,769.5999755859375,775.0,769.1400146484375,774.969970703125,5024393
2026-08-28 12:30:00-04:00,768.8200073242188,770.7000122070312,768.3076171875,769.5999755859375,3734084
2026-08-28 13:30:00-04:00,769.0599975585938,769.7999877929688,768.5999755859375,768.8400268554688,2077832
2026-08-28 14:30:00-04:00,769.5150146484375,769.5900268554688,768.3099975585938,769.0499877929688,3311775
2026-08-28 15:30:00-04:00,769.3800048828125,769.8800048828125,769.02001953125,769.510009765625,6017243
2026-08-31 09:30:00-04:00,764.9299926757812,767.6199951171875,764.7150268554688,767.3300170898438,6259813
2026-08-31 10:30:00-04:00,765.9400024414062,766.4600219726562,764.7999877929688,764.885009765625,2886292
2026-08-31 11:30:00-04:00,765.9000244140625,766.3400268554688,764.97998046875,765.9500122070312,2406276
2026-08-31 12:30:00-04:00,765.4199829101562,766.0599975585938,765.1900024414062,765.8948974609375,1973206
2026-08-31 13:30:00-04:00,766.2999877929688,766.8400268554688,765.1699829101562,765.4249877929688,2261205
2026-08-31 14:30:00-04:00,766.635009765625,766.75,765.0499877929688,766.2999877929688,3819417
2026-08-31 15:30:00-04:00,766.9500122070312,767.9949951171875,766.1799926757812,766.6199951171875,10900072
2026-09-01 09:30:00-04:00,763.7694702148438,764.0,761.1799926757812,762.010009765625,6979748
2026-09-01 10:30:00-04:00,763.5900268554688,764.5499877929688,762.6699829101562,763.760009765625,3818319
2026-09-01 11:30:00-04:00,762.5399169921875,764.6699829101562,762.2899780273438,763.5900268554688,3818413
2026-09-01 12:30:00-04:00,761.6799926757812,762.6300048828125,760.72998046875,762.5399780273438,3533088
2026-09-01 13:30:00-04:00,761.2100219726562,762.22998046875,761.0700073242188,761.6799926757812,3338785
2026-09-01 14:30:00-04:00,761.3599853515625,761.6099853515625,759.47998046875,761.2199096679688,5374347
2026-09-01 15:30:00-04:00,761.7000122070312,761.75,760.5800170898438,761.39990234375,6577184
2026-09-02 09:30:00-04:00,765.27001953125,765.5850219726562,761.72998046875,762.4500122070312,6180443
2026-09-02 10:30:00-04:00,766.2949829101562,766.4000244140625,764.9299926757812,765.2750244140625,3099611
2026-09-02 11:30:00-04:00,764.8499755859375,766.4299926757812,764.6900024414062,766.3250122070312,1997486
2026-09-02 12:30:00-04:00,764.7100219726562,765.47998046875,764.4600219726562,764.8499755859375,1605764
2026-09-02 13:30:00-04:00,765.3200073242188,766.0899047851562,764.3499755859375,764.75,2589773
2026-09-02 14:30:00-04:00,765.47998046875,765.5252075195312,764.5900268554688,765.3400268554688,3799607
2026-09-02 15:30:00-04:00,765.1500244140625,765.4849853515625,764.75,765.469970703125,3858580
2026-09-03 09:30:00-04:00,768.6699829101562,770.0449829101562,767.530029296875,768.4299926757812,9104363
2026-09-03 10:30:00-04:00,772.9400024414062,772.9500122070312,767.469970703125,768.6699829101562,5999619
2026-09-03 11:30:00-04:00,772.4349975585938,773.3200073242188,772.2100219726562,772.9400024414062,4057792
2026-09-03 12:30:00-04:00,772.668701171875,773.22998046875,772.1199951171875,772.4500122070312,2306017
2026-09-03 13:30:00-04:00,773.72998046875,774.030029296875,772.6475219726562,772.6500244140625,2980553
2026-09-03 14:30:00-04:00,773.4099731445312,773.9000244140625,773.1300048828125,773.7589721679688,4266194
2026-09-03 15:30:00-04:00,773.1099853515625,773.5499877929688,772.7000122070312,773.4149780273438,7413346
2026-09-04 09:30:00-04:00,771.2100219726562,772.8699951171875,770.760009765625,772.010009765625,7129843
2026-09-04 10:30:00-04:00,769.4299926757812,771.2899780273438,769.0499877929688,771.2050170898438,4134177
2026-09-04 11:30:00-04:00,770.6599731445312,771.1500244140625,769.0,769.47998046875,2571703
2026-09-04 12:30:00-04:00,769.8519897460938,771.3200073242188,769.7999877929688,770.6599731445312,2037262
2026-09-04 13:30:00-04:00,769.8800048828125,769.989990234375,769.1300048828125,769.8499755859375,2723039
2026-09-04 14:30:00-04:00,770.010009765625,770.3800048828125,769.5900268554688,769.8900146484375,3724303
2026-09-04 15:30:00-04:00,770.239990234375,770.47998046875,769.6300048828125,770.0,5883724
2026-09-08 09:30:00-04:00,766.7000122070312,769.6900024414062,765.989990234375,769.0700073242188,8113703
2026-09-08 10:30:00-04:00,767.8049926757812,768.3699951171875,766.4400024414062,766.7000122070312,3790656
2026-09-08 11:30:00-04:00,767.0999755859375,768.0800170898438,766.8099975585938,767.7999877929688,3409412
2026-09-08 12:30:00-04:00,767.4749755859375,768.1199951171875,766.5499877929688,767.0999755859375,2879595
2026-09-08 13:30:00-04:00,767.7650146484375,767.8900146484375,767.3150024414062,767.489990234375,2380970
2026-09-08 14:30:00-04:00,766.97998046875,767.7899780273438,765.6699829101562,767.77001953125,4521811
2026-09-08 15:30:00-04:00,765.989990234375,767.1500244140625,765.1400146484375,766.969970703125,8039756
2026-09-09 09:30:00-04:00,763.97998046875,764.3800048828125,762.489990234375,764.0800170898438,5721475
2026-09-09 10:30:00-04:00,761.5399780273438,764.469970703125,760.9400024414062,763.969970703125,4021412
2026-09-09 11:30:00-04:00,761.6300048828125,763.095703125,761.3200073242188,761.5401000976562,3137562
2026-09-09 12:30:00-04:00,762.9199829101562,763.2899780273438,761.5800170898438,761.614990234375,2464606
2026-09-09 13:30:00-04:00,762.8400268554688,763.3200073242188,762.280029296875,762.9299926757812,2394831
2026-09-09 14:30:00-04:00,763.0999755859375,763.4097290039062,762.5900268554688,762.844970703125,3096545
2026-09-09 15:30:00-04:00,762.3900146484375,763.2100219726562,762.0999755859375,763.0999755859375,7380266
2026-09-10 09:30:00-04:00,758.7100219726562,760.1099853515625,756.6400146484375,758.030029296875,13089113
2026-09-10 10:30:00-04:00,759.1849975585938,759.5999755859375,758.4304809570312,758.7150268554688,5581235
2026-09-10 11:30:00-04:00,758.0850219726562,759.969970703125,757.7899780273438,759.1900024414062,3338298
2026-09-10 12:30:00-04:00,758.5900268554688,759.8499755859375,757.260009765625,758.0800170898438,3300685
2026-09-10 13:30:00-04:00,757.6900024414062,758.77001953125,757.469970703125,758.5800170898438,2667868
2026-09-10 14:30:00-04:00,757.614990234375,758.3900146484375,757.2598876953125,757.6699829101562,4170025
2026-09-10 15:30:00-04:00,757.8800048828125,758.2899780273438,757.4400024414062,757.6099853515625,6478162
2026-09-11 09:30:00-04:00,765.72998046875,766.3800048828125,764.2249755859375,764.719970703125,9896504
2026-09-11 10:30:00-04:00,766.0,766.239990234375,763.5999755859375,765.75,4650897
2026-09-11 11:30:00-04:00,764.9199829101562,766.27001953125,764.8699951171875,765.97998046875,4555860
2026-09-11 12:30:00-04:00,765.9949951171875,766.3300170898438,764.8099975585938,764.9400024414062,4493751
2026-09-11 13:30:00-04:00,765.4099731445312,766.260009765625,765.1400146484375,765.9949951171875,3715871
2026-09-11 14:30:00-04:00,765.02001953125,765.5800170898438,764.5499877929688,765.4199829101562,4066345
2026-09-11 15:30:00-04:00,764.1799926757812,765.1300048828125,764.0399780273438,765.0250244140625,8516463
2026-09-14 09:30:00-04:00,758.8400268554688,761.114990234375,758.22998046875,759.0,7891252
2026-09-14 10:30:00-04:00,759.594970703125,759.8952026367188,757.9299926757812,758.8250122070312,4936022
2026-09-14 11:30:00-04:00,762.02001953125,762.5999755859375,759.4500122070312,759.5499877929688,4618465
2026-09-14 12:30:00-04:00,762.6799926757812,763.52001953125,761.8300170898438,762.010009765625,2920398
2026-09-14 13:30:00-04:00,762.0108032226562,762.8699951171875,761.91748046875,762.7150268554688,3422750
2026-09-14 14:30:00-04:00,761.7249755859375,762.7000122070312,761.6099853515625,762.0399780273438,9034005
2026-09-14 15:30:00-04:00,760.77001953125,761.9299926757812,760.6599731445312,761.7249755859375,6762840
2026-09-15 09:30:00-04:00,757.47998046875,760.3400268554688,757.1799926757812,760.1170043945312,6897799
2026-09-15 10:30:00-04:00,757.47998046875,757.6500244140625,756.1500244140625,757.469970703125,5350633
2026-09-15 11:30:00-04:00,757.5750122070312,757.8699951171875,756.6300048828125,757.47998046875,3156098
2026-09-15 12:30:00-04:00,756.8800048828125,758.0599975585938,756.5999755859375,757.5800170898438,2972004
2026-09-15 13:30:00-04:00,757.6699829101562,757.9349975585938,756.8150024414062,756.8599853515625,2083828
2026-09-15 14:30:00-04:00,756.9849853515625,757.6599731445312,756.739990234375,757.6599731445312,9538179
2026-09-15 15:30:00-04:00,757.4199829101562,757.4600219726562,756.510009765625,756.97998046875,6632344
2026-09-16 09:30:00-04:00,758.9600219726562,760.4299926757812,758.7230224609375,759.5399780273438,5888196
2026-09-16 10:30:00-04:00,760.340087890625,761.030029296875,758.7999877929688,758.9738159179688,4203191
2026-09-16 11:30:00-04:00,760.1400146484375,761.6699829101562,759.8599853515625,760.3699951171875,3050881
2026-09-16 12:30:00-04:00,759.9299926757812,760.219970703125,759.260009765625,760.1300048828125,2179494
2026-09-16 13:30:00-04:00,759.6799926757812,761.2249755859375,758.77001953125,759.9349975585938,5298056
2026-09-16 14:30:00-04:00,751.260009765625,760.2100219726562,749.5999755859375,759.6400146484375,16431381
2026-09-16 15:30:00-04:00,754.0700073242188,754.3699951171875,751.1099853515625,751.239990234375,12943928
2026-09-17 09:30:00-04:00,761.6749877929688,763.4099731445312,759.9600219726562,763.1500244140625,10332799
2026-09-17 10:30:00-04:00,761.5700073242188,762.219970703125,760.3599853515625,761.6699829101562,4601509
2026-09-17 11:30:00-04:00,762.530029296875,762.6300048828125,761.4849853515625,761.5700073242188,3172677
2026-09-17 12:30:00-04:00,762.0349731445312,762.7999267578125,761.6099853515625,762.510009765625,2785967
2026-09-17 13:30:00-04:00,762.72998046875,762.9500122070312,761.9000244140625,762.0599975585938,2699034
2026-09-17 14:30:00-04:00,762.6099243164062,763.0599975585938,762.1400146484375,762.72998046875,4189085
2026-09-17 15:30:00-04:00,762.6799926757812,763.5700073242188,762.4299926757812,762.5999755859375,8823848
