Date,ANGL_cum,HYG_cum
2012-04-11,,
2012-04-12,0.005964722255296984,0.008956106391594165
2012-04-13,0.006759625926680002,0.005708817253115006
2012-04-16,0.009145702608040374,0.007275762233496685
2012-04-17,0.01590481640951591,0.011641630575556894
2012-04-18,0.014712076808538255,0.011306103519250987
2012-04-19,0.017893313223883656,0.009403351253952863
2012-04-20,0.016302054859705484,0.010970016005724004
2012-04-23,0.01312158663216656,0.008843734718783303
2012-04-24,0.014712076808538255,0.011194105484587435
2012-04-25,0.01590481640951591,0.018581585524137134
2012-04-26,0.012326256189780116,0.019252265998601414
2012-04-27,0.012326256189780116,0.01880520795531626
2012-04-30,0.01590481640951591,0.02082014507435126
2012-05-01,0.01153126716419628,0.021596565144511137
2012-05-02,0.012326256189779894,0.02553611236046338
2012-05-03,0.012724177473575349,0.024860574590083617
2012-05-04,0.011928590968586672,0.022835175602923252
2012-05-07,0.010736278138612665,0.024523179343041157
2012-05-08,0.01431407017054176,0.024298062359272565
2012-05-09,0.011531267164196057,0.02069647084758408
2012-05-10,0.010736278138612443,0.019570045242909062
2012-05-11,0.009940350216820715,0.022159170784859628
2012-05-14,0.00914570260803993,0.014618499104902982
2012-05-15,0.008350542874054678,0.009664991366623354
2012-05-16,0.002385905972958513,-0.00024043614780955291
2012-05-17,-0.0019880700433646536,-0.014085224059120938
2012-05-18,-0.012722897160564961,-0.014085224059120938
2012-05-21,-0.00954302641243121,-0.0038411869736665327
2012-05-22,-0.007951085214647158,-0.003954586151382333
2012-05-23,-0.012722897160565072,-0.0049671455306573575
2012-05-24,-0.005963527296487414,-0.004742775823183387
2012-05-25,-0.005168452916703092,-0.007894039957797805
2012-05-29,-0.004373293182717952,0.003024507393130982
2012-05-30,-0.010338015438014936,-0.0014778322822428525
2012-05-31,-0.0003971530959895331,-0.01205833051937144
2012-06-01,0.0064860657133449795,-0.02064369445927361
2012-06-04,-0.0027184459389970606,-0.019851114539241488
2012-06-05,-0.0071202474247576975,-0.013622099575500868
2012-06-06,-0.007921296598592975,-0.0030895204307679336
2012-06-07,-0.0071202474247576975,0.0006492896905290202
2012-06-08,-0.0023186468627857115,0.0045000044369523096
2012-06-11,-0.003919379543244728,-0.0020694882885464727
2012-06-12,0.0024840633037959137,0.0049524802333735796
2012-06-13,0.0064860657133449795,0.0020080248133085288
2012-06-14,0.0064860657133449795,0.009483122998408033
2012-06-15,0.003284258935624118,0.01129517460344065
2012-06-18,0.007286858824578246,0.011635839184272356
2012-06-19,0.008487109595219922,0.01877017937900316
2012-06-20,0.013689362775410663,0.022735320808047632
2012-06-21,0.01849164617098875,0.014354056706126661
2012-06-22,0.014489985178242515,0.02126178536449963
2012-06-25,0.016891681678336212,0.01967671893397238
2012-06-26,0.014489985178242515,0.018204210995329317
2012-06-27,0.014489985178242515,0.02432020041950156
2012-06-28,0.01649060228911381,0.02420689465132253
2012-06-29,0.01849164617098875,0.03394736092370754
2012-07-02,0.023721041987011304,0.0350636982984045
2012-07-03,0.023721041987011304,0.03882277828919434
2012-07-05,0.025731986956170738,0.038937018152741754
2012-07-06,0.025731986956170738,0.0375693157144259
2012-07-09,0.025329627253937392,0.037911288028773305
2012-07-10,0.017284993835292584,0.033354864231572856
2012-07-11,0.016480445139227307,0.03665903977798357
2012-07-12,0.016480445139227307,0.03438031412693077
2012-07-13,0.025329627253937392,0.0375693157144259
2012-07-16,0.028547651329796864,0.03358278350144661
2012-07-17,0.03377755927102366,0.03848108620345747
2012-07-18,0.0317655046972547,0.042809310502173625
2012-07-19,0.03779970527194454,0.04542907437220545
2012-07-20,0.0418225341064713,0.04053095848926813
2012-07-23,0.0317655046972547,0.03882277828919434
2012-07-24,0.025731986956170738,0.03244328056161483
2012-07-25,0.039810906303705984,0.030279635459940835
2012-07-26,0.02895026709463222,0.04087311762268908
2012-07-27,0.029755242561701145,0.047023294937342364
2012-07-30,0.039810906303706206,0.047023294937342364
2012-07-31,0.03578799211497863,0.04451758411178419
2012-08-01,0.04306879079130588,0.05018688913081859
2012-08-02,0.05156196053477813,0.045949178673293956
2012-08-03,0.05722461427369763,0.050301782861123634
2012-08-06,0.0556064693362901,0.049615222765397426
2012-08-07,0.0556064693362901,0.047553394058871934
2012-08-08,0.05520154900803487,0.048240140973671686
2012-08-09,0.061673104507256715,0.04835466106582964
2012-08-10,0.06531260762631264,0.04743784646180904
2012-08-13,0.06369497481410935,0.04801082056074568
2012-08-14,0.06571744260036705,0.049615222765397426
2012-08-15,0.053179934763784464,0.04457540461508369
2012-08-16,0.053584513675236645,0.04846983502474522
2012-08-17,0.05560646933628988,0.04846983502474522
2012-08-20,0.05965089278360103,0.04972871535265
2012-08-21,0.06046005060650539,0.0520203315197858
2012-08-22,0.0657174426003666,0.050989557280828324
2012-08-23,0.0636949748141089,0.05075958300114425
2012-08-24,0.07542443443239644,0.055455654055910575
2012-08-27,0.07380671626599233,0.05465401341080556
2012-08-28,0.07785122506750408,0.05373803949261635
2012-08-29,0.06976178069347672,0.05522736114788929
2012-08-30,0.07582850121864393,0.054768720322036835
2012-08-31,0.07785122506750364,0.057517856400582934
2012-09-04,0.07541111917708232,0.057494690835448115
2012-09-05,0.07337866494933931,0.057610145022974235
2012-09-06,0.06727985124469815,0.06382935198534745
2012-09-07,0.07134535717958923,0.06567204191846154
2012-09-10,0.06606039577889256,0.06394424571565249
2012-09-11,0.06606039577889256,0.07120011171780383
2012-09-12,0.070532273063451,0.07442423529114817
2012-09-13,0.08069736089078972,0.08133523328331016
2012-09-14,0.08029047741591766,0.0812194988671735
2012-09-17,0.08313601575979868,0.08029820060538495
2012-09-18,0.07947739329977965,0.08075908326012127
2012-09-19,0.08516992100895404,0.0793763418863751
2012-09-20,0.0872019484656934,0.07430924815130613
2012-09-21,0.07703822630556623,0.07281264055216008
2012-09-24,0.08272998582693392,0.07143036622609822
2012-09-25,0.07419140764867427,0.06187055399794916
2012-09-26,0.07012547494277954,0.056572832116438265
2012-09-27,0.07053227306345056,0.06809050823661722
2012-09-28,0.0758178319435523,0.06302248040617986
2012-10-01,0.07867941687717006,0.0612281766131455
2012-10-02,0.08276643207064449,0.06389128250826803
2012-10-03,0.08276643207064449,0.06655401476524325
2012-10-04,0.08194959236967447,0.07106924495670008
2012-10-05,0.07990493249122754,0.07048963878064818
2012-10-08,0.07745296236690491,0.0689854650090187
2012-10-09,0.07581791729775311,0.0659750624559492
2012-10-10,0.08235775615755747,0.06342787779603709
2012-10-11,0.08235775615755747,0.06921674702221847
2012-10-12,0.08317527869213337,0.07106924495670008
2012-10-15,0.08971511755193795,0.07593242567286151
2012-10-16,0.09748183769301133,0.07986851673595075
2012-10-17,0.10238663148366389,0.08229968675111565
2012-10-18,0.10361274457712644,0.08172148171811644
2012-10-19,0.09952555867525037,0.07627906846405041
2012-10-22,0.1032040686640392,0.07651100434400782
2012-10-23,0.10279522204255054,0.07245983273153977
2012-10-24,0.10279522204255054,0.07153246284985704
2012-10-25,0.10116017697339874,0.07326997364449661
2012-10-26,0.10116017697339874,0.07072222852736343
2012-10-31,0.09502858725567775,0.07199577415255098
2012-11-01,0.10102890221267846,0.07141644820510962
2012-11-02,0.10472832398064558,0.06991180738579583
2012-11-05,0.1051395605197547,0.06817532409606142
2012-11-06,0.10226261183000585,0.06979616637919595
2012-11-07,0.10102890221267868,0.06342787779603642
2012-11-08,0.10226261183000607,0.059954537578420286
2012-11-09,0.1010289022126789,0.05810260010115975
2012-11-12,0.09979655826256328,0.058449990168643495
2012-11-13,0.09404257552886452,0.05601853992486805
2012-11-14,0.09034417801130612,0.050229577289149896
2012-11-15,0.08089085886384084,0.04976598575784519
2012-11-16,0.08705616349084955,0.05277638831091469
2012-11-19,0.09445381206797387,0.06609145073884326
2012-11-20,0.09691995098961748,0.06620709174544315
2012-11-21,0.09527500483318119,0.06585895440166478
2012-11-23,0.09650862909630775,0.06944877631171242
2012-11-26,0.09938557778605661,0.06968052537259628
2012-11-27,0.10349563861372779,0.0707222285273632
2012-11-28,0.10349563861372779,0.07095425781685738
2012-11-29,0.10431751421254076,0.07570095684058753
2012-11-30,0.11007149694623952,0.07732133207603775
2012-12-03,0.11362470696835913,0.0827804656371971
2012-12-04,0.1169307312251695,0.0827804656371971
2012-12-05,0.11899672965379882,0.08452582283293064
2012-12-06,0.12023667012777906,0.08650489068982159
2012-12-07,0.12065012587610702,0.08487517450068771
2012-12-10,0.1214764398933581,0.08580646758291754
2012-12-11,0.12519540777329197,0.08685349508128404
2012-12-12,0.1260214657279406,0.09011339450723566
2012-12-13,0.12023667012777906,0.0862727679907902
2012-12-14,0.11858327390547063,0.08545730273423402
2012-12-17,0.12395486981990644,0.08964728091843654
2012-12-18,0.12023667012777906,0.090228755285225
2012-12-19,0.11940916115171785,0.08906552632303755
2012-12-20,0.1260214657279406,0.09290605942994601
2012-12-21,0.12065012587610702,0.0897638560204046
2012-12-24,0.12065012587610702,0.08580646758291732
2012-12-26,0.1177573013050226,0.08843865492134806
2012-12-27,0.11633803165531198,0.09066357667918479
2012-12-28,0.11884189713367754,0.08773658884250768
2012-12-31,0.11842408832111251,0.09241836823813854
2013-01-02,0.12510228634029774,0.1027154619405144
2013-01-03,0.12677130238133927,0.09932282756272226
2013-01-04,0.12718919654810534,0.10002423977480501
2013-01-07,0.13177954546327486,0.10096104401970796
2013-01-08,0.13010984658862745,0.10014230942936253
2013-01-09,0.14346402341777864,0.10224850766588389
2013-01-10,0.1351171507743547,0.10412052819356377
2013-01-11,0.1417949220225363,0.1061108051948747
2013-01-14,0.13469976873279332,0.10458944406846782
2013-01-15,0.13595225627428098,0.10482268768194092
2013-01-16,0.13553461817011736,0.1029504803351875
2013-01-17,0.1317795454632753,0.10692935296614636
2013-01-18,0.13469976873279377,0.10845090091162701
2013-01-22,0.14012564991889276,0.10915193948556223
2013-01-23,0.14096041400201575,0.10786475606799684
2013-01-24,0.1413773692725735,0.11032301484884366
2013-01-25,0.13720431704476477,0.10997179499034981
2013-01-28,0.1367871910658054,0.10938770515652996
2013-01-29,0.13511715077435493,0.10751437689533438
2013-01-30,0.12677130238133993,0.09955607117619536
2013-01-31,0.12468447752773315,0.09616250270303506
2013-02-01,0.12803975115836375,0.09979744141937319
2013-02-04,0.12384527502617226,0.0952094451987231
2013-02-05,0.12594302521747225,0.09768068790518969
2013-02-06,0.12929667711828907,0.09603378436127863
2013-02-07,0.11923290472721493,0.09391647038987405
2013-02-08,0.12091037083412881,0.09415139537501038
2013-02-11,0.12762023526178412,0.09403323231091609
2013-02-12,0.12174914656468605,0.09779875755974743
2013-02-13,0.12342610054639569,0.0994451940559744
2013-02-14,0.12007116833256815,0.09897459680940734
2013-02-15,0.12342610054639591,0.0990924796448911
2013-02-19,0.12216883316966753,0.10015099651628812
2013-02-20,0.12426513233955538,0.0990924796448911
2013-02-21,0.12300709677502053,0.10026906617084563
2013-02-22,0.13139408589278667,0.10297504704337479
2013-02-25,0.13307163735390115,0.09956354393914224
2013-02-26,0.1301358796198504,0.1049748518174427
2013-02-27,0.13600602942074036,0.10685742762278472
2013-02-28,0.13307163735390115,0.10638645673807035
2013-03-01,0.1351788618614822,0.1085871854258671
2013-03-04,0.13012162546832884,0.10870553530903493
2013-03-05,0.13644304292846954,0.11095343581293271
2013-03-06,0.13644304292846954,0.11024286946624051
2013-03-07,0.12927892344453817,0.111899113963835
2013-03-08,0.14739851065455256,0.1132004956309991
2013-03-11,0.14739851065455256,0.11249039633199098
2013-03-12,0.14023473258742403,0.11201821112329768
2013-03-13,0.13222859391330766,0.11225369656565487
2013-03-14,0.14487031922897953,0.11651186371174593
2013-03-15,0.14487031922897953,0.11639388746672519
2013-03-18,0.14023473258742403,0.1166305872330613
2013-03-19,0.13981316819002676,0.11473736274052015
2013-03-20,0.13981316819002676,0.11840611570919202
2013-03-21,0.13981316819002676,0.11639388746672519
2013-03-22,0.15034724222711393,0.11556553169408579
2013-03-25,0.1465552111513564,0.11391031470139645
2013-03-26,0.15624666851885372,0.11592114180081081
2013-03-27,0.15034724222711393,0.11402810412734343
2013-03-28,0.1545617765964764,0.11603921145536833
2013-04-01,0.1604909061500699,0.11803649417194184
2013-04-02,0.1604909061500699,0.11720449542736588
2013-04-03,0.13507848532142575,0.11720449542736588
2013-04-04,0.13507848532142575,0.11684739076805162
2013-04-05,0.15117287341075913,0.11791767724108948
2013-04-08,0.14905617458689724,0.1191067806449797
2013-04-09,0.14820911949886928,0.12267418426618737
2013-04-10,0.15752629869617296,0.12624074720156342
2013-04-11,0.15752629869617296,0.12624074720156342
2013-04-12,0.15752629869617296,0.12659757163226737
2013-04-15,0.15456160588807522,0.1194630446184628
2013-04-16,0.15456160588807522,0.127192870610507
2013-04-17,0.15329153538123763,0.12540828140930338
2013-04-18,0.1583733537842007,0.12362499994161524
2013-04-19,0.2350339731057458,0.12303128892550164
2013-04-22,0.16006712254345357,0.12564628890915497
2013-04-23,0.15625528929312726,0.130046345141696
2013-04-24,0.1647258401734064,0.13206754069969895
2013-04-25,0.19183220046970506,0.13515883591166622
2013-04-26,0.19183220046970506,0.13397001273638653
2013-04-29,0.1689612009677468,0.1361101186347784
2013-04-30,0.1731967324704886,0.13967649475108068
2013-05-01,0.1702180415734713,0.1375029482385024
2013-05-02,0.19958014268661817,0.14479132075947176
2013-05-03,0.18085616238124635,0.14658319590454827
2013-05-06,0.18255897868577642,0.14730002069020842
2013-05-07,0.18426068538569695,0.14646391192601182
2013-05-08,0.1821324637447368,0.15052582563521577
2013-05-09,0.18766520839014778,0.1471801762544509
2013-05-10,0.18213246374473702,0.14120598250719185
2013-05-13,0.18255897868577642,0.13654587412410635
2013-05-14,0.18213246374473702,0.137740862328817
2013-05-15,0.18511183747535997,0.13785995948827967
2013-05-16,0.18596264814821994,0.14060881533821545
2013-05-17,0.187665208390148,0.14060881533821545
2013-05-20,0.1889418511704417,0.14180333649524202
2013-05-21,0.1919214809636669,0.1439549317666644
2013-05-22,0.1919214809636669,0.1369043799264733
2013-05-23,0.18298472543900957,0.13379813918861272
2013-05-24,0.1919214809636669,0.1316470109648744
2013-05-28,0.17660262114215097,0.1274654396389867
2013-05-29,0.18043092775321812,0.12292536251073227
2013-05-30,0.17021804157347153,0.12519549448439626
2013-05-31,0.17191957756499088,0.11025949636379617
2013-06-03,0.16760065500813748,0.10928682285674918
2013-06-04,0.16674591804204408,0.10928682285674918
2013-06-05,0.1633238120722431,0.09967843766944684
2013-06-06,0.1539145356923537,0.10832554531319594
2013-06-07,0.16375203409729688,0.10904610648032942
2013-06-10,0.1607588329861558,0.10676504559085576
2013-06-11,0.1551977507461031,0.09991868699818252
2013-06-12,0.1569091024707061,0.10075881237246276
2013-06-13,0.15648130721665576,0.11337003394035117
2013-06-14,0.15776324195739444,0.11469187229608191
2013-06-17,0.15049302720195756,0.114571187174493
2013-06-18,0.15305860376744973,0.11733349399773263
2013-06-19,0.1556252045833506,0.10063971521300008
2013-06-20,0.13723436172342152,0.08982970974387183
2013-06-21,0.12739805827728823,0.082743662279684
2013-06-24,0.11242863855355423,0.0694106652206834
2013-06-25,0.11585014704395014,0.08466490963327522
2013-06-26,0.1252589966528359,0.09367285831781214
2013-06-27,0.131674815858982,0.09895815673092412
2013-06-28,0.12825288059758266,0.09151052094965362
2013-07-01,0.12992974922509148,0.09742754806037057
2013-07-02,0.13336995028544685,0.09404733715097735
2013-07-03,0.1153115620373546,0.09658256539017485
2013-07-05,0.1299297492250917,0.08487022379523501
2013-07-08,0.12262044224572133,0.09984265163520023
2013-07-09,0.13422946708678096,0.10044626406221813
2013-07-10,0.13466007902945543,0.10479214276339577
2013-07-11,0.14282821997655426,0.11867784405184012
2013-07-12,0.14411886084576708,0.11759111750031925
2013-07-15,0.1454084774645712,0.12230045270931589
2013-07-16,0.14712836460924716,0.11952357399833002
2013-07-17,0.1514287653045423,0.12773399205738256
2013-07-18,0.15228742856386934,0.13449544138107417
2013-07-19,0.15443792765121955,0.13377067678478327
2013-07-22,0.1617469785679877,0.13461593968358954
2013-07-23,0.1643264678681986,0.13183924779167744
2013-07-24,0.1621769076770565,0.12230045270931589
2013-07-25,0.15357772801627978,0.11976475742243409
2013-07-26,0.15357772801627978,0.12024787154693684
2013-07-29,0.15615713196228986,0.11783295479118094
2013-07-30,0.15701707553462785,0.11940232841952025
2013-07-31,0.1604573619491838,0.12266325535037703
2013-08-01,0.17121796603500394,0.1120220409143069
2013-08-02,0.18202303965940358,0.11881646380450062
2013-08-05,0.17770104435132406,0.11311353135220603
2013-08-06,0.13707577361846868,0.11202204091430668
2013-08-07,0.1418294904738322,0.10850302343317897
2013-08-08,0.1405338137067762,0.11093017683826023
2013-08-09,0.14096536454565856,0.11105086195984915
2013-08-12,0.14096536454565856,0.11008024346261247
2013-08-13,0.13837204786492974,0.11008024346261247
2013-08-14,0.1418294904738322,0.10789642190098236
2013-08-15,0.13750749516575267,0.10219376967729832
2013-08-16,0.13880496437102385,0.09843263467669816
2013-08-19,0.1323223128257074,0.09115285583311761
2013-08-20,0.13794007025504373,0.1012228709514511
2013-08-21,0.13837204786492974,0.09721915138369441
2013-08-22,0.13448237158353904,0.103164388174535
2013-08-23,0.13707577361846868,0.10777517632217237
2013-08-26,0.1401010679090835,0.10789642190098214
2013-08-27,0.13621147698189362,0.10073760840760082
2013-08-28,0.14096536454565856,0.10486304060185159
2013-08-29,0.1401010679090835,0.10935183589438457
2013-08-30,0.1413977689265482,0.10838215149251607
2013-09-03,0.1419191977387977,0.10252696149518292
2013-09-04,0.1427868231892011,0.10667462515920012
2013-09-05,0.13974736010126532,0.10106398132929706
2013-09-06,0.14495789263892678,0.10472217902030656
2013-09-09,0.14191919773879746,0.10752773445910035
2013-09-10,0.14018232510817663,0.1114315058224451
2013-09-11,0.1397473601012651,0.11289439257879441
2013-09-12,0.13887853969205155,0.11155275140125509
2013-09-13,0.1440898404175197,0.11069917505367077
2013-09-16,0.14756290284515527,0.11679807053260238
2013-09-17,0.14799718501846093,0.12045692209036973
2013-09-18,0.15147093027970238,0.13119005151068408
2013-09-19,0.15581306917915372,0.1278977389754512
2013-09-20,0.15581306917915372,0.12655581756930134
2013-09-23,0.1545099665966343,0.1264340115332705
2013-09-24,0.15581306917915372,0.1239949951170114
2013-09-25,0.1605883806473014,0.12204264238765483
2013-09-26,0.15537887236004866,0.12143295834074275
2013-09-27,0.1527735207370171,0.12021312319923427
2013-09-30,0.15103724558580134,0.11704168260466385
2013-10-01,0.14632560835139707,0.12188347253689047
2013-10-02,0.15025147481389656,0.12237387260526633
2013-10-03,0.1498154855565763,0.1231095661173669
2013-10-04,0.143272488591345,0.12506976524781743
2013-10-07,0.14894265349992852,0.12212829893293109
2013-10-08,0.15417742663059686,0.121638085683629
2013-10-09,0.14588944838567564,0.1226188858203805
2013-10-10,0.15592215184768454,0.12776659198573692
2013-10-11,0.15374007170606485,0.12985018511434454
2013-10-14,0.1663906738586125,0.1315663051250493
2013-10-15,0.16028434898430732,0.13119864518807267
2013-10-16,0.16551920746917648,0.13720450476831814
2013-10-17,0.16333738339015902,0.1427206181469458
2013-10-18,0.1724975962123232,0.14504913108113082
2013-10-21,0.1642099593842048,0.14247476424600003
2013-10-22,0.1786041771492306,0.1459075647246304
2013-10-23,0.17380633217209063,0.14688771099462428
2013-10-24,0.17118937237776022,0.14725565116021144
2013-10-25,0.17729578260626644,0.14762303086857775
2013-10-28,0.17555088668077712,0.14737792424392682
2013-10-29,0.17555088668077712,0.14921659756695704
2013-10-30,0.17293358546964366,0.1445591980604395
2013-10-31,0.17773168650938587,0.14517159098391974
2013-11-01,0.1784768286817442,0.14320158385210147
2013-11-04,0.17409397582854536,0.1451721514411406
2013-11-05,0.17409397582854536,0.142093373107109
2013-11-06,0.18505115063864275,0.14541893943745454
2013-11-07,0.18242096094319948,0.14615762205473382
2013-11-08,0.17365687696661558,0.1441865874180106
2013-11-11,0.1745326110660883,0.13987555047407163
2013-11-12,0.17015044104649535,0.13827469783181945
2013-11-13,0.16664357835537125,0.14258545454714788
2013-11-14,0.16795863052599258,0.1459098065535145
2013-11-15,0.17234080054558576,0.1476348004702186
2013-11-18,0.18329763393888054,0.1443095143684836
2013-11-19,0.17847682868174464,0.1438172461093712
2013-11-20,0.1714644689667082,0.1427082880880841
2013-11-21,0.17058839345043264,0.14665007713292022
2013-11-22,0.18066846849384577,0.14751168670067227
2013-11-25,0.18768014537527633,0.14923593334108154
2013-11-26,0.18768014537527633,0.15009857041373875
2013-11-27,0.18023034538150728,0.14935839324387024
2013-11-29,0.18373584240541985,0.15059093208238794
2013-12-02,0.18668662247879864,0.15096214158176435
2013-12-03,0.18228354068002717,0.1498486999027091
2013-12-04,0.19064961801861502,0.1468787436790886
2013-12-05,0.19329124517695617,0.14601208999634752
2013-12-06,0.18140225855750747,0.14922976831165058
2013-12-09,0.18272328552217987,0.15343786794599912
2013-12-10,0.19285030537599357,0.15343786794599912
2013-12-11,0.19329124517695617,0.14997228071994018
2013-12-12,0.19329124517695617,0.14786804408369236
2013-12-13,0.19241047517964072,0.1497242783996473
2013-12-16,0.1932912451769564,0.15071441949008224
2013-12-17,0.18668662247879908,0.15083865417407094
2013-12-18,0.19593278698109673,0.1528194034026249
2013-12-19,0.192850305375994,0.15158144681097063
2013-12-20,0.19064961801861546,0.15232414603833355
2013-12-23,0.18800764944347148,0.15318949198755893
2013-12-24,0.19681389839521524,0.15257065380603718
2013-12-26,0.19020884892605427,0.15365345715701095
2013-12-27,0.19220562509789274,0.15352884883487516
2013-12-30,0.19974871723305787,0.15452394063076236
2013-12-31,0.19974871723305787,0.1552700960109883
2014-01-02,0.196643019285357,0.1572597191455416
2014-01-03,0.197085751524535,0.15688729532218648
2014-01-06,0.19442389542062144,0.1593746978785251
2014-01-07,0.20196613401377927,0.1593746978785251
2014-01-08,0.20196613401377927,0.15862891613644647
2014-01-09,0.1953111523371922,0.16036932262672798
2014-01-10,0.20196613401377927,0.16385200379802733
2014-01-13,0.19886069212868063,0.16260834922462641
2014-01-14,0.19886069212868063,0.16435034367703394
2014-01-15,0.20152280429519642,0.16671341813984752
2014-01-16,0.19797334985790882,0.16621535848945146
2014-01-17,0.20285407376395614,0.16646448172418626
2014-01-21,0.20507225873248403,0.16795763317046952
2014-01-22,0.21128425210729085,0.16621535848945146
2014-01-23,0.20462858759709812,0.16472323454807336
2014-01-24,0.20285407376395614,0.15701106295849065
2014-01-27,0.20196613401377927,0.1566387325446723
2014-01-28,0.2024100612117672,0.16173749211272792
2014-01-29,0.20063477919081874,0.15825565162725996
2014-01-30,0.2024100612117672,0.16024480771412897
2014-01-31,0.19797334985790882,0.1598721036621633
2014-02-03,0.19485314169608392,0.15639661502519986
2014-02-04,0.19975648446532412,0.15777235068368345
2014-02-05,0.1993105941207194,0.15777235068368345
2014-02-06,0.20243233865815724,0.16189712901117637
2014-02-07,0.20688996179119412,0.16777333615429701
2014-02-10,0.210456572422828,0.16852173336340703
2014-02-11,0.20287737546075468,0.17052331291867495
2014-02-12,0.2122395363218419,0.16864699555230067
2014-02-13,0.2122395363218419,0.1720219755276311
2014-02-14,0.21669895189309396,0.17389754561771054
2014-02-18,0.21714467152929728,0.17552296496815
2014-02-19,0.2242784049177695,0.17252209018783748
2014-02-20,0.22338585604075334,0.17614731431234487
2014-02-21,0.22249492889355116,0.17714810408997894
2014-02-24,0.22338585604075334,0.1797731923036101
2014-02-25,0.22383225851056254,0.18114780704765177
2014-02-26,0.22828988164359965,0.18314854591708807
2014-02-27,0.22828988164359965,0.18539784756403832
2014-02-28,0.23408696824866615,0.18664757375733343
2014-03-03,0.23538512028754321,0.18555542945267622
2014-03-04,0.2300116465806914,0.18982583324809266
2014-03-05,0.2358322055909583,0.1876908648742266
2014-03-06,0.23359327955165354,0.18593168306704166
2014-03-07,0.22732529382116873,0.18140963397939602
2014-03-10,0.23269868217381973,0.18153583026365805
2014-03-11,0.23448984007610374,0.18027928517417413
2014-03-12,0.23359327955165332,0.18228824408285194
2014-03-13,0.23359327955165332,0.1791487495498787
2014-03-14,0.23359327955165332,0.1782688317129073
2014-03-17,0.23135486563755303,0.1799027513311986
2014-03-18,0.2349376082131247,0.1834201808502003
2014-03-19,0.23851975330929132,0.17739022160945161
2014-03-20,0.24344451998291428,0.18140963397939625
2014-03-21,0.2318034873165813,0.1806558190171501
2014-03-24,0.23001164658069162,0.18103244626966264
2014-03-25,0.23583220559095852,0.18342018085020007
2014-03-26,0.23583220559095852,0.18367070522798756
2014-03-27,0.23583220559095852,0.1819117102398764
2014-03-28,0.238072155880672,0.18392179006299592
2014-03-31,0.23001164658069162,0.18568031800342322
2014-04-01,0.2358602017687974,0.18788936013999824
2014-04-02,0.2385596990752321,0.1866268368401569
2014-04-03,0.2399088929261448,0.18713236925349985
2014-04-04,0.24260915842038622,0.18990794023097002
2014-04-07,0.2403589656265852,0.1873844815934136
2014-04-08,0.2403589656265852,0.190161453713936
2014-04-09,0.242609158420386,0.19205449138740338
2014-04-10,0.2385596990752319,0.18864588397881277
2014-04-11,0.24125936709006823,0.18359775237972098
2014-04-14,0.2439584376254993,0.1873844815934136
2014-04-15,0.2439584376254993,0.188645883978813
2014-04-16,0.24440816890913686,0.1892778929050285
2014-04-17,0.24620803293989502,0.1878893601399989
2014-04-21,0.2448578148385736,0.1878893601399989
2014-04-22,0.24665733745252916,0.18915150980169293
2014-04-23,0.24845737219168895,0.1895298184258687
2014-04-24,0.24935820042617585,0.1897823044039295
2014-04-25,0.2399088929261448,0.18940315509392236
2014-04-28,0.24845737219168895,0.18915150980169293
2014-04-29,0.25115669878972224,0.19091807096228774
2014-04-30,0.24710809298657543,0.19066539816515315
2014-05-01,0.25867853772890603,0.18943584843181394
2014-05-02,0.25641767566001405,0.1922255242493458
2014-05-05,0.2541579231957316,0.19171831046434007
2014-05-06,0.24873571224026403,0.19197098326147444
2014-05-07,0.25596623729236234,0.19374651173760515
2014-05-08,0.2514466470095966,0.1934928114355654
2014-05-09,0.25913014680496005,0.19463399574705997
2014-05-12,0.26003370637387024,0.19590156316189034
2014-05-13,0.26093820483898833,0.19780291428413577
2014-05-14,0.2622926906503462,0.19843735185830869
2014-05-15,0.2645533820108368,0.19729635436588766
2014-05-16,0.26952458136965607,0.19970501268267582
2014-05-19,0.266812878412517,0.20148063456834353
2014-05-20,0.266361098628062,0.1999589932133261
2014-05-21,0.2677163526272264,0.19983214306230623
2014-05-22,0.26997653186251247,0.20071916002407697
2014-05-23,0.26952458136965607,0.2011000841152839
2014-05-27,0.2645533820108368,0.20224108160770493
2014-05-28,0.2681684738284844,0.2026209781940067
2014-05-29,0.27494764586713116,0.20376244273411181
2014-05-30,0.27585214433224925,0.20503001014894218
2014-06-02,0.27308197374761134,0.20119648275729607
2014-06-03,0.2762602227659312,0.2013238933655368
2014-06-04,0.280346811188402,0.2013238933655368
2014-06-05,0.2808007248278752,0.20425246916434014
2014-06-06,0.2826162940315673,0.20769208853915933
2014-06-09,0.2830713172756498,0.20909220408675622
2014-06-10,0.2935125259423448,0.2084555246836992
2014-06-11,0.28352506020672164,0.20858368256823479
2014-06-12,0.2839791445545965,0.20781837823295812
2014-06-13,0.2848866304167401,0.2092195212854604
2014-06-16,0.28670245568303465,0.20858368256823479
2014-06-17,0.2839791445545967,0.2076920885391591
2014-06-18,0.28806539156026467,0.21316738195019047
2014-06-19,0.287157308218716,0.21291340141954018
2014-06-20,0.280346811188402,0.2140587891601924
2014-06-23,0.280346811188402,0.21393147196148843
2014-06-24,0.28715730821871577,0.21291340141954018
2014-06-25,0.2912427016823764,0.21469556197278616
2014-06-26,0.2921503582529217,0.21342229657620893
2014-06-27,0.287157308218716,0.21342229657620893
2014-06-30,0.28125472382154926,0.21240366557703982
2014-07-01,0.28987140109347553,0.21272359324069456
2014-07-02,0.2903284728383757,0.21349141963346563
2014-07-03,0.2944314492673863,0.2116999181265362
2014-07-07,0.2907838374992613,0.21080486794459774
2014-07-08,0.27984108754908665,0.2110602496183005
2014-07-09,0.28850445356881105,0.2101652928458988
2014-07-10,0.27938563753400025,0.2064559067287044
2014-07-11,0.28257686039083096,0.20850166899489442
2014-07-14,0.2857688514354684,0.2081180360271193
2014-07-15,0.2821208982505403,0.2062002448263911
2014-07-16,0.2789294193311074,0.2042815195302945
2014-07-17,0.2784738839618204,0.19583916559128434
2014-07-18,0.2844007943061948,0.20082779531541317
2014-07-21,0.2825768603908312,0.19878119236339153
2014-07-22,0.2802967936267753,0.20044416234763807
2014-07-23,0.2880484914285204,0.202746427201973
2014-07-24,0.283945429645309,0.20492137485760376
2014-07-25,0.2844007943061946,0.2028743982674348
2014-07-28,0.28120880326155717,0.1992917688917235
2014-07-29,0.28531246252417386,0.1976299198219189
2014-07-30,0.2757375136406708,0.19264166373593716
2014-07-31,0.273458385772823,0.1829199727804558
2014-08-01,0.2756568539209825,0.18280451859292968
2014-08-04,0.2655797662745947,0.1900010695391916
2014-08-05,0.26466383034657914,0.18768824940719453
2014-08-06,0.27703088584430713,0.1905152890394599
2014-08-07,0.26512132886248274,0.19128638476602045
2014-08-08,0.27107615003049523,0.19501295823799225
2014-08-11,0.2674119795474288,0.20066703750252302
2014-08-12,0.2806947149105705,0.20041044150484155
2014-08-13,0.2834438030076285,0.20388023216005813
2014-08-14,0.2756568539209825,0.2061935193397395
2014-08-15,0.28527516273845555,0.20863533804210332
2014-08-18,0.28802365335610824,0.21210522210685667
2014-08-19,0.28802365335610824,0.21171916049112394
2014-08-20,0.291687055651368,0.2126189745594409
2014-08-21,0.28985654946254824,0.2126189745594409
2014-08-22,0.2907715464943559,0.20966246930912447
2014-08-25,0.2848169813889456,0.21223309976278193
2014-08-26,0.292146090542885,0.2131332874692462
2014-08-27,0.29443614374842597,0.21197659717463724
2014-08-28,0.2967264530165692,0.2101775294952244
2014-08-29,0.29901710370151524,0.21107659628724673
2014-09-02,0.29708459924282504,0.21249604760896834
2014-09-03,0.29662385726729346,0.20939840054849634
2014-09-04,0.29984563692798494,0.2053962689428659
2014-09-05,0.293863331707338,0.20397700444021805
2014-09-08,0.2897229701384083,0.20281433593525167
2014-09-09,0.2897229701384083,0.1972633807993851
2014-09-10,0.286961761744847,0.19777974871900073
2014-09-11,0.28374040885515917,0.19777974871900073
2014-09-12,0.2851210984061405,0.1963595501209845
2014-09-15,0.2814406252707351,0.19416470623400817
2014-09-16,0.2805196534448764,0.1966177340807922
2014-09-17,0.2842006387054863,0.200491240754203
2014-09-18,0.2819000869332555,0.20087767600808304
2014-09-19,0.2897229701384083,0.2026849637267374
2014-09-22,0.28190008693325574,0.20049124075420321
2014-09-23,0.287881965382899,0.19442335724150017
2014-09-24,0.27913998814430374,0.19080906203280223
2014-09-25,0.27913998814430374,0.18267477274626898
2014-09-26,0.27223782070240765,0.18189975381916157
2014-09-29,0.2639553051263328,0.1794477534772827
2014-09-30,0.2768388388926679,0.18706399347253755
2014-10-01,0.27244770668199836,0.18837434245523776
2014-10-02,0.2826165500941693,0.1907075258662645
2014-10-03,0.28076769275219293,0.19472647118852504
2014-10-06,0.28030584117205204,0.19602252851208957
2014-10-07,0.28030584117205204,0.19148459980318222
2014-10-08,0.2826165500941693,0.19718958726528713
2014-10-09,0.28030584117205204,0.18448476934149172
2014-10-10,0.27337294621789376,0.17488974171795646
2014-10-13,0.27059910540262466,0.16905594250455813
2014-10-14,0.27013733917668437,0.1729454222087674
2014-10-15,0.25534656579507464,0.17320463367348027
2014-10-16,0.2585828556698899,0.1798172816049961
2014-10-17,0.27429733221178143,0.18979995880639033
2014-10-20,0.27707031948504324,0.1983573932947793
2014-10-21,0.2816920787460806,0.20808048539331336
2014-10-22,0.28446523672774404,0.2001721537763803
2014-10-23,0.27938085769875887,0.19965307698019674
2014-10-24,0.2858513035933712,0.20302422716451707
2014-10-27,0.2733729462178933,0.19809743455377182
2014-10-28,0.27244770668199836,0.2000420342915712
2014-10-29,0.2816920787460806,0.1991346540507708
2014-10-30,0.27244770668199836,0.19861613771180808
2014-10-31,0.2761464456163596,0.19965307698019674
2014-11-03,0.2761462749079582,0.20217952472293188
2014-11-04,0.2872904607718516,0.19840288373921733
2014-11-05,0.277538145859235,0.19814292499820962
2014-11-06,0.2877559825826239,0.20126756741482654
2014-11-07,0.2910059291295557,0.20243957687347613
2014-11-10,0.29286383401680904,0.20296033504132294
2014-11-11,0.28543289730140087,0.2056951794607338
2014-11-12,0.2845050117852832,0.2017894464971155
2014-11-13,0.2882194558925786,0.19684051582614082
2014-11-14,0.28543289730140087,0.1908503490480833
2014-11-17,0.2905414315691921,0.19072041638234793
2014-11-18,0.2780037530242081,0.1883768645127326
2014-11-19,0.27568117986818974,0.1881153178095989
2014-11-20,0.27010823339423573,0.1882463713897764
2014-11-21,0.2858978216327681,0.19475673587845965
2014-11-24,0.27103756993176553,0.1946276438985557
2014-11-25,0.27289445056861017,0.1965802768565228
2014-11-26,0.2831117751667944,0.19814292499821007
2014-11-28,0.2724307211960528,0.18668362983855213
2014-12-01,0.27965629570450856,0.17474037986856006
2014-12-02,0.28385188144130935,0.18114911478116835
2014-12-03,0.26520420779138876,0.18311286347401867
2014-12-04,0.2782577671255748,0.1823270090406386
2014-12-05,0.2605424174102098,0.181411782398744
2014-12-08,0.2516858948342371,0.1753936861691734
2014-12-09,0.25681303631778696,0.17474037986856006
2014-12-10,0.25355088412015103,0.16126577395171982
2014-12-11,0.24982167373612962,0.15707934532991685
2014-12-12,0.23816647227247567,0.1413814990269029
2014-12-15,0.23303822118431627,0.1407270718118474
2014-12-16,0.23630156834076232,0.13667197699883227
2014-12-17,0.2307075393792286,0.15982717367494725
2014-12-18,0.2377003529822983,0.16911488392230045
2014-12-19,0.244693166585368,0.1803648483099145
2014-12-22,0.23723414833792034,0.17748708729914853
2014-12-23,0.24795625767921226,0.1816735159209515
2014-12-24,0.2530841673505688,0.18569320851950666
2014-12-26,0.240030864078985,0.18201511459715158
2014-12-29,0.24149759066430043,0.18267141000294362
2014-12-30,0.2396054587425549,0.18030674757800402
2014-12-31,0.23250509884656756,0.1771538020717267
2015-01-02,0.22919258767050188,0.1771538020717267
2015-01-05,0.24007883313979428,0.16624935956085962
2015-01-06,0.23297847324380694,0.16178232869040898
2015-01-07,0.24954469935476653,0.16900886409799432
2015-01-08,0.2533315238242797,0.17781112498242369
2015-01-09,0.24291839668962445,0.18372376184490946
2015-01-12,0.2523850310924034,0.182277875624264
2015-01-13,0.2538041300337124,0.182277875624264
2015-01-14,0.25191131527836097,0.1795188381348134
2015-01-15,0.25995816790622484,0.17229220931769107
2015-01-16,0.2774702892696559,0.17675952041675225
2015-01-20,0.2609044045754991,0.17465771242846206
2015-01-21,0.24717748595176725,0.18096463094592186
2015-01-22,0.2547507934739903,0.1825403564227659
2015-01-23,0.2613776936185377,0.1825403564227659
2015-01-26,0.27983630771384504,0.18792681736426853
2015-01-27,0.25759103985742615,0.18700748070275353
2015-01-28,0.27368355015434354,0.18451111083087857
2015-01-29,0.25617108737410965,0.1887152872646798
2015-01-30,0.2623244424130162,0.1854303540828568
2015-02-02,0.2876208668828708,0.18998145353645768
2015-02-03,0.2823901053996367,0.196708808379205
2015-02-04,0.27953654376088743,0.19169626581364674
2015-02-05,0.28381552055180004,0.19868778282655897
2015-02-06,0.2857178096234323,0.19961188337445246
2015-02-09,0.28714484650540917,0.1967088083792048
2015-02-10,0.291424335421526,0.20079855813038527
2015-02-11,0.291424335421526,0.20040259510374803
2015-02-12,0.30045813867241145,0.20027098106634966
2015-02-13,0.2942771288724688,0.20198579334353872
2015-02-17,0.3028361067047025,0.201194147518875
2015-02-18,0.3009332201536652,0.20528399067959202
2015-02-19,0.3014096673021307,0.20251374404572142
2015-02-20,0.29998297183695666,0.2058111941054801
2015-02-23,0.3018851755543883,0.20673473419615274
2015-02-24,0.29903169926983963,0.2079215023616221
2015-02-25,0.3009332201536654,0.21187870398003583
2015-02-26,0.29950823177250596,0.21161556931477588
2015-02-27,0.2999829718369569,0.2118787039800356
2015-03-02,0.30294271410141227,0.21165414745348787
2015-03-03,0.3072402981080835,0.2082093905541429
2015-03-04,0.305330241804185,0.20595747344016124
2015-03-05,0.3067627413550085,0.20820939055414267
2015-03-06,0.3067627413550085,0.2005254286446836
2015-03-09,0.3005557838780444,0.19800850867470543
2015-03-10,0.2996006703718943,0.1933720329044386
2015-03-11,0.30389825437856555,0.19668442849009082
2015-03-12,0.30055578387804416,0.19906870691776546
2015-03-13,0.3019872591784589,0.19496167640227102
2015-03-16,0.3010334259853198,0.193769116845518
2015-03-17,0.29721331337752277,0.18780772020480518
2015-03-18,0.30055578387804416,0.19840540579671084
2015-03-19,0.3000785685417722,0.18886763821925445
2015-03-20,0.30389825437856555,0.1981408699883982
2015-03-23,0.30914992764097815,0.19906870691776524
2015-03-24,0.30437487223543247,0.2009231664525204
2015-03-25,0.3019872591784589,0.19774359922824547
2015-03-26,0.3058076278488582,0.1976115181431628
2015-03-27,0.3048533678847154,0.19853786051994038
2015-03-30,0.3086722855337023,0.20184997587698184
2015-03-31,0.3072402981080833,0.20039278710237962
2015-04-01,0.30935068072109106,0.20286804641893008
2015-04-02,0.3103100619372776,0.20380018018699153
2015-04-06,0.30983028597498374,0.2068600897945827
2015-04-07,0.31270928316555024,0.21324762074232972
2015-04-08,0.3170278643056008,0.21298215083864913
2015-04-09,0.31894645602957206,0.21178482739551763
2015-04-10,0.31798647733398044,0.21457889346128067
2015-04-13,0.31750815239309893,0.21231744857454204
2015-04-14,0.3203862106874573,0.2128491356581983
2015-04-15,0.3251841410187979,0.21763992398331378
2015-04-16,0.3266240663850848,0.2151115146403051
2015-04-17,0.3251841410187979,0.21138531480648082
2015-04-20,0.3295016125542387,0.21404683273947733
2015-04-21,0.3242245037400091,0.2148452040507931
2015-04-22,0.32902209265454685,0.2136475069695143
2015-04-23,0.32902209265454685,0.21324762074233017
2015-04-24,0.3295016125542385,0.21524368913492498
2015-04-27,0.3314208871118156,0.2156435753621091
2015-04-28,0.3352597776437727,0.21378042874042857
2015-04-29,0.3328605564155003,0.21151804975832178
2015-04-30,0.33190134590771536,0.21085260021792007
2015-05-01,0.331901516616117,0.2135530699277759
2015-05-04,0.33045757960239586,0.2132849845570639
2015-05-05,0.331901516616117,0.2116817032668541
2015-05-06,0.3309389772945037,0.2080728258112925
2015-05-07,0.32805033507925496,0.20793934358315758
2015-05-08,0.3299757551392848,0.2174292854777553
2015-05-11,0.3280503350792552,0.2098103366059323
2015-05-12,0.3266069101907385,0.20967676096826038
2015-05-13,0.3266069101907385,0.20793934358315758
2015-05-14,0.3280503350792552,0.21382106188895134
2015-05-15,0.3290133011718721,0.2164939757854416
2015-05-18,0.3304575796023963,0.2144884730296268
2015-05-19,0.3294946135097794,0.21261729318777856
2015-05-20,0.3285313060003594,0.21114721389709312
2015-05-21,0.3285313060003594,0.2128847246917327
2015-05-22,0.3299757551392848,0.21382106188895156
2015-05-26,0.32949461350977916,0.2112808829443018
2015-05-27,0.33190151661611744,0.21395426388847594
2015-05-28,0.33286337310412484,0.21341921406149367
2015-05-29,0.33286337310412484,0.21515719190381755
2015-06-01,0.3414658815787299,0.21719828369316585
2015-06-02,0.3409820939690018,0.2149150743843451
2015-06-03,0.32890097504371374,0.20833652093377353
2015-06-04,0.32938450659083984,0.20444302461948038
2015-06-05,0.3313175231747343,0.2008181741331203
2015-06-08,0.3255187294856532,0.2008181741331203
2015-06-09,0.325036222188936,0.1988040776999167
2015-06-10,0.32310201064623123,0.20041557902936802
2015-06-11,0.3197200211507727,0.2028322705663239
2015-06-12,0.32116950618754125,0.19840213646292248
2015-06-15,0.3202027845100921,0.19276300272428526
2015-06-16,0.31875329947332376,0.19947541204113906
2015-06-17,0.31585415869138544,0.19840213646292226
2015-06-18,0.319236148186844,0.2028322705663239
2015-06-19,0.31827053611400435,0.20350313785986196
2015-06-22,0.3206871695992255,0.20592020303496494
2015-06-23,0.3202027845100923,0.2051139853225552
2015-06-24,0.31778691921267765,0.2018925706257788
2015-06-25,0.31875329947332376,0.19826715968219766
2015-06-26,0.31730398514495683,0.19477691233841465
2015-06-29,0.3095709799131712,0.186586670739318
2015-06-30,0.31440407617521204,0.19222571106841846
2015-07-01,0.3085837732275474,0.1924269152107576
2015-07-02,0.31246329235905135,0.196877879640873
2015-07-06,0.3144035640500078,0.19296756960994976
2015-07-07,0.31488965622315557,0.1939113795701155
2015-07-08,0.3119793340409218,0.187977818971379
2015-07-09,0.3144035640500078,0.1906745522997617
2015-07-10,0.31488965622315557,0.19755267013495836
2015-07-13,0.310039233058367,0.19863080300909042
2015-07-14,0.310039233058367,0.19741741312562344
2015-07-15,0.3134341963923364,0.19741741312562344
2015-07-16,0.3148896562231558,0.1993054066841018
2015-07-17,0.3153744680832926,0.19606942009957962
2015-07-20,0.31294946988640016,0.19053994915718486
2015-07-21,0.31197933404092204,0.18838125476096312
2015-07-22,0.3051883831225748,0.1806954246607675
2015-07-23,0.3080990467216116,0.18002026052853504
2015-07-24,0.3061592871558596,0.17664892352514117
2015-07-27,0.30712865481353124,0.1716595465247175
2015-07-28,0.3134341963923366,0.17799766382747984
2015-07-29,0.31731456906584765,0.18487559484360272
2015-07-30,0.3095535676562229,0.18838125476096312
2015-07-31,0.3119793340409218,0.18635949874573932
2015-08-03,0.31134549374631315,0.18413784632169183
2015-08-04,0.3089106798163368,0.18481413136836622
2015-08-05,0.3079355934272163,0.18318861860838997
2015-08-06,0.3050135777194829,0.17831170669031393
2015-08-07,0.30160453094239337,0.17465425627559905
2015-08-10,0.30160453094239337,0.17804137949071785
2015-08-11,0.29527022499794287,0.17262222521132342
2015-08-12,0.29770614853252875,0.1709965256322734
2015-08-13,0.29770614853252875,0.1695070171579267
2015-08-14,0.29673259851902145,0.17018348902367486
2015-08-17,0.29624522603286274,0.17018348902367486
2015-08-18,0.2947828525117844,0.16869370032071762
2015-08-19,0.2899130539434305,0.16761042992205977
2015-08-20,0.2889378822001094,0.1619207616239955
2015-08-21,0.2826056247564763,0.157721162257499
2015-08-24,0.2665309534875111,0.14823822607816406
2015-08-25,0.277734289812509,0.15054133161833017
2015-08-26,0.286502470790728,0.1601591511688527
2015-08-27,0.28406586442253645,0.1688294243777364
2015-08-28,0.2879640761240001,0.16991278818593125
2015-08-31,0.27870886407642526,0.16828708860688124
2015-09-01,0.2859515947792275,0.1645177335670398
2015-09-02,0.28986448740321613,0.16928049903110542
2015-09-03,0.29084460969017956,0.17091385819217564
2015-09-04,0.29084460969017956,0.1696887921166046
2015-09-08,0.29671544232467517,0.17608454310359312
2015-09-09,0.295247350072148,0.17458709481861567
2015-09-10,0.29916237655115485,0.17744467936942554
2015-09-11,0.3006292738448719,0.17703694674114745
2015-09-14,0.29916237655115485,0.17499594836133592
2015-09-15,0.29965128541292674,0.1747240331996136
2015-09-16,0.29573813672633587,0.17050565851621347
2015-09-17,0.29182268347632534,0.17145787533469403
2015-09-18,0.29182268347632534,0.16819218451745876
2015-09-21,0.29035476193219956,0.16601471480433339
2015-09-22,0.2893763467292507,0.1575784324852174
2015-09-23,0.2854610641876416,0.1555365000100375
2015-09-24,0.28154629377123674,0.14982263864193346
2015-09-25,0.2766534495686861,0.14397071797838934
2015-09-28,0.25414469329461875,0.12641729122617829
2015-09-29,0.25169827119334354,0.1262810067119382
2015-09-30,0.2536553576618432,0.13335752640336906
2015-10-01,0.25390143382254293,0.12608307190338808
2015-10-02,0.25439145228892435,0.12717736462739238
2015-10-05,0.25832226929506596,0.14071249992410073
2015-10-06,0.2622541105516163,0.1470032585916885
2015-10-07,0.28043344570214046,0.15876053017384528
2015-10-08,0.28239795798610356,0.16354664802211927
2015-10-09,0.28338072625328947,0.16368339958404343
2015-10-12,0.2853462627876613,0.16149556141232968
2015-10-13,0.28190725668611627,0.15876053017384528
2015-10-14,0.27994163479754364,0.15794095489766824
2015-10-15,0.28338072625328925,0.16067579931707887
2015-10-16,0.28043344570214,0.16600836295582866
2015-10-19,0.2789590372387589,0.16915243455610685
2015-10-20,0.2814161286151251,0.1702461668228903
2015-10-21,0.2794507627891547,0.1690156829941829
2015-10-22,0.2823979579861031,0.16942612449902938
2015-10-23,0.28731248215563876,0.17352745703277694
2015-10-26,0.2819072566861158,0.1722972534326801
2015-10-27,0.2838730492830899,0.16846923720370732
2015-10-28,0.28485462259146566,0.17161368244213282
2015-10-29,0.2823979579861029,0.16860542830841063
2015-10-30,0.28043344570213957,0.16997294392765272
2015-11-02,0.2866515845793991,0.17359900873799172
2015-11-03,0.2876387059108221,0.17483537736751975
2015-11-04,0.2831973854301242,0.17140154938398422
2015-11-05,0.28517145738456895,0.1668686647900659
2015-11-06,0.2797413084884335,0.1612375642715962
2015-11-09,0.2787550406990176,0.15642902813448223
2015-11-10,0.2782616934188078,0.15381935249442846
2015-11-11,0.27381909262509896,0.15107199119708214
2015-11-12,0.26690967007614086,0.14337952901977125
2015-11-13,0.2639485621444737,0.1400835735126018
2015-11-16,0.2639485621444737,0.14544042363092835
2015-11-17,0.26690967007614086,0.14626448256487334
2015-11-18,0.2688845102183921,0.14846231555702838
2015-11-19,0.26049359480739254,0.13816083160642156
2015-11-20,0.26246826424124237,0.13788592733952054
2015-11-23,0.2545710375272554,0.13692390251967246
2015-11-24,0.2560525303892969,0.13843545564471182
2015-11-25,0.2560525303892969,0.13967154404562931
2015-11-27,0.2545710375272554,0.14145697393266454
2015-11-30,0.2530909956866263,0.1407702270178648
2015-12-01,0.2597819114817199,0.1488862080351787
2015-12-02,0.26126835488740374,0.14653938683177437
2015-12-03,0.2558166967326847,0.1435026427893178
2015-12-04,0.2543305947438037,0.14088026345225457
2015-12-07,0.24689615850616553,0.1328754397837726
2015-12-08,0.23847084535227236,0.11879759507806176
2015-12-09,0.23648883545715993,0.12459440411487388
2015-12-10,0.23153325591707397,0.11990104193667572
2015-12-11,0.19733729035407976,0.09754141428577157
2015-12-14,0.19783353967711426,0.08801840541513495
2015-12-15,0.21815159503528836,0.10582282359281758
2015-12-16,0.2151787082239207,0.11424201196669292
2015-12-17,0.2047706169871084,0.1018207853967239
2015-12-18,0.20080651184268272,0.09767994062889573
2015-12-21,0.20526703701854432,0.09422948574780365
2015-12-22,0.20873608779874564,0.10747925490948584
2015-12-23,0.2127009611309778,0.11451850419572018
2015-12-24,0.217657052796268,0.11679386710344697
2015-12-28,0.20923165428817403,0.11013358030814602
2015-12-29,0.21862129920189588,0.11651690782673563
2015-12-30,0.21512493507746133,0.11734899998084813
2015-12-31,0.21512493507746133,0.118043032839521
2016-01-04,0.21462586906580272,0.11138302627283059
2016-01-05,0.2181218064192334,0.11346400393440703
2016-01-06,0.21762205757396913,0.11346400393440703
2016-01-07,0.2126277272267525,0.10624877108077824
2016-01-08,0.21063009751290673,0.10333514080786821
2016-01-11,0.21112941958716736,0.10167048945195867
2016-01-12,0.20713416015947583,0.10278019474954037
2016-01-13,0.205135932966225,0.09057044737096231
2016-01-14,0.20663432596001097,0.09542671578139839
2016-01-15,0.18815548291913098,0.0809971841695094
2016-01-19,0.18565827506842236,0.07725071446619225
2016-01-20,0.16618087323322173,0.07003566843163722
2016-01-21,0.16817782011346183,0.07725071446619225
2016-01-22,0.18266208656025618,0.0937618776064153
2016-01-25,0.18465886273209464,0.08293860798305652
2016-01-26,0.1941483720606687,0.09265142503253876
2016-01-27,0.18715666806220854,0.09098640003848191
2016-01-28,0.19165184704356575,0.09653623425990654
2016-01-29,0.1941483720606687,0.1001439908010262
2016-02-01,0.19675602824711969,0.09360504299407202
2016-02-02,0.19224352236301434,0.0857958188957193
2016-02-03,0.19224352236301434,0.09109466169167235
2016-02-04,0.1862274168788789,0.0876088980056573
2016-02-05,0.18422210528696747,0.07924211238194556
2016-02-08,0.18472245161163703,0.06669291474651473
2016-02-09,0.1812133697112941,0.06264912248745658
2016-02-10,0.1761995786063113,0.06111533789265078
2016-02-11,0.17569803732283162,0.054004256672591344
2016-02-12,0.1827178228533315,0.06976085757427342
2016-02-16,0.17820574374023002,0.0707369872341832
2016-02-17,0.1882325577623889,0.0795215937161513
2016-02-18,0.18622741687887912,0.08049706950930324
2016-02-19,0.1912403544418544,0.08258906949622613
2016-02-22,0.19775817191787093,0.09193151773216379
2016-02-23,0.19625474302624224,0.08970061776396987
2016-02-24,0.2007666514309423,0.09151266936900271
2016-02-25,0.20227042173937404,0.09736926050938832
2016-02-26,0.21530656881661137,0.10475926260643242
2016-02-29,0.22232498867989947,0.11661106463986459
2016-03-01,0.23678356351227436,0.13425911525288803
2016-03-02,0.24434048302795763,0.12654946572079973
2016-03-03,0.2513938981135444,0.13033404651514502
2016-03-04,0.2614702175721255,0.13355835690756312
2016-03-07,0.2639887639730163,0.13496024723636002
2016-03-08,0.26348406458410967,0.12696990204608705
2016-03-09,0.26751448994250127,0.12977358929414406
2016-03-10,0.26902585677479784,0.13762288608379847
2016-03-11,0.28313174804976327,0.15135959916099329
2016-03-14,0.2846427734652568,0.14813631627348034
2016-03-15,0.2821241417101654,0.1374829585976216
2016-03-16,0.2932071286121365,0.1450522135958492
2016-03-17,0.30126772326631746,0.15234142680264995
2016-03-18,0.30882481349040214,0.1550049063359198
2016-03-21,0.31134353059969433,0.153742663264689
2016-03-22,0.30630549890170466,0.15065912104427892
2016-03-23,0.29874909151122586,0.14533262902542332
2016-03-24,0.29270362418203977,0.14028655243614163
2016-03-28,0.29219901014733396,0.13510017472253621
2016-03-29,0.29270362418203977,0.13944530614741923
2016-03-30,0.2962317400691452,0.14351114305717028
2016-03-31,0.2962317400691452,0.1450522135958492
2016-04-01,0.29744590357450584,0.14588271778783568
2016-04-04,0.3004851959540402,0.14306623343323266
2016-04-05,0.29288636752579933,0.13884225417762264
2016-04-06,0.3014984356708861,0.14841813284610694
2016-04-07,0.29845965541655617,0.14278488390829014
2016-04-08,0.3055515652466716,0.14799582833008262
2016-04-11,0.3085913697514102,0.14954539913661336
2016-04-12,0.3156838770609305,0.15630367253605248
2016-04-13,0.325309867756469,0.1639083297487398
2016-04-14,0.3303757249238961,0.16348621205178926
2016-04-15,0.33138947676594666,0.16165510490124269
2016-04-18,0.34050812209235604,0.16827354422404217
2016-04-19,0.3511470110879378,0.1732029523018188
2016-04-20,0.36178641220872376,0.1754555232825581
2016-04-21,0.364826302067663,0.17179442989590665
2016-04-22,0.37141248825846285,0.1744704263071124
2016-04-25,0.36735867584907167,0.16996397661211793
2016-04-26,0.369385325991165,0.17390754043815382
2016-04-27,0.37495827246511904,0.18080732928589582
2016-04-28,0.37546484964644167,0.17883564078241476
2016-04-29,0.3790119141661088,0.18080732928589582
2016-05-02,0.381048038624483,0.18126055235861194
2016-05-03,0.3718820217166694,0.17362039952192787
2016-05-04,0.3642440157102942,0.16923500858666962
2016-05-05,0.3632250572619995,0.16824552136299253
2016-05-06,0.35405869893738284,0.16753794412147882
2016-05-09,0.35354947577583773,0.16541549262554844
2016-05-10,0.35966049513118303,0.17531839808248684
2016-05-11,0.36118833532422,0.17446949221174424
2016-05-12,0.3622065255847082,0.176308352353848
2016-05-13,0.3581332524175509,0.17107405554784694
2016-05-16,0.36577168519492953,0.17758189797903556
2016-05-17,0.36424401571029397,0.17517688263418396
2016-05-18,0.36271591945465476,0.17531839808248662
2016-05-19,0.362206525584708,0.17206438345735542
2016-05-20,0.3632250572619993,0.17616767759137675
2016-05-23,0.3637341097151432,0.17645005462122443
2016-05-24,0.3693353937837389,0.1835234917979398
2016-05-25,0.37035477900303726,0.1853627255781909
2016-05-26,0.3723911595240137,0.18196700868568327
2016-05-27,0.37391840223764583,0.18394841178099508
2016-05-31,0.37544649849328504,0.18281610137549964
2016-06-01,0.37273257632692713,0.18469241874187392
2016-06-02,0.3737573388608715,0.18497722441967923
2016-06-03,0.383485157117879,0.1871092036883666
2016-06-06,0.3855338286437604,0.19236890788838634
2016-06-07,0.3962868362057159,0.19762823845025856
2016-06-08,0.4049907454707866,0.20217709607497558
2016-06-09,0.4049907454707866,0.19748606913519806
2016-06-10,0.39833448348118883,0.1916579679035466
2016-06-13,0.39321391427109487,0.18369798081274458
2016-06-14,0.38655739621889484,0.17971714658151217
2016-06-15,0.38962963531991024,0.1802861974799017
2016-06-16,0.3880932597068003,0.1809964835979836
2016-06-17,0.39065354431184707,0.1817074235828231
2016-06-20,0.39782235827681856,0.18867325297310633
2016-06-21,0.40447768137020845,0.19322164355013904
2016-06-22,0.40601388627491697,0.19435918488969706
2016-06-23,0.415742814136534,0.2031727483280834
2016-06-24,0.39321391427109487,0.18341326854447604
2016-06-27,0.38143733913400535,0.16635519256609288
2016-06-28,0.4003822161108619,0.18099648359798337
2016-06-29,0.4121578523517435,0.1959220198504581
2016-06-30,0.42598326972311584,0.20402511035168902
2016-07-01,0.4245937033352587,0.2064105096938058
2016-07-05,0.42047672881732856,0.19955527719513344
2016-07-06,0.42562298964184153,0.20483889423658241
2016-07-07,0.42510864522825265,0.2064105096938056
2016-07-08,0.4405482812437991,0.22240614560024463
2016-07-11,0.44209250944337586,0.22312026150933661
2016-07-12,0.4462094839613062,0.22654820469205195
2016-07-13,0.4446649143449264,0.22297725150844472
2016-07-14,0.44981160194044323,0.22540533900889437
2016-07-15,0.44929811106886164,0.22297725150844494
2016-07-18,0.4534159391287991,0.22711949741932558
2016-07-19,0.45187034526201053,0.22383419059935528
2016-07-20,0.45547348749155603,0.226976861056581
2016-07-21,0.45650268844393804,0.225262609236613
2016-07-22,0.45959046200948617,0.23068998355524872
2016-07-25,0.4539296007087821,0.22483413969115773
2016-07-26,0.44981160194044323,0.2201212549197613
2016-07-27,0.45290005833959723,0.2238341905993555
2016-07-28,0.4503266291876382,0.21869330333018788
2016-07-29,0.44929811106886186,0.21983588878473492
2016-08-01,0.4434544210701976,0.21299233247816685
2016-08-02,0.44293871098939697,0.2112709815333993
2016-08-03,0.44500650185624124,0.21672245551253821
2016-08-04,0.4532783481572249,0.22446937544982304
2016-08-05,0.4568973662681062,0.227195159144161
2016-08-08,0.46310142170224533,0.23221638879664463
2016-08-09,0.4677551034343552,0.23651995297763695
2016-08-10,0.46827132564036034,0.23422497406717513
2016-08-11,0.4713737801284337,0.23723836572542312
2016-08-12,0.4734407174532709,0.23824177097008836
2016-08-15,0.4760260961933318,0.24197226764260704
2016-08-16,0.4760260961933318,0.23938977417777174
2016-08-17,0.4786111335165899,0.24111159217022338
2016-08-18,0.48481484753392623,0.24598887772644673
2016-08-19,0.483781890996712,0.2422585678730016
2016-08-22,0.4827475687922862,0.24025026283108164
2016-08-23,0.4868822969839679,0.2444113774684027
2016-08-24,0.4858498525719581,0.2409683019407205
2016-08-25,0.48895042926761545,0.24326272039396146
2016-08-26,0.48584985257195834,0.24182879059403062
2016-08-29,0.4905025100536593,0.24799690253975593
2016-08-30,0.4905025100536593,0.24871550210661586
2016-08-31,0.4853322646987417,0.24383672199780304
2016-09-01,0.48554069965692026,0.2463007721699335
2016-09-02,0.48865629869190563,0.25206395377348567
2016-09-06,0.4902146956888036,0.25350460906006833
2016-09-07,0.48865629869190585,0.2500474286923242
2016-09-08,0.48917610577434134,0.2477412406374424
2016-09-09,0.4767099540495676,0.23578295173202002
2016-09-12,0.4772295904236017,0.24010538463945252
2016-09-13,0.4668414720697598,0.2305961069707303
2016-09-14,0.4668414720697598,0.23030765832098865
2016-09-15,0.4709960024360105,0.23751158862066024
2016-09-16,0.47203561660088145,0.23780031749901265
2016-09-19,0.4751518984694727,0.23852022479938828
2016-09-20,0.4730730115565336,0.2370796629223424
2016-09-21,0.48086482583262113,0.24730978198680842
2016-09-22,0.48761856231945067,0.2514884576170542
2016-09-23,0.49177223914369383,0.250047428692324
2016-09-26,0.48554069965692026,0.24457213528129262
2016-09-27,0.4896952300231707,0.24817400702159165
2016-09-28,0.4969674079252242,0.25653070441532555
2016-09-29,0.49437025030546256,0.25177653262864874
2016-09-30,0.5026815302471828,0.25725154581106957
2016-10-03,0.5035681896843487,0.2564694277591628
2016-10-04,0.49887063589306435,0.25429849671361593
2016-10-05,0.5072222030175282,0.2576273323777507
2016-10-06,0.5072222030175282,0.2583507892405261
2016-10-07,0.5108746799750947,0.26124629806329036
2016-10-10,0.5160939186412303,0.2648635823771668
2016-10-11,0.5093087718085327,0.2577721171598426
2016-10-12,0.5134837871829583,0.2573372957658828
2016-10-13,0.5150502074747245,0.25415361852198726
2016-10-14,0.5145276690578657,0.25704931416382526
2016-10-17,0.5160939186412306,0.2553113363215014
2016-10-18,0.5218353543074223,0.26037665527537057
2016-10-19,0.5223555028066607,0.2639952473227629
2016-10-20,0.5239220938068285,0.26413900459994966
2016-10-21,0.526009345431439,0.26442904121181754
2016-10-24,0.5286191354729084,0.2651524046650562
2016-10-25,0.5275745707643953,0.26442904121181776
2016-10-26,0.5228790654739286,0.2593641893056329
2016-10-27,0.5134837871829587,0.25473341151711315
2016-10-28,0.5134837871829587,0.2486548793172112
2016-10-31,0.4999148591847751,0.24489140907819018
2016-11-01,0.49545766282274184,0.24003672862988057
2016-11-02,0.4891656925618524,0.2345120215738643
2016-11-03,0.4870678570163516,0.23480345932878466
2016-11-04,0.4896904501879302,0.23538474687649935
2016-11-07,0.5059444506326256,0.25268372605037603
2016-11-08,0.5048968131728861,0.2499222599129678
2016-11-09,0.5027988069189839,0.2411994905443835
2016-11-10,0.48287355159256173,0.22491736758847614
2016-11-11,0.45560732287829886,0.21343294526341006
2016-11-14,0.4739598417021009,0.22244612488200954
2016-11-15,0.4902136714383949,0.23858252896045684
2016-11-16,0.4902136714383949,0.23363966990937635
2016-11-17,0.4875926146424294,0.2302969162242534
2016-11-18,0.4860200488482107,0.2302969162242534
2016-11-21,0.4938849263201217,0.24018207386919332
2016-11-22,0.5038472979207307,0.24934022508895848
2016-11-23,0.49755549836824287,0.24468786969743017
2016-11-25,0.4970312528673695,0.24628750801570365
2016-11-28,0.5007018249154904,0.24614150890963282
2016-11-29,0.49912908841287007,0.24454355196302235
2016-11-30,0.5027988069189837,0.2451246526916635
2016-12-01,0.5007970802035029,0.2392981394221383
2016-12-02,0.5097524429439191,0.24674540156526148
2016-12-05,0.513966891959081,0.24995775553696498
2016-12-06,0.5187083178095395,0.2562367446029117
2016-12-07,0.5260818965020582,0.2625155468497846
2016-12-08,0.5250291377902749,0.262369454334177
2016-12-09,0.5250291377902749,0.26295354416799666
2016-12-12,0.523975696244886,0.2612013680760743
2016-12-13,0.529770051515529,0.26426781635124375
2016-12-14,0.5208152009003173,0.25477637990405677
2016-12-15,0.5202882240650206,0.25536112360463425
2016-12-16,0.5213416656104097,0.25652892963412643
2016-12-19,0.5229222546994969,0.2597413770153669
2016-12-20,0.5239756962448858,0.2614936465168263
2016-12-21,0.5234485487011877,0.2636838199269609
2016-12-22,0.5271367037146588,0.26640904316407754
2016-12-23,0.5308240051861224,0.2687537159481348
2016-12-27,0.529770051515529,0.2675812394418009
2016-12-28,0.5318402322999938,0.26582299172998436
2016-12-29,0.5281245932338883,0.2675812394418009
2016-12-30,0.5275942022305624,0.2680200774458448
2017-01-03,0.5334327709771829,0.27329435353361053
2017-01-04,0.5382093627583417,0.28018041117943815
2017-01-05,0.5419250018244472,0.278276070952014
2017-01-06,0.5435170283764319,0.27798332546357796
2017-01-09,0.5445796881754996,0.27768983269884706
2017-01-10,0.5472326674425376,0.27783648567167574
2017-01-11,0.5482939615743938,0.2785694703072079
2017-01-12,0.5488260596617343,0.2788617487479599
2017-01-13,0.5493564506650599,0.27930180107598224
2017-01-17,0.5504177447969159,0.2779833254635775
2017-01-18,0.5493564506650599,0.27915524151269033
2017-01-19,0.5456399580569471,0.2750532551121849
2017-01-20,0.5477633998626665,0.27754439404999687
2017-01-23,0.5493564506650599,0.27754439404999687
2017-01-24,0.5520101127657036,0.2784229107439158
2017-01-25,0.5583789018072485,0.282964856062907
2017-01-26,0.5578483400955212,0.28237815076205575
2017-01-27,0.5594410494811117,0.2835504404493159
2017-01-30,0.5589101463525814,0.28091348922450665
2017-01-31,0.5567867045468622,0.2795952938407127
2017-02-01,0.559505065131658,0.28433302554890694
2017-02-02,0.5621696525699951,0.28506853224193396
2017-02-03,0.5637690195832425,0.2872754259591619
2017-02-06,0.5643018005041887,0.28639317288376964
2017-02-07,0.5648345814251348,0.28447949170266207
2017-02-08,0.5637690195832423,0.28536249205434894
2017-02-09,0.562702774907744,0.28712821252911236
2017-02-10,0.5664342898551848,0.2880117733380203
2017-02-13,0.5701654633858231,0.2899249874714438
2017-02-14,0.5717641475654645,0.29080789441359367
2017-02-15,0.5706982443067692,0.2912489742465214
2017-02-16,0.5690987065851203,0.290218667055248
2017-02-17,0.5712308545193139,0.29154340110662047
2017-02-21,0.5738956126660524,0.29581062897778443
2017-02-22,0.5733626610367046,0.29639957610751955
2017-02-23,0.5770933224421386,0.29757709672884247
2017-02-24,0.5765593465623822,0.29860609618659995
2017-02-27,0.5754944675540956,0.30022572414575577
2017-02-28,0.5754944675540956,0.2991949499067983
2017-03-01,0.5826090816016045,0.3039839634507142
2017-03-02,0.579935275909589,0.2998453605117699
2017-03-03,0.5794002757794239,0.3004365494703891
2017-03-06,0.5735151036392057,0.2962976663028343
2017-03-07,0.5622797594889344,0.28787399427119076
2017-03-08,0.5515778790932153,0.2793023615332031
2017-03-09,0.5446233895262726,0.27590328189736946
2017-03-10,0.542483389005612,0.2754593997783368
2017-03-13,0.5472989023023027,0.2764939103987676
2017-03-14,0.5419478767502424,0.2726514156915856
2017-03-15,0.5622797594889344,0.2902389369247409
2017-03-16,0.5601395882598723,0.28654430951436627
2017-03-17,0.5628147596190995,0.2869872575380308
2017-03-20,0.5612101006454071,0.2844751014544311
2017-03-21,0.5494380492809561,0.27531106543384554
2017-03-22,0.5537192452810875,0.2784157182095799
2017-03-23,0.5526487328955529,0.2788581057760233
2017-03-24,0.5579985634888032,0.2832923498990454
2017-03-27,0.5558599286353543,0.2819621980945366
2017-03-28,0.5633495890408637,0.28905637218842917
2017-03-29,0.570839249446373,0.29171620874976245
2017-03-30,0.5794002757794241,0.2977762458613713
2017-03-31,0.5815406177168876,0.29733320442817
2017-04-03,0.5792838526496307,0.2966346879117292
2017-04-04,0.5841198509544963,0.2970801579928881
2017-04-05,0.582508192936344,0.2960421912195945
2017-04-06,0.5862692404372372,0.29767508333298065
2017-04-07,0.5851941189248633,0.29708015799288834
2017-04-10,0.5905680194027187,0.2988615712698397
2017-04-11,0.5862692404372372,0.2963387664990411
2017-04-12,0.5830450708589254,0.29722849233738
2017-04-13,0.5830450708589254,0.29455697958394245
2017-04-17,0.5862692404372372,0.2984161945982178
2017-04-18,0.5873436791160054,0.29811980613784517
2017-04-19,0.5835819487815066,0.2969322906960812
2017-04-20,0.5878812398721924,0.3012363219247576
2017-04-21,0.5873436791160054,0.30019844856100075
2017-04-24,0.5932544575164422,0.3062838930666285
2017-04-25,0.5948666276597991,0.308657616216641
2017-04-26,0.5905680194027192,0.3074706612320979
2017-04-27,0.5927172381770587,0.3083604804799738
2017-04-28,0.5954038469991836,0.3079156642655727
2017-05-01,0.5966986702242323,0.3085868117877213
2017-05-02,0.5961592316756292,0.3090334961928589
2017-05-03,0.5961592316756292,0.3102255887019276
2017-05-04,0.5842917543147641,0.303220153668027
2017-05-05,0.5864498499259791,0.30545619116074696
2017-05-08,0.5875283856063824,0.30694691395907236
2017-05-09,0.585909557835369,0.30605242423435497
2017-05-10,0.5934620389326144,0.3117161246811795
2017-05-11,0.595080525286825,0.3118659535782604
2017-05-12,0.5966986702242327,0.31141861530636494
2017-05-15,0.5988560830018417,0.3143999674934792
2017-05-16,0.6026324942588659,0.31633830879231084
2017-05-17,0.5956194517102236,0.310523938762574
2017-05-18,0.5956194517102236,0.31201438133228887
2017-05-19,0.5993955215504447,0.3143999674934792
2017-05-22,0.6020930557102626,0.31842451738794986
2017-05-23,0.6037105178140643,0.31827515553855323
2017-05-24,0.606947319814084,0.3205107259835889
2017-05-25,0.6037105178140643,0.31946771509530625
2017-05-26,0.6053284920430704,0.32021302978970057
2017-05-30,0.6047897363280732,0.3215545775577029
2017-05-31,0.6042502977794701,0.3214054959369166
2017-06-01,0.6073925273250826,0.3252535018067719
2017-06-02,0.6101020110730029,0.32600012423468194
2017-06-05,0.6057670419264125,0.3248038282964554
2017-06-06,0.6073925273250826,0.3227075314708383
2017-06-07,0.6025169246710791,0.32001322679041344
2017-06-08,0.6046835557023671,0.3210605345173905
2017-06-09,0.6014339505722384,0.3221094302064935
2017-06-12,0.6084761842575297,0.3243543416052126
2017-06-13,0.6122689835210935,0.3267495489486967
2017-06-14,0.6101020110730027,0.32689956466485115
2017-06-15,0.6041424100697494,0.321810052640942
2017-06-16,0.6025169246710791,0.3195642071468545
2017-06-19,0.6057670419264125,0.3236063180342499
2017-06-20,0.600891780689212,0.3189657322443624
2017-06-21,0.5873481175344439,0.31133062352266716
2017-06-22,0.5862649727272016,0.31492278067113544
2017-06-23,0.5970996642592541,0.3203126043559643
2017-06-26,0.5970996642592541,0.3221094302064933
2017-06-27,0.5992662952905419,0.31791739701248023
2017-06-28,0.6041424100697499,0.323306753649625
2017-06-29,0.5992662952905421,0.3200132267904132
2017-06-30,0.605767041926413,0.32315711157161764
2017-07-03,0.6052779623562397,0.3225108109862669
2017-07-05,0.6003808504436525,0.321457805277543
2017-07-06,0.5998359492262029,0.318150360397343
2017-07-07,0.5976594171076306,0.31694808624875925
2017-07-10,0.5949388373136157,0.3184516995631679
2017-07-11,0.5943944482213706,0.3175494568468933
2017-07-12,0.6014686043777344,0.3261187543464601
2017-07-13,0.6069099346741653,0.32717147982657324
2017-07-14,0.6123519478042019,0.33092943890292115
2017-07-17,0.6145281385059713,0.33138051355628995
2017-07-18,0.61779293668383,0.33198197756396053
2017-07-19,0.6221463423377775,0.33423688378312066
2017-07-20,0.6205150528534578,0.33498836350694616
2017-07-21,0.6210587591120973,0.33393582484590656
2017-07-24,0.6177929366838302,0.3349883635069464
2017-07-25,0.6243238987067588,0.3355897341050804
2017-07-26,0.6303094473870337,0.3375437682061
2017-07-27,0.6308543486044833,0.33649141636413393
2017-07-28,0.6303094473870337,0.33664208594704625
2017-07-31,0.6292216934529518,0.33664208594704625
2017-08-01,0.6268708680564921,0.33797008933220796
2017-08-02,0.6323364389459296,0.33827254941247475
2017-08-03,0.6312430516345997,0.3357062157975117
2017-08-04,0.6334291434236534,0.3360079286014839
2017-08-07,0.6350686269112433,0.33540403594585544
2017-08-08,0.6290566184287429,0.3296677562889112
2017-08-09,0.6246847762674379,0.3245349022399113
2017-08-10,0.6143017791656398,0.3160817127946285
2017-08-11,0.6159409212364266,0.3183457731483985
2017-08-14,0.6214061507090614,0.3252900249356734
2017-08-15,0.6241390215079807,0.3257424073225581
2017-08-16,0.6268708680564918,0.3258941978199126
2017-08-17,0.6214061507090614,0.31849653614084805
2017-08-18,0.6219524175937226,0.3204586034620356
2017-08-21,0.6175812582660236,0.32181799245157316
2017-08-22,0.6274176470663577,0.3272530263522293
2017-08-23,0.6306967847499385,0.3274036959351416
2017-08-24,0.6317898306444654,0.3293653896181816
2017-08-25,0.6345225307349835,0.33178077342162204
2017-08-28,0.6356147230875033,0.331932283690366
2017-08-29,0.6334291434236536,0.3302717423540771
2017-08-30,0.6361609899721647,0.3338951916973847
2017-08-31,0.6405333442586743,0.33751752012625036
2017-09-01,0.6400947943753321,0.33888288732614535
2017-09-05,0.6444840487935857,0.3358507203509937
2017-09-06,0.6450325348874659,0.33494025759547763
2017-09-07,0.648873303211839,0.3350919546832951
2017-09-08,0.64174110619898,0.33084789237726575
2017-09-11,0.6466795295447196,0.3350919546832951
2017-09-12,0.6483248171179588,0.3367594083253098
2017-09-13,0.6499707875248038,0.3372137523124681
2017-09-14,0.6521659268591349,0.33903327668044736
2017-09-15,0.6527154372034236,0.34024647974484057
2017-09-18,0.6499707875248035,0.33963987821264396
2017-09-19,0.6560061830583035,0.3410047783648549
2017-09-20,0.6538113851407752,0.34085289445796363
2017-09-21,0.6543598712346554,0.3391842264919702
2017-09-22,0.6560061830583035,0.34054987392047575
2017-09-25,0.6582018345178389,0.341307612083269
2017-09-26,0.6576524948819515,0.34297478549667293
2017-09-27,0.6614930924979234,0.343581200209796
2017-09-28,0.6603961203101629,0.343581200209796
2017-09-29,0.6631404285719802,0.3455519546179089
2017-10-02,0.6626441792489457,0.34486726271291945
2017-10-03,0.6637455898551439,0.3473025427477052
2017-10-04,0.6631948845520448,0.3459326918900423
2017-10-05,0.6642969779918488,0.3476081787522243
2017-10-06,0.6642969779918488,0.34562808339042816
2017-10-09,0.6653989007232515,0.34578052775454027
2017-10-10,0.6676018926440497,0.34684614375073664
2017-10-11,0.6637455898551439,0.34547591925492616
2017-10-12,0.6637455898551439,0.3439536240331509
2017-10-13,0.6659496060263506,0.3445624673942316
2017-10-16,0.6676018926440495,0.3453242221671087
2017-10-17,0.6714585368497581,0.347302542747705
2017-10-18,0.6725601181643579,0.3486727672435155
2017-10-19,0.6742125754904584,0.3488242775122594
2017-10-20,0.6714585368497581,0.3500423378725681
2017-10-23,0.6725601181643579,0.34851994924125607
2017-10-24,0.6720092421528572,0.34851994924125607
2017-10-25,0.6676018926440492,0.34471397766297573
2017-10-26,0.6676018926440492,0.34304054581060384
2017-10-27,0.6703562727015524,0.34669360597708776
2017-10-30,0.6648478540033491,0.3463896513442315
2017-10-31,0.6653989007232513,0.34669360597708754
2017-11-01,0.66855239702336,0.34540978530284816
2017-11-02,0.6729776709143209,0.34464560188201343
2017-11-03,0.6735309368434419,0.3447987001128836
2017-11-06,0.6718716511812832,0.3449507708388484
2017-11-07,0.6663398454320804,0.3411296669156012
2017-11-08,0.6574869077325383,0.33516836368442515
2017-11-09,0.6491889430461317,0.32859550821560046
2017-11-10,0.6475296573839731,0.3315000777634376
2017-11-13,0.6469769035800566,0.3305838236166381
2017-11-14,0.6442102325176484,0.3249275959327602
2017-11-15,0.6419968273843613,0.3249275959327602
2017-11-16,0.6552748682664626,0.33791983500139233
2017-11-17,0.6525085386208576,0.33700302039737173
2017-11-20,0.6541683364082205,0.337308562992354
2017-11-21,0.6597011664078323,0.3400593804425631
2017-11-22,0.6652326307402323,0.3422003270267866
2017-11-24,0.6652326307402323,0.3431171416308072
2017-11-27,0.6619132058739077,0.3389892807885988
2017-11-28,0.6691054922440793,0.3431171416308072
2017-11-29,0.6663398454320801,0.3414363304250254
2017-11-30,0.6641271231323989,0.3417414059723234
2017-12-01,0.6647928858980798,0.3413117221028894
2017-12-04,0.6636819156214,0.34085102626722663
2017-12-05,0.6636819156214,0.34008366692213965
2017-12-06,0.6631269426082644,0.3388556117413899
2017-12-07,0.6636819156214,0.33946884535070176
2017-12-08,0.6642379128849445,0.34085102626722685
2017-12-11,0.6642379128849445,0.3411584370529459
2017-12-12,0.6670151678682428,0.3405445495768762
2017-12-13,0.665348029619617,0.3413117221028896
2017-12-14,0.6625700918027129,0.33854810754613407
2017-12-15,0.66479288589808,0.3387014860056148
2017-12-18,0.6625700918027131,0.34008366692213965
2017-12-19,0.6609044899297005,0.3373208930512157
2017-12-20,0.6597938610698235,0.33839575659155874
2017-12-21,0.6614606579016462,0.3397974601012821
2017-12-22,0.6631269426082647,0.3410308396256314
2017-12-26,0.6697919107263368,0.34303400714302534
2017-12-27,0.6697364304958635,0.3436514441814946
2017-12-28,0.6725338290705336,0.34303400714302534
2017-12-29,0.6758914926187845,0.3450384823939352
2018-01-02,0.6742130876156625,0.34627176850874775
2018-01-03,0.6792491561670353,0.3527451428208448
2018-01-04,0.6898803632845516,0.355057309086084
2018-01-05,0.6904399454245265,0.355982904186567
2018-01-08,0.6926781032760245,0.3549030899407719
2018-01-09,0.6887613697130031,0.350741321436693
2018-01-10,0.6842850540100067,0.34781293245696343
2018-01-11,0.6937970968475728,0.3522828590230562
2018-01-12,0.6932378561244008,0.34997087957689077
2018-01-16,0.692119374678057,0.34920025089801454
2018-01-17,0.6909995275645013,0.34935400299564257
2018-01-18,0.6865230411531034,0.3479673384213495
2018-01-19,0.6882022996982327,0.34935400299564257
2018-01-22,0.6876420347246519,0.35058756933906543
2018-01-23,0.6954761846843005,0.35459455824061115
2018-01-24,0.6960355961158737,0.3525909236755329
2018-01-25,0.6926781032760241,0.3516665428990289
2018-01-26,0.6960355961158735,0.35274514282084524
2018-01-29,0.6921193746780565,0.3479673384213495
2018-01-30,0.6854043889983576,0.34334235202411323
2018-01-31,0.6848449775667842,0.3456546116988892
2018-02-01,0.6809104903300114,0.34311676799266033
2018-02-02,0.6730423693984726,0.33460323598658315
2018-02-05,0.6651744191753355,0.32717288096962704
2018-02-06,0.6702330212357006,0.33522272803486297
2018-02-07,0.6589935800837945,0.3302685664298257
2018-02-08,0.6460678813422993,0.3186588819158658
2018-02-09,0.6449427422682985,0.3149443582741456
2018-02-12,0.6516869190846464,0.3239222290878221
2018-02-13,0.6455047143258936,0.31974346004803955
2018-02-14,0.6460678813422991,0.32206515408603575
2018-02-15,0.6584309251925928,0.33274522688942865
2018-02-16,0.6646121057009369,0.3381629800257706
2018-02-20,0.6595552107245863,0.33351903149255735
2018-02-21,0.651124947027051,0.32748234676515686
2018-02-22,0.6471909719154825,0.32841130460896584
2018-02-23,0.6589935800837943,0.3372343024105724
2018-02-26,0.6640508164769476,0.33955693054393676
2018-02-27,0.6618027575381649,0.33599578536169705
2018-02-28,0.6550582393050137,0.3339835571192302
2018-03-01,0.6493596514475877,0.325141877410257
2018-03-02,0.6465380122799105,0.3326007223359473
2018-03-05,0.6454101418714864,0.3326007223359473
2018-03-06,0.6499246962564091,0.33446545691975405
2018-03-07,0.6499246962564091,0.33120191452186587
2018-03-08,0.6499246962564091,0.33275634262431186
2018-03-09,0.6550029297829416,0.33757375266742495
2018-03-12,0.656131653733373,0.33539889842133097
2018-03-13,0.653309673148893,0.33120191452186587
2018-03-14,0.6482314396223605,0.32964757982895665
2018-03-15,0.6425881612870064,0.3305808345114598
2018-03-16,0.6437175680710436,0.33337751604425425
2018-03-19,0.6403310548029464,0.32793846553351425
2018-03-20,0.6431525232622222,0.3305808345114598
2018-03-21,0.6425881612870064,0.3310464810525746
2018-03-22,0.636382228060451,0.32312105549040093
2018-03-23,0.6307391204334982,0.3197020796232217
2018-03-26,0.6386391638361093,0.3282495192911694
2018-03-27,0.6341244387427851,0.32700605153684204
2018-03-28,0.6352535041100194,0.32638478470736265
2018-03-29,0.639767204952935,0.33089067394513627
2018-04-02,0.6348354392348521,0.3257269013394446
2018-04-03,0.6393703079195483,0.3294710358043411
2018-04-04,0.6382366334254745,0.3324359479129726
2018-04-05,0.6371034710566053,0.3335285592653139
2018-04-06,0.6427715021101705,0.3305642076139035
2018-04-09,0.6495730369494082,0.33555704076718995
2018-04-10,0.6575106362003396,0.3403940668130381
2018-04-11,0.6592102090452421,0.3408630760974789
2018-04-12,0.6620448220514297,0.34569963509564294
2018-04-13,0.6660134509684941,0.3464796047282024
2018-04-16,0.6631788379623063,0.3485077125919309
2018-04-17,0.6671469547541664,0.3491324355742733
2018-04-18,0.6654468697840596,0.34772783636890825
2018-04-19,0.6671469547541664,0.34351497284818144
2018-04-20,0.660345078498126,0.3402383531151365
2018-04-23,0.6541087591761114,0.33664909166230994
2018-04-24,0.6461725255923916,0.333996354225776
2018-04-25,0.645038851098318,0.33415244156182466
2018-04-26,0.6473065415032682,0.3388335670906977
2018-04-27,0.6501406423842515,0.33820977820372367
2018-04-30,0.6495730369494082,0.33727278713974695
2018-05-01,0.6502570655140452,0.33826096662990834
2018-05-02,0.6445651352842758,0.33778971551658343
2018-05-03,0.6485494693742742,0.33763418863775563
2018-05-04,0.6491180990595262,0.33857454244505836
2018-05-07,0.6502570655140449,0.3398275379721427
2018-05-08,0.6508260366160998,0.33778971551658343
2018-05-09,0.6525341448810751,0.3399848396321703
2018-05-10,0.6570883036151358,0.34390234219742966
2018-05-11,0.6582264165276472,0.3434316515413258
2018-05-14,0.6644881714014788,0.3437454141755494
2018-05-15,0.6565189910962779,0.3371638716197991
2018-05-16,0.6582264165276472,0.33888783803159805
2018-05-17,0.6536724285019881,0.33967098358840975
2018-05-18,0.6468420439429043,0.33826096662990834
2018-05-21,0.6462718778820391,0.34014102037775595
2018-05-22,0.6485494693742737,0.3410810005469114
2018-05-23,0.65310311598313,0.3421780021474836
2018-05-24,0.6536724285019881,0.34296114770429553
2018-05-25,0.6496882651203912,0.3407671445031508
2018-05-29,0.6428571977277018,0.3351262359833138
2018-05-30,0.6479799861470148,0.339200853389527
2018-05-31,0.6434266809549616,0.3379472039956848
2018-06-01,0.64868723105425,0.3410006683452347
2018-06-04,0.6521188113403316,0.343833966416468
2018-06-05,0.6561214112292859,0.3454086643884069
2018-06-06,0.6601243525350429,0.3487141476683333
2018-06-07,0.6566936257909683,0.3491866131056369
2018-06-08,0.6566936257909683,0.34839954434827813
2018-06-11,0.6584087331004036,0.35091777205177177
2018-06-12,0.6584087331004036,0.35202019140548035
2018-06-13,0.6561214112292859,0.3524920963855631
2018-06-14,0.6618403133864854,0.35642725335328396
2018-06-15,0.6624121865313655,0.3556399977768514
2018-06-18,0.6606967378051276,0.3554832565740449
2018-06-19,0.6578368599555242,0.3535936750534403
2018-06-20,0.6595517965565578,0.3550109779558148
2018-06-21,0.6555495380844065,0.3521773062464344
2018-06-22,0.6566936257909692,0.352334607906462
2018-06-25,0.6526910259020151,0.3491866131056367
2018-06-26,0.6504026797804885,0.34902875098838804
2018-06-27,0.6504026797804885,0.34619629360298654
2018-06-28,0.6463999091831327,0.34241778442853543
2018-06-29,0.6401086217558491,0.33926932258002607
2018-07-02,0.6422342827707874,0.3405504343776973
2018-07-03,0.6445323592711967,0.34070867013309325
2018-07-05,0.6451061102084923,0.34576838451475256
2018-07-06,0.6497012389589027,0.34924714248550526
2018-07-09,0.6502760141466075,0.35130177865769463
2018-07-10,0.6531485244179187,0.35146104191799576
2018-07-11,0.6531485244179187,0.3494047243741434
2018-07-12,0.6588920085849277,0.35367410066465443
2018-07-13,0.655445064542715,0.35367410066465443
2018-07-16,0.6519993154593124,0.35272543340857365
2018-07-17,0.6537227874804188,0.35319967362707727
2018-07-18,0.6537227874804188,0.35383205619143987
2018-07-19,0.6537227874804188,0.35319967362707727
2018-07-20,0.6560208639808283,0.35383205619143987
2018-07-23,0.6548721671474265,0.35335800279201
2018-07-24,0.6583182576476321,0.3562040045602526
2018-07-25,0.6594659302306252,0.3587344689130718
2018-07-26,0.6606151391892314,0.3588921442112467
2018-07-27,0.6629135571064437,0.35841809081181686
2018-07-30,0.6640629367734512,0.35889214421124693
2018-07-31,0.6663587940646418,0.3617384262080998
2018-08-01,0.6680327606493257,0.36296153068339754
2018-08-02,0.6697642559653005,0.3637551381083348
2018-08-03,0.6709194397179579,0.36486643136804275
2018-08-06,0.672074623470615,0.3674079180462082
2018-08-07,0.6726514471591372,0.3680423556203811
2018-08-08,0.6738054359529841,0.3672484679668333
2018-08-09,0.6720746234706152,0.36629578410066865
2018-08-10,0.6703424453210345,0.36391365409234133
2018-08-13,0.6680327606493259,0.36296153068339776
2018-08-14,0.6714966048232831,0.36534300682496745
2018-08-15,0.6657246123532305,0.36296153068339776
2018-08-16,0.6680327606493262,0.3647079153840367
2018-08-17,0.6703424453210349,0.3662957841006691
2018-08-20,0.6720746234706156,0.3669312491797472
2018-08-21,0.6726514471591378,0.3689951328960832
2018-08-22,0.6749592540384302,0.36947189517208123
2018-08-23,0.6738054359529846,0.36931328577853795
2018-08-24,0.67611358424908,0.37169550919640226
2018-08-27,0.67726791445973,0.3721710571484216
2018-08-28,0.6761135842490802,0.37153661957424844
2018-08-29,0.6766910907712083,0.37074217146347976
2018-08-30,0.673805435952985,0.3696310650228454
2018-08-31,0.6755364191437556,0.3713777299520946
2018-09-04,0.6733909559542484,0.36852322791600023
2018-09-05,0.67571037100484,0.3670875233348696
2018-09-06,0.6739720473528068,0.36820386070956657
2018-09-07,0.6716522908854121,0.3667682495379727
2018-09-10,0.6739720473528066,0.36947992839224875
2018-09-11,0.6757103710048398,0.369798268093777
2018-09-12,0.6786098532035811,0.3729880169575668
2018-09-13,0.6809290975457711,0.37554015232293114
2018-09-14,0.6815098475275265,0.3768154727293189
2018-09-17,0.6809290975457709,0.37585905248168094
2018-09-18,0.6826682747398114,0.37569922876415895
2018-09-19,0.6797693046662745,0.37314737362740513
2018-09-20,0.6809290975457711,0.37506161526573356
2018-09-21,0.6820887197168664,0.37538042201494637
2018-09-24,0.6815098475275267,0.3747421546497631
2018-09-25,0.683828067619308,0.37362591068460294
2018-09-26,0.6849882019156075,0.37506161526573356
2018-09-27,0.6873074462577977,0.37761365722156115
2018-09-28,0.6861476533783011,0.37857007746919935
2018-10-01,0.6895835013744189,0.38255922514921004
2018-10-02,0.6901656170233863,0.3814379370690608
2018-10-03,0.6855066433308312,0.37775293084097994
2018-10-04,0.6785180120835972,0.37262708250724264
2018-10-05,0.6709462409369873,0.3665384620773626
2018-10-08,0.6645404081723263,0.3634942452719594
2018-10-09,0.6721111550685273,0.3655773713528827
2018-10-10,0.6645404081723261,0.3558045853807532
2018-10-11,0.6622097263672382,0.3569268075562706
2018-10-12,0.6709462409369868,0.3641359687900052
2018-10-15,0.6697818389306511,0.36317469124645174
2018-10-16,0.673275898491666,0.36782069478947554
2018-10-17,0.6680342970249395,0.36509733974309544
2018-10-18,0.6645404081723261,0.35932967448177533
2018-10-19,0.6645404081723261,0.36013094148873304
2018-10-22,0.6651225238212934,0.3607707968160423
2018-10-23,0.6622097263672386,0.3594896850183711
2018-10-24,0.6528917789821285,0.35276027516581343
2018-10-25,0.6558038936025774,0.35548559181246686
2018-10-26,0.6499796643616791,0.3493971582016604
2018-10-29,0.644155435120781,0.34811492548954726
2018-10-30,0.6429912038228467,0.35131868578386194
2018-10-31,0.6424087467570765,0.35131868578386194
2018-11-01,0.6470916196258356,0.3575174360576687
2018-11-02,0.6470916196258356,0.35671299312645877
2018-11-05,0.6494328853518134,0.3578397923692811
2018-11-06,0.6511877677187881,0.3613816951869331
2018-11-07,0.6535293748615689,0.3692704108011313
2018-11-08,0.6511877677187881,0.3658892657963697
2018-11-09,0.6400673103226973,0.35816233549996723
2018-11-12,0.6301170590185918,0.3497895716658981
2018-11-13,0.6236782795324498,0.3475360665897904
2018-11-14,0.6195804243554828,0.3449601117925334
2018-11-15,0.616068781829118,0.3446378488904578
2018-11-16,0.6049476415994213,0.3406131121769136
2018-11-19,0.6008502985476587,0.3364272440123315
2018-11-20,0.5955827494039105,0.33224146925728637
2018-11-21,0.604362965324432,0.33900310540005174
2018-11-23,0.593826330661323,0.331597784138967
2018-11-26,0.6055330007080162,0.33787658638583995
2018-11-27,0.6002657929810711,0.3372318737626152
2018-11-28,0.6119714387773554,0.3483412567972948
2018-11-29,0.6096296609261729,0.34866277242307553
2018-11-30,0.6078744371423956,0.34592559276524404
2018-12-03,0.6173499483820502,0.3552416995117944
2018-12-04,0.612053549518456,0.3468312916343814
2018-12-06,0.6079336729577012,0.3421415724281196
2018-12-07,0.6014590447072532,0.33955403484829527
2018-12-10,0.6067559556960518,0.34052409288831087
2018-12-11,0.608521934109121,0.34295012537895
2018-12-12,0.6149953674007591,0.3473175816831362
2018-12-13,0.620293131931565,0.35055123302923774
2018-12-14,0.6138191865147229,0.34489173601157064
2018-12-17,0.6044017161315636,0.33615747726995604
2018-12-18,0.5985160318661411,0.33373686253245327
2018-12-19,0.5879223805969456,0.32171215944634235
2018-12-20,0.5732081699333893,0.31017542778064944
2018-12-21,0.5637920652174417,0.30367608561731263
2018-12-24,0.5473120468492176,0.29392646521031796
2018-12-26,0.5690884640810359,0.31570060188435
2018-12-27,0.5770178693286976,0.31488765868528823
2018-12-28,0.5811602793984447,0.31683758276668716
2018-12-31,0.5782024149264053,0.3178123112835447
2019-01-02,0.5823427764953351,0.316025480253457
2019-01-03,0.5841193388292945,0.3166751435821338
2019-01-04,0.6083809289695188,0.3387736915775883
2019-01-07,0.6302761592487509,0.35177349681870407
2019-01-08,0.6409275099576388,0.36054857552791497
2019-01-09,0.6468449459857324,0.36217231350669143
2019-01-10,0.6533537159164717,0.3675354220639857
2019-01-11,0.648027955207827,0.3631484431666012
2019-01-14,0.6450690664853787,0.35876090381199566
2019-01-15,0.6509870146386767,0.36331069553208106
2019-01-16,0.6509870146386767,0.36542240493127554
2019-01-17,0.6509870146386767,0.36916046777627787
2019-01-18,0.6545372372637708,0.3730597554818549
2019-01-22,0.648027955207827,0.3639601720416845
2019-01-23,0.6474366213051812,0.36672303932214523
2019-01-24,0.648027955207827,0.36818499198312615
2019-01-25,0.6492114765551258,0.3715972423636533
2019-01-28,0.6480279552078267,0.3694852527358483
2019-01-29,0.6450690664853784,0.36867230953678654
2019-01-30,0.6657811168341143,0.3795595646928762
2019-01-31,0.6693306566256025,0.3829713480257193
2019-02-01,0.6706389658143663,0.3823028159706021
2019-02-04,0.6700437056184871,0.38556747928293245
2019-02-05,0.6795535292468347,0.3904653149372592
2019-02-06,0.6819309851539215,0.389158422107422
2019-02-07,0.675393365503336,0.3844249872379222
2019-02-08,0.6771760733397476,0.3840988011352997
2019-02-11,0.6753933655033357,0.3847509865214709
2019-02-12,0.6801479359007063,0.39144349960697933
2019-02-13,0.6783642038138857,0.3894852620768021
2019-02-14,0.6789589518845607,0.38964742103274497
2019-02-15,0.6890630114583787,0.3940556973045275
2019-02-19,0.691439955240261,0.39454609737290336
2019-02-20,0.6938175818557493,0.39568812237022954
2019-02-21,0.6938175818557493,0.3943823504548343
2019-02-22,0.6961946963460333,0.3971571741560096
2019-02-25,0.6979779163076496,0.3983002266582407
2019-02-26,0.7003543479643275,0.4000952777275699
2019-02-27,0.7015435026888746,0.4005856777959458
2019-02-28,0.7003543479643275,0.3997696520821685
2019-03-01,0.7048900701910308,0.4037369419305601
2019-03-04,0.6989224458929091,0.4016054297095568
2019-03-05,0.703100704726962,0.40095006839913316
2019-03-06,0.6983265028634238,0.3986539685742294
2019-03-07,0.6947452113092647,0.39766952546554135
2019-03-08,0.690568147434022,0.39537407950739545
2019-03-11,0.6929551630115902,0.39996599892859264
2019-03-12,0.6971327390120374,0.4024258456715657
2019-03-13,0.7001167218694999,0.40619688208307037
2019-03-14,0.698326502863424,0.4052127192029926
2019-03-15,0.7036966477564472,0.4065247495573556
2019-03-18,0.7054868667625234,0.4060333219840746
2019-03-19,0.7054868667625234,0.4068525236221041
2019-03-20,0.7114539789354408,0.41291965985851253
2019-03-21,0.7150344169475928,0.41259104510793243
2019-03-22,0.7072774271854025,0.4075088190278964
2019-03-25,0.7090676461914787,0.40701645735924696
2019-03-26,0.7156312135190857,0.4104597197060027
2019-03-27,0.7114539789354413,0.41144378917654323
2019-03-28,0.7090676461914787,0.4142315968033383
2019-03-29,0.7156312135190857,0.4178387928872369
2019-04-01,0.7207272007193699,0.4174925237341951
2019-04-02,0.7189299826688342,0.4181520884737764
2019-04-03,0.7237255230825546,0.4186452908282574
2019-04-04,0.7237255230825546,0.4207863308220179
2019-04-05,0.7279215355903592,0.42342188090377464
2019-04-08,0.7285220877466836,0.42259875606519803
2019-04-09,0.7285220877466836,0.42161010952735234
2019-04-10,0.7369158198463075,0.4278678946284378
2019-04-11,0.737515518460625,0.4300095884889559
2019-04-12,0.7399131179590837,0.43215034825410537
2019-04-15,0.7369158198463077,0.4311620753544072
2019-04-16,0.7345175375142432,0.43033829664907275
2019-04-17,0.7297208021417125,0.4268796217287394
2019-04-18,0.73331831099401,0.4275385326015626
2019-04-22,0.73331831099401,0.4250682239904642
2019-04-23,0.7387144035640549,0.43000958848895543
2019-04-24,0.741112515187718,0.42803285587048534
2019-04-25,0.7405133286986052,0.4286912996956245
2019-04-26,0.7423122538331555,0.43231493585800584
2019-04-29,0.7435111389365856,0.4316562118042562
2019-04-30,0.7441101547172972,0.4318209862272304
2019-05-01,0.7407972167702279,0.427124261305706
2019-05-02,0.7420020766677089,0.4281164574059513
2019-05-03,0.7456154614013419,0.4317544786370049
2019-05-06,0.7510368188148024,0.43241628520547004
2019-05-07,0.7389902683408092,0.42381597573967444
2019-05-08,0.7444106015038607,0.42431216719933373
2019-05-09,0.7383883505172728,0.42216178625189005
2019-05-10,0.7420020766677089,0.426131598157776
2019-05-13,0.7269433764500128,0.41306603260272956
2019-05-14,0.7269433764500128,0.4162081426027342
2019-05-15,0.7305576147256534,0.41753166233012773
2019-05-16,0.734773429408027,0.42183158353918326
2019-05-17,0.734773429408027,0.42133511185091344
2019-05-20,0.735376030065169,0.4200123393998145
2019-05-21,0.7371834906197923,0.4244772218509181
2019-05-22,0.7395928689979514,0.42563521987904296
2019-05-23,0.7317616210811273,0.4185230177445416
2019-05-24,0.7233293088827744,0.41653881236312484
2019-05-28,0.7251360866037915,0.41521641355017325
2019-05-29,0.7191129820751962,0.41141165629587184
2019-05-30,0.7179079514693139,0.41438936551104955
2019-05-31,0.708270096539874,0.40413467973839623
2019-06-03,0.7089968022048749,0.40639406961532454
2019-06-04,0.7217050184429141,0.4205160036224207
2019-06-05,0.7247311662755362,0.42383942153341936
2019-06-06,0.7338084148145925,0.4268299278551433
2019-06-07,0.7416755114957225,0.43048476280282677
2019-06-10,0.7453071620283114,0.4326456990279324
2019-06-11,0.746517826011442,0.4346387783153485
2019-06-12,0.7398598569378296,0.43131582745203434
2019-06-13,0.7459118111862708,0.4346387783153485
2019-06-14,0.7453071620283114,0.4336415381001142
2019-06-17,0.7453071620283114,0.4314821898371346
2019-06-18,0.7537789078674006,0.44145066878893013
2019-06-19,0.7622521900821031,0.4482625592625118
2019-06-20,0.7695142961884704,0.4555726962055633
2019-06-21,0.7646718109643496,0.4509211814998664
2019-06-24,0.7652771429559146,0.4507538850193977
2019-06-25,0.7616466873821359,0.44460753749575455
2019-06-26,0.7634616591064232,0.4439427418221107
2019-06-27,0.7689084520717004,0.4479300213113846
2019-06-28,0.773144751762249,0.4484278941427069
2019-07-01,0.7705303525939402,0.44886206166990883
2019-07-02,0.7784322737889675,0.45203322203586893
2019-07-03,0.783294731896059,0.4575395274131291
2019-07-05,0.7766089373530092,0.4516995631702998
2019-07-08,0.7699234842267622,0.44886206166990905
2019-07-09,0.7705303525939404,0.44719376734206295
2019-07-10,0.7723542011551032,0.4511986078242616
2019-07-11,0.7766089373530087,0.44836194700970244
2019-07-12,0.7747854302086488,0.4506979327068341
2019-07-15,0.7760010447354215,0.4516995631702996
2019-07-16,0.7784322737889673,0.4486955124657348
2019-07-17,0.7772170006789973,0.446859454609736
2019-07-18,0.7711382452115272,0.4475274262076323
2019-07-19,0.7674924258816174,0.44502423743956876
2019-07-22,0.7826870099868728,0.449863411904764
2019-07-23,0.7845101757144299,0.45236706772051183
2019-07-24,0.7881578728367558,0.4535345001118569
2019-07-25,0.7881578728367558,0.45153273373751546
2019-07-26,0.7911968237994873,0.4547037072844018
2019-07-29,0.7918038628750672,0.4525339905628336
2019-07-30,0.7924119262010558,0.45320112147489855
2019-07-31,0.7845101757144302,0.450697932706835
2019-08-01,0.7895779960284737,0.4499765308538699
2019-08-02,0.7853039697812034,0.4477996215979656
2019-08-05,0.7559972635443291,0.43271575618055813
2019-08-06,0.7639343506700562,0.4419331290466757
2019-08-07,0.7614918548620144,0.4417660193852806
2019-08-08,0.7657657104008835,0.44746353408443884
2019-08-09,0.7639343506700564,0.445452893804098
2019-08-12,0.7553866395923188,0.44042484525542536
2019-08-13,0.7614918548620144,0.4467931338385849
2019-08-14,0.7474485282161827,0.43388897996318665
2019-08-15,0.7541653916882975,0.43807905155692617
2019-08-16,0.7633232145928412,0.44293877612022503
2019-08-19,0.7694291126961428,0.447128660894891
2019-08-20,0.7724820617477934,0.4483011374012247
2019-08-21,0.7816409089027461,0.45450212950391533
2019-08-22,0.7846930044123894,0.4571834502587204
2019-08-23,0.7773663705302714,0.45048075553369715
2019-08-26,0.7871356709288329,0.4576871144813266
2019-08-27,0.7828619860983654,0.4570163405973253
2019-08-28,0.7914100385929062,0.4605354514879898
2019-08-29,0.7938520222757437,0.4620434550506296
2019-08-30,0.7907997560576987,0.4607034018352165
2019-09-03,0.7857715400927929,0.45651230273657184
2019-09-04,0.7906770167170516,0.4595417608351553
2019-09-05,0.7992617715179053,0.465264869747406
2019-09-06,0.802328889366877,0.4666105275350292
2019-09-09,0.802328889366877,0.46812544340339457
2019-09-10,0.8035544049809344,0.46896715673980105
2019-09-11,0.801715363372042,0.468798832754427
2019-09-12,0.8066206692878992,0.46964073290990727
2019-09-13,0.8066206692878992,0.46694782937253465
2019-09-16,0.8109134734593297,0.4721646585951478
2019-09-17,0.8096877871368711,0.4730061851124807
2019-09-18,0.810300801006502,0.472164658595148
2019-09-19,0.810300801006502,0.4704816989700191
2019-09-20,0.8133663824798605,0.4723330759900586
2019-09-23,0.8096877871368711,0.47166006027717344
2019-09-24,0.8066206692878992,0.46964073290990727
2019-09-25,0.8017153633720422,0.46812544340339457
2019-09-26,0.8023288893668774,0.46711577971976137
2019-09-27,0.7949691380548767,0.4654329135041695
2019-09-30,0.7980354023618412,0.4671157797197616
2019-10-01,0.7948938556498344,0.46373556881036837
2019-10-02,0.7856546048377957,0.4551183522184059
2019-10-03,0.7838061742668232,0.45596249420277024
2019-10-04,0.7881194634464284,0.4605250830294014
2019-10-07,0.7893509538545369,0.45934270511216324
2019-10-08,0.7819592800714636,0.4539351336153361
2019-10-09,0.7856546048377959,0.4583286511802991
2019-10-10,0.7911987015919038,0.4601875943728222
2019-10-11,0.7967424569292088,0.4662706102304923
2019-10-14,0.8059817077412472,0.46728522461957755
2019-10-15,0.809677544632784,0.4704956169910075
2019-10-16,0.8065972822369001,0.46931258520701147
2019-10-17,0.8078294554786141,0.47134069307074
2019-10-18,0.8078294554786141,0.4716783685463932
2019-10-21,0.8072131981493555,0.4721850218741779
2019-10-22,0.8065972822369001,0.47252288416890464
2019-10-23,0.8090612873035254,0.47387498721456933
2019-10-24,0.8096775446327842,0.4755652327835713
2019-10-25,0.8115251216617494,0.47674742388173574
2019-10-28,0.8109093764576951,0.47657816580099355
2019-10-29,0.8078294554786143,0.47387498721456933
2019-10-30,0.8102931191284366,0.47201632425065676
2019-10-31,0.802901616053765,0.4669461480008721
2019-11-01,0.8029632417866908,0.47324241783113274
2019-11-04,0.8134819520676468,0.4762964426379035
2019-11-05,0.8103878622912448,0.47476985057743404
2019-11-06,0.8091507385058885,0.4730717586073383
2019-11-07,0.8072944553484489,0.4723938855985377
2019-11-08,0.8072944553484489,0.47375112616872816
2019-11-11,0.8060573315630926,0.47290343462196427
2019-11-12,0.806676149518373,0.47324241783113297
2019-11-13,0.8060573315630926,0.4717148916752949
2019-11-14,0.8060573315630926,0.47086663967130993
2019-11-15,0.8110063388297224,0.47527799845780816
2019-11-18,0.810387862291245,0.4734119561404857
2019-11-19,0.806676149518373,0.46815103761648724
2019-11-20,0.798632198933334,0.4650969194001797
2019-11-21,0.7980137223948567,0.4654364630665695
2019-11-22,0.7998701762606979,0.47103636479973665
2019-11-25,0.8066761495183734,0.4749390152486397
2019-11-26,0.8122446575738895,0.4766358928947567
2019-11-27,0.8184318128762846,0.4785027758979108
2019-11-29,0.8209055483217929,0.4752779984578084
2019-12-02,0.8141946596437288,0.47427319207009067
2019-12-03,0.8141946596437288,0.47222911117556365
2019-12-04,0.8191660297109495,0.4766583111835967
2019-12-05,0.8204096404155614,0.4788723974351605
2019-12-06,0.8222736054510669,0.48091722560598216
2019-12-09,0.8210311897052653,0.48091722560598216
2019-12-10,0.8278672076415972,0.4844944372285571
2019-12-11,0.8322182233779243,0.487560605275116
2019-12-12,0.8347045912451403,0.49096865222648556
2019-12-13,0.8396757906039596,0.49250150272592297
2019-12-16,0.8496205792392186,0.4953966379105399
2019-12-17,0.8533498749774409,0.4999978982854205
2019-12-18,0.8614293329099829,0.5027236819797585
2019-12-19,0.8564567678839519,0.5019366132223995
2019-12-20,0.8626719193641856,0.4997139332934468
2019-12-23,0.8601862343305753,0.5003973174649206
2019-12-24,0.8564567678839516,0.5015943606794415
2019-12-26,0.8620505407828831,0.5038170406083944
2019-12-27,0.8626719193641854,0.5031332827987733
2019-12-30,0.8608627517255478,0.5021079263129522
2019-12-31,0.8633590206800483,0.5034752551131207
2020-01-02,0.8671040215912045,0.5098005753093369
2020-01-03,0.8708497053359665,0.5082619334186158
2020-01-06,0.8658551189261476,0.5067242256232629
2020-01-07,0.8696013147961139,0.5053561495467997
2020-01-08,0.8696013147961139,0.5067242256232629
2020-01-09,0.8745953890807283,0.5106553659809001
2020-01-10,0.8764678895363065,0.5111686513858003
2020-01-13,0.8727232300419534,0.5111686513858003
2020-01-14,0.8764678895363065,0.5109978987524686
2020-01-15,0.8814621345293223,0.5113400578858895
2020-01-16,0.882709842235569,0.511851942147737
2020-01-17,0.882709842235569,0.5106553659809001
2020-01-21,0.8745953890807283,0.5074072361565893
2020-01-22,0.8802135732810683,0.5101434817190524
2020-01-23,0.8820864151534493,0.5055269955896682
2020-01-24,0.8720980958758189,0.4992011149362312
2020-01-27,0.8577408364797083,0.48911456632987815
2020-01-28,0.8720980958758187,0.5019366132223997
2020-01-29,0.872723230041953,0.501082196188984
2020-01-30,0.876467889536306,0.5026205578510945
2020-01-31,0.8633590206800481,0.4964652430119154
2020-02-03,0.8635461170880447,0.4962254607308638
2020-02-04,0.8792116856729189,0.5051524233469662
2020-02-05,0.8867310493402816,0.511333612627848
2020-02-06,0.8898644020490183,0.512535139500137
2020-02-07,0.8873584027156345,0.5103033988461114
2020-02-10,0.8861050616321398,0.5123634527714369
2020-02-11,0.9005166062999135,0.513393386324563
2020-02-12,0.9124219809259022,0.5173428349514195
2020-02-13,0.9092898231759754,0.5178575214993721
2020-02-14,0.9130493343012553,0.5176865820469669
2020-02-18,0.903649788300249,0.5145951000159259
2020-02-19,0.9042761174251934,0.5152818469307257
2020-02-20,0.9099166644261241,0.5178575214993721
2020-02-21,0.9067838238425916,0.5164846815365305
2020-02-24,0.8829717089234026,0.5001736950337416
2020-02-25,0.8629201293799025,0.4897008045830453
2020-02-26,0.8710663342974143,0.4912470126462498
2020-02-27,0.8491349138370734,0.47115966538835696
2020-02-28,0.8472549022118312,0.4771677667974865
2020-03-02,0.8561868779012478,0.4883775650842621
2020-03-03,0.8498969561411758,0.4819968530327037
2020-03-04,0.8882657178693765,0.5023460272223408
2020-03-05,0.8700250130485285,0.4833763250726604
2020-03-06,0.8561868779012478,0.4666486386260573
2020-03-09,0.7253542519408527,0.4035344300547048
2020-03-10,0.770013276845928,0.42508989500300975
2020-03-11,0.7184359525550186,0.3940499059132436
2020-03-12,0.6215686651072496,0.33834905182314357
2020-03-13,0.6775502661557409,0.3804262183756171
2020-03-16,0.5756513485750372,0.30455030547253736
2020-03-17,0.5536362809979825,0.31679433415113345
2020-03-18,0.4089663734323137,0.2586797776292562
2020-03-19,0.35235605334125775,0.23039863920986714
2020-03-20,0.40644970482383913,0.2028073302199931
2020-03-23,0.40267534206763256,0.18349332051754463
2020-03-24,0.4882206508513909,0.23229560008388161
2020-03-25,0.5058326366296741,0.2669574505548291
2020-03-26,0.5756513485750374,0.32489966648124846
2020-03-27,0.5844576828809818,0.3283476927143827
2020-03-30,0.5888616182217605,0.3397293645489319
2020-03-31,0.5913763236836183,0.32903733532482415
2020-04-01,0.5767667572701549,0.2925554000286761
2020-04-02,0.6223047597343307,0.30260794756362164
2020-04-03,0.6254667914545124,0.27470493094933435
2020-04-06,0.603331033037628,0.30572689199849146
2020-04-07,0.6128179817401802,0.30572689199849146
2020-04-08,0.6362195429538657,0.339695830525208
2020-04-09,0.7190744019764665,0.4273921598573436
2020-04-13,0.7235020657850477,0.4069409824534842
2020-04-14,0.7355182301635819,0.4128333494464771
2020-04-15,0.7279287053432204,0.3996626047529561
2020-04-16,0.7165439913416745,0.39827565995005254
2020-04-17,0.7272962307158233,0.4053816036455862
2020-04-20,0.7007319549483502,0.3842370472498118
2020-04-21,0.6691080528701032,0.3589341785028215
2020-04-22,0.6887139127774002,0.3708922805891701
2020-04-23,0.6918773101647933,0.3701992752354024
2020-04-24,0.6855525638908242,0.3573733051423338
2020-04-27,0.6830231775064408,0.3629202436681165
2020-04-28,0.6868175131456178,0.36707911647655345
2020-04-29,0.7121159861162896,0.39116943602590837
2020-04-30,0.7197058523534539,0.39394276517449445
2020-05-01,0.6890990309310856,0.3698984031172614
2020-05-04,0.6821144966854866,0.3679827603358805
2020-05-05,0.7094196469152816,0.3798227927676716
2020-05-06,0.6954483592148644,0.3719869469513213
2020-05-07,0.7043397063047343,0.3754698149416944
2020-05-08,0.714499416817427,0.38852800114333097
2020-05-11,0.7043397063047341,0.3822595673550466
2020-05-12,0.705608752561163,0.38051897404569157
2020-05-13,0.692909583868401,0.3732065018642192
2020-05-14,0.6884643370944696,0.3685051064658531
2020-05-15,0.6890990309310856,0.3704200019709394
2020-05-18,0.7170397285395036,0.394621572278663
2020-05-19,0.7176742516677179,0.3963624458166284
2020-05-20,0.7468843369493676,0.4111622528325254
2020-05-21,0.7398994612869658,0.41081392866967326
2020-05-22,0.7462496431127519,0.41429651643143606
2020-05-26,0.7691097172770172,0.4249176478170871
2020-05-27,0.7773639806126507,0.42787667512489813
2020-05-28,0.7754593869775988,0.4292696915476959
2020-05-29,0.7894294797192056,0.435015031929713
2020-06-01,0.7901952776081405,0.44586940692883714
2020-06-02,0.8099718459168941,0.46020310035593504
2020-06-03,0.8265602641200431,0.4670190074396008
2020-06-04,0.825284730944359,0.4624748202917257
2020-06-05,0.8565460483779119,0.47628327189320885
2020-06-08,0.8635631879281891,0.4780312445559738
2020-06-09,0.8488892644473764,0.46649544698564926
2020-06-10,0.8559070868312593,0.4643970951502219
2020-06-11,0.797850695871464,0.42681722415813317
2020-06-12,0.8220952151715424,0.44097558788459446
2020-06-15,0.8405960795962104,0.45495955600578775
2020-06-16,0.8539936163593316,0.46090180369144984
2020-06-17,0.8546310415303706,0.4540850559219527
2020-06-18,0.8476139019800935,0.45356065478216956
2020-06-19,0.8495275431604226,0.44866674232838966
2020-06-22,0.8501656511650677,0.44761765982021284
2020-06-23,0.8584590067246349,0.4497156380174929
2020-06-24,0.8361306892309073,0.4348580104982962
2020-06-25,0.8418717834802962,0.43538194459039503
2020-06-26,0.8138008353615667,0.42174854246093774
2020-06-29,0.8055071383851966,0.41370803634938524
2020-06-30,0.8310258251937477,0.4266429219624017
2020-07-01,0.8333986719739952,0.4310835179339285
2020-07-02,0.8449371942452535,0.4416151629832932
2020-07-06,0.8609632989740044,0.4519711046938739
2020-07-07,0.8519879633506178,0.44231769610981786
2020-07-08,0.8564757165165118,0.4461790595434403
2020-07-09,0.8519879633506178,0.4430195753695847
2020-07-10,0.8564757165165118,0.4479344115596151
2020-07-13,0.8487830838216706,0.4400358879440496
2020-07-14,0.8609632989740041,0.45232297841912583
2020-07-15,0.8827581527131796,0.46057169438828005
2020-07-16,0.8853223636114598,0.4619765738222559
2020-07-17,0.8930148255978996,0.4660141076423461
2020-07-20,0.9058362215061047,0.4747904006755359
2020-07-21,0.9154523964685592,0.4816364790395986
2020-07-22,0.9225035069907266,0.4846196994174494
2020-07-23,0.9218626676516584,0.48356660029918874
2020-07-24,0.9257094107700827,0.48497063904733295
2020-07-27,0.9327606920006515,0.48848106285107207
2020-07-28,0.9276319287872878,0.48461969941744965
2020-07-29,0.9436582042244399,0.4928705638059512
2020-07-30,0.9468632544617885,0.49602883365582806
2020-07-31,0.9641718914106834,0.49883728479026357
2020-08-03,0.9612104420622134,0.49920812065149245
2020-08-04,0.9612104420622134,0.49867932926347813
2020-08-05,0.9644294903884818,0.5013229125654026
2020-08-06,0.9760188837633743,0.5046708971845884
2020-08-07,0.9760188837633743,0.5009701981543193
2020-08-10,0.9727996647287047,0.5016756269764857
2020-08-11,0.9573471402288483,0.48810527628439115
2020-08-12,0.9605655057215103,0.48845752364779016
2020-08-13,0.9496201951453138,0.4844042970255116
2020-08-14,0.9386755674027234,0.4817606203140503
2020-08-17,0.9509085314511074,0.4905727826093842
2020-08-18,0.9483323709647251,0.49286337127161506
2020-08-19,0.9457572347287515,0.4886338808533317
2020-08-20,0.9528395848883855,0.49356880009378123
2020-08-21,0.9509085314511079,0.4933922560691659
2020-08-24,0.9670049680412587,0.500265049560763
2020-08-25,0.968936704312142,0.5018512369057322
2020-08-26,0.9695804456940349,0.5016756269764853
2020-08-27,0.9657174852774721,0.49938410421888624
2020-08-28,0.9650732317703747,0.5006184178386037
2020-08-31,0.9618543541525082,0.49850325228654646
2020-09-01,0.9750374811633999,0.5066606137286775
2020-09-02,0.978269503328179,0.5084293233086197
2020-09-03,0.9679286712015407,0.4990512860391485
2020-09-04,0.9640513712792558,0.49498161933838736
2020-09-08,0.9459554271828432,0.4866654616836392
2020-09-09,0.9537107098610189,0.4983440824357821
2020-09-10,0.9485404645061013,0.4912655077345409
2020-09-11,0.9407851818279254,0.4942739486873369
2020-09-14,0.9356149364730078,0.4926812226747892
2020-09-15,0.9420779565521566,0.4967514498327714
2020-09-16,0.944017033284303,0.4967514498327714
2020-09-17,0.9459554271828432,0.49515853700115
2020-09-18,0.9433702191511837,0.49144205175915623
2020-09-21,0.9252744457631725,0.4794109034150038
2020-09-22,0.9304445204096887,0.48454263654956153
2020-09-23,0.9129953904463952,0.4695023933858553
2020-09-24,0.9007158230044137,0.4703867014710579
2020-09-25,0.9020084270202435,0.46773293652961856
2020-09-28,0.9110559722974463,0.4772877980523156
2020-09-29,0.911701932888558,0.4785263151011907
2020-09-30,0.9220425943067947,0.48454263654956153
2020-10-01,0.9289880363284602,0.4896414895271539
2020-10-02,0.9250934948576282,0.4896414895271539
2020-10-05,0.9387233657551317,0.5008373697929416
2020-10-06,0.9406701243653435,0.4974605216268744
2020-10-07,0.9439164860358449,0.5027916841225717
2020-10-08,0.9517047154355018,0.5061683454695651
2020-10-09,0.9568973235910103,0.5095440727211902
2020-10-12,0.9666333358512877,0.5171854398818534
2020-10-13,0.9614405569873778,0.5104329578736977
2020-10-14,0.9575463569333487,0.5067002193722949
2020-10-15,0.9510556820931637,0.5056350704237829
2020-10-16,0.945863073937655,0.5038577671664521
2020-10-19,0.9432669405683021,0.49852772558519676
2020-10-20,0.9504061366256207,0.5038577671664521
2020-10-21,0.9504061366256207,0.5036798219987844
2020-10-22,0.9555992569063334,0.5063457301800118
2020-10-23,0.9588444236180247,0.5081225663896585
2020-10-26,0.9530026114117764,0.49479564095055206
2020-10-27,0.9549495407303896,0.4955062072972445
2020-10-28,0.9328818949656863,0.4830671395057402
2020-10-29,0.9348291657011021,0.48733175190987277
2020-10-30,0.940021432439808,0.4905301878605881
2020-11-02,0.9417165668662728,0.4940816184509971
2020-11-03,0.958669447506532,0.5069311277473476
2020-11-04,0.9840983416959168,0.5210295225511616
2020-11-05,0.9919227612766828,0.5263831033356992
2020-11-06,0.9893141661940237,0.5210295225511619
2020-11-09,1.0082230236981728,0.5326295858828278
2020-11-10,1.0082230236981728,0.5304884524795308
2020-11-11,1.0069191529278467,0.529953215833475
2020-11-12,0.9977910332851563,0.5196025984664936
2020-11-13,1.0010508809193728,0.5247775802166053
2020-11-16,1.0166993786641014,0.5333435149728458
2020-11-17,1.020611161683481,0.5338789384379754
2020-11-18,1.0180032494344275,0.5310235957160496
2020-11-19,1.0336519178875578,0.5361989511043086
2020-11-20,1.0277836458790839,0.5333435149728458
2020-11-23,1.036260512970217,0.5356639946868633
2020-11-24,1.0460405679980704,0.5403037397909192
2020-11-25,1.0486483095387222,0.5395894370627536
2020-11-27,1.0519088400065444,0.54208842240166
2020-11-30,1.0525604339749046,0.5404818717776609
2020-12-01,1.0577303379130196,0.5444414086344953
2020-12-02,1.0701661035423342,0.5487419837103089
2020-12-03,1.0740939331514503,0.5496381548066893
2020-12-04,1.0839110319024199,0.5560869624105991
2020-12-07,1.0832563651828337,0.55537069808216
2020-12-08,1.088492845397517,0.5541170486883178
2020-12-09,1.0806387225548977,0.5517875082492276
2020-12-10,1.0871831705415418,0.5546541535251104
2020-12-11,1.0845655279136053,0.5530417181002909
2020-12-14,1.0806387225548977,0.5534005975408052
2020-12-15,1.0871831705415418,0.5582383708629481
2020-12-16,1.085874861352778,0.5559084567857107
2020-12-17,1.0904554798890644,0.5582295903664858
2020-12-18,1.0884928453975173,0.5594891245611484
2020-12-21,1.0839110319024208,0.5539109872500634
2020-12-22,1.085874861352778,0.5558903353355651
2020-12-23,1.0976551067204987,0.5629071663329592
2020-12-24,1.1028907333931746,0.5661459552035868
2020-12-28,1.1061637255743029,0.5681245560127934
2020-12-29,1.104652444096207,0.5661459552035866
2020-12-30,1.1085949546278484,0.5693837165693085
2020-12-31,1.109252352681858,0.5706430639448976
2021-01-04,1.1053093300250123,0.5674043684838073
2021-01-05,1.109252352681858,0.5679442756067048
2021-01-06,1.1066236140078272,0.5650661409577915
2021-01-07,1.1145088057795114,0.5695634365181763
2021-01-08,1.1138515784339034,0.5719037190540026
2021-01-11,1.101367331618575,0.563447073455857
2021-01-12,1.1053093300250123,0.5654253940364531
2021-01-13,1.1125374651594897,0.5701029700029263
2021-01-14,1.117137373745141,0.5697431564670437
2021-01-15,1.1138515784339034,0.567224274896792
2021-01-19,1.1204229983479772,0.5717228781906925
2021-01-20,1.1315933025972935,0.5746015732968268
2021-01-21,1.122393997551196,0.5737024130952677
2021-01-22,1.111223010468274,0.5706430639448976
2021-01-25,1.1125374651594901,0.5710032511189276
2021-01-26,1.1118800671054805,0.5686640894975437
2021-01-27,1.1059672402042264,0.5641670741657694
2021-01-28,1.1112230104682737,0.5688434358082639
2021-01-29,1.1072803292282307,0.5647062340123723
2021-02-01,1.1097866699784174,0.5697259691122667
2021-02-02,1.1229762839085642,0.57351858312678
2021-02-03,1.1256144115446753,0.5747827877982843
2021-02-04,1.1282537341395966,0.5780328792228684
2021-02-05,1.1348485411046703,0.5803806345216411
2021-02-08,1.1427629240130037,0.5850755846619655
2021-02-09,1.140124284251688,0.5821858672304849
2021-02-10,1.1407833893897124,0.5818241855038657
2021-02-11,1.146059473953533,0.5825471753189571
2021-02-12,1.1513355585173541,0.5850755846619657
2021-02-16,1.1440819878310595,0.5825471753189571
2021-02-17,1.1460594739535335,0.5820055868243965
2021-02-18,1.139465349822066,0.5798381119317124
2021-02-19,1.1427629240130037,0.5800187659759484
2021-02-22,1.134189435966646,0.5751435354295353
2021-02-23,1.1374859859071753,0.5789355889868273
2021-02-24,1.1368265393523482,0.5805603544705089
2021-02-25,1.109786669978417,0.5655731679237239
2021-02-26,1.1150625838338364,0.5608781243738625
2021-03-01,1.1314077425649098,0.5784014732552134
2021-03-02,1.126113733618936,0.5760458715553467
2021-03-03,1.1161878936162388,0.5709720523336257
2021-03-04,1.1056003878494955,0.5649914133283251
2021-03-05,1.1115560625595156,0.5697037376425007
2021-03-08,1.0950132234995555,0.5582866635934916
2021-03-09,1.0969971965412846,0.5604617046586593
2021-03-10,1.1009685567927723,0.56535412255985
2021-03-11,1.1095702117253703,0.5711528931969356
2021-03-12,1.1003062081951205,0.5668031847047477
2021-03-15,1.0996445424310743,0.5669845860252782
2021-03-16,1.0943508749019033,0.5633605762247496
2021-03-17,1.0917036997205152,0.5655350568326962
2021-03-18,1.0718523611319237,0.5535748997365373
2021-03-19,1.076484192188647,0.559554791465543
2021-03-22,1.0870718686637915,0.5651729080583927
2021-03-23,1.0917036997205147,0.5668031847047474
2021-03-24,1.10030620819512,0.5677101913074005
2021-03-25,1.1022917176124625,0.5704284088292548
2021-03-26,1.1108937139618638,0.5751394254099147
2021-03-29,1.108909399503332,0.5760458715553469
2021-03-30,1.106924060794391,0.5722411143010455
2021-03-31,1.1128790526708054,0.5798508156287219
2021-04-01,1.1239710017638531,0.5831971188762444
2021-04-05,1.1239710017638531,0.5839251528063245
2021-04-06,1.1266268830737158,0.5866515903674203
2021-04-07,1.127955506562253,0.5861066391295338
2021-04-08,1.129948015024055,0.5866515903674203
2021-04-09,1.127955506562253,0.5855611274344263
2021-04-12,1.1219784933020511,0.5839251528063247
2021-04-13,1.1266268830737158,0.5850152421011714
2021-04-14,1.125298771710383,0.5842879554473859
2021-04-15,1.136589254674325,0.5906517603727774
2021-04-16,1.1352608018941894,0.5873788770212058
2021-04-19,1.1332688055575915,0.5848336539615671
2021-04-20,1.130612241414123,0.5821062823051031
2021-04-21,1.1345962340873186,0.5873788770212058
2021-04-22,1.1326049205843267,0.5844695435869902
2021-04-23,1.136589254674325,0.5886520490082461
2021-04-26,1.1352608018941894,0.5879247623544606
2021-04-27,1.1352608018941894,0.5857434628503251
2021-04-28,1.137253481064393,0.5888336371478502
2021-04-29,1.1392461602345962,0.5906517603727772
2021-04-30,1.1392461602345962,0.5899246605380655
2021-05-03,1.1417777658281985,0.5905456471389343
2021-05-04,1.1431111691519762,0.5896322886877765
2021-05-05,1.1484425632378694,0.5927349798632373
2021-05-06,1.1484425632378694,0.5921872263392456
2021-05-07,1.1511078335098124,0.5932814256537131
2021-05-10,1.1477759469301811,0.5896322886877763
2021-05-11,1.145110505949837,0.587990522668391
2021-05-12,1.132448722396994,0.5803285120000878
2021-05-13,1.1351143340857393,0.5859842726362816
2021-05-14,1.1417777658281985,0.5910920929294103
2021-05-17,1.1391128369730588,0.5881732317224375
2021-05-18,1.1364477374095174,0.5843419461596755
2021-05-19,1.1271174990195023,0.5801463634032629
2021-05-20,1.1337816135955672,0.5868965101729977
2021-05-21,1.1371136708835996,0.5892683651322737
2021-05-24,1.1431111691519762,0.5910920929294106
2021-05-25,1.1424443821358863,0.5912753624406779
2021-05-26,1.1444444017673523,0.5918216214120802
2021-05-27,1.1437774440428612,0.5910920929294108
2021-05-28,1.1464432264400082,0.590545647138935
2021-06-01,1.1517268221734933,0.5953226108525993
2021-06-02,1.1550718533000368,0.5973368941048767
2021-06-03,1.1517268221734938,0.5940417792835389
2021-06-04,1.1564093536254498,0.5975194163398494
2021-06-07,1.1597537019183868,0.5980682907782828
2021-06-08,1.1657730508621498,0.5991679078458865
2021-06-09,1.1691173991550872,0.6004489262340207
2021-06-10,1.1737997598986416,0.603376941575603
2021-06-11,1.175137089515653,0.603926563290331
2021-06-14,1.1737997598986416,0.6024617149337084
2021-06-15,1.1758062664493631,0.6022791926987356
2021-06-16,1.169786234671994,0.6000823872114858
2021-06-17,1.175137089515653,0.601181257002795
2021-06-18,1.1764747605494676,0.6004489262340205
2021-06-21,1.1791502733254977,0.603561332001312
2021-06-22,1.1811576334182265,0.6046587072400316
2021-06-23,1.1791502733254977,0.6030107761912151
2021-06-24,1.1851697929776623,0.6079534484232221
2021-06-25,1.187845988587298,0.6096013794720383
2021-06-28,1.1925278372056485,0.6094184835989183
2021-06-29,1.1965410210154932,0.611431832755827
2021-06-30,1.200554204825338,0.611614168171726
2021-07-01,1.2074651637499088,0.6147743996218762
2021-07-02,1.2135039734514383,0.617345403713681
2021-07-06,1.2222263192238665,0.616426067052166
2021-07-07,1.2249100260031667,0.6169777437767043
2021-07-08,1.2222263192238665,0.6134885239378265
2021-07-09,1.2235680872593155,0.6162431711790459
2021-07-12,1.2228975446583936,0.6156920549117284
2021-07-13,1.2175294482661876,0.6109160252934325
2021-07-14,1.2202136671706918,0.6134885239378267
2021-07-15,1.2188710455932354,0.6123859177650444
2021-07-16,1.2148455707784858,0.6101823867911425
2021-07-19,1.2007556407390565,0.599346693699385
2021-07-20,1.2047816276790102,0.6074273659117757
2021-07-21,1.2114908092730596,0.6112836852304091
2021-07-22,1.216187168105534,0.6122022746156295
2021-07-23,1.2188710455932354,0.6153249554319729
2021-07-26,1.2181999908671095,0.612937407670509
2021-07-27,1.2148455707784862,0.6107331294203124
2021-07-28,1.216187168105534,0.6120186314662148
2021-07-29,1.219542271027763,0.6155078513050927
2021-07-30,1.2208843804800154,0.6133037598739699
2021-08-02,1.2167105600644001,0.6093063921547179
2021-08-03,1.2153638414853085,0.6111488018592217
2021-08-04,1.2133448732212808,0.6082009836958306
2021-08-05,1.217383663291344,0.6118854294666904
2021-08-06,1.2146915918003724,0.6100432065812604
2021-08-09,1.211325222123647,0.6063578267150322
2021-08-10,1.2025741973397746,0.602672446848804
2021-08-11,1.2119986667673937,0.6052520446179976
2021-08-12,1.211325222123647,0.6080160328129003
2021-08-13,1.2180571079350901,0.611517209072493
2021-08-16,1.2180571079350901,0.6120701935305473
2021-08-17,1.2126715992859358,0.6083846268452455
2021-08-18,1.2066131581182393,0.6046996206171646
2021-08-19,1.2072862613451827,0.6045157906486762
2021-08-20,1.2119986667673937,0.6083846268452455
2021-08-23,1.2173836632913435,0.613359992415144
2021-08-24,1.225461414139871,0.6155708093329191
2021-08-25,1.2268079620105614,0.6172288286117134
2021-08-26,1.2274814066543076,0.616307436940388
2021-08-27,1.234886395692694,0.6207298180522323
2021-08-30,1.23892433222075,0.6227562445442978
2021-08-31,1.2402710507998416,0.6231253990338637
2021-09-01,1.246686101818181,0.6245117833795462
2021-09-02,1.2493880743964367,0.6265454958154848
2021-09-03,1.2507385485603604,0.6267298862411943
2021-09-07,1.2433103431793757,0.6224786314008288
2021-09-08,1.2466861018181814,0.624326832496616
2021-09-09,1.2473619363795483,0.6258049450074692
2021-09-10,1.246010779382019,0.6234018912628909
2021-09-13,1.2507385485603608,0.6274691293156944
2021-09-14,1.25208851059908,0.6267298862411941
2021-09-15,1.2574904072547741,0.6291321927094775
2021-09-16,1.2574904072547741,0.6285779005179075
2021-09-17,1.2527640037436436,0.6265454958154846
2021-09-20,1.245336310487863,0.6208142602735294
2021-09-21,1.2466861018181805,0.6235866553267473
2021-09-22,1.2500623725821902,0.6265454958154846
2021-09-23,1.25073854856036,0.6272839916136899
2021-09-24,1.2473619363795474,0.62488187196448
2021-09-27,1.2446611587601017,0.6234018912628903
2021-09-28,1.2298050894149348,0.6160096473369621
2021-09-29,1.2352059618202205,0.6189668064540366
2021-09-30,1.2318296910562108,0.6171182317201018
2021-10-01,1.2337264321047958,0.6209941670414705
2021-10-04,1.2276309472139832,0.6152455573256643
2021-10-05,1.2242446046542876,0.614503511965059
2021-10-06,1.2235672337173074,0.6135761420833763
2021-10-07,1.2228900334887287,0.6137616534235275
2021-10-08,1.2127301522676346,0.6089404135894041
2021-10-11,1.205280096211263,0.6039332887769822
2021-10-12,1.2161171776609359,0.606900349304961
2021-10-13,1.2228900334887287,0.611165241937704
2021-10-14,1.2330492318762172,0.6202519348617916
2021-10-15,1.22966271860812,0.6174705724930378
2021-10-18,1.22966271860812,0.616728340313359
2021-10-19,1.2303399188366986,0.6178402874398246
2021-10-20,1.22898534767114,0.6183979423747203
2021-10-21,1.2316950021274615,0.6143174401676865
2021-10-22,1.2276309472139828,0.6104241306724669
2021-10-25,1.2310164362316711,0.613205866679368
2021-10-26,1.2357580327905313,0.6135761420833761
2021-10-27,1.2377898041846684,0.6122783099786118
2021-10-28,1.2452403723662444,0.6163576912712037
2021-10-29,1.2404996293493915,0.6120927986384606
2021-11-01,1.2373741292271214,0.6103622935590833
2021-11-02,1.2407713971245102,0.6142688672085332
2021-11-03,1.2455266503554872,0.6174320877638622
2021-11-04,1.2516421081292703,0.6217106181889829
2021-11-05,1.2659102577398205,0.6278500534069005
2021-11-08,1.2625131605508328,0.6258038240930264
2021-11-09,1.2699871157834082,0.6271063266746326
2021-11-10,1.2577567123610462,0.6179899295178319
2021-11-11,1.254359956588862,0.6151997866526158
2021-11-12,1.2502839520872815,0.6157578152256591
2021-11-15,1.2434892455841022,0.6138967236137889
2021-11-16,1.2448475723344927,0.6146419448986464
2021-11-17,1.2428091433126989,0.6129671119032221
2021-11-18,1.2414506458539067,0.6116649829597633
2021-11-19,1.2428091433126984,0.6103622935590836
2021-11-22,1.229900515411349,0.604223418798387
2021-11-23,1.2224267308871748,0.6019905572299196
2021-11-24,1.223785740471171,0.6016180399970277
2021-11-26,1.2040817232330365,0.5900843908460505
2021-11-29,1.2142733562168018,0.5999432070016035
2021-11-30,1.202723396482646,0.5932461168487904
2021-12-01,1.2053121893907361,0.5934708601944116
2021-12-02,1.2155352327203697,0.6052294395100839
2021-12-03,1.2189424017050428,0.6052294395100839
2021-12-06,1.2257570810911926,0.6123231465562922
2021-12-07,1.2387054840500813,0.6209100984583202
2021-12-08,1.2434762717455903,0.6205357130346916
2021-12-09,1.2346173592519971,0.6132561210101848
2021-12-10,1.2393878055307033,0.6169891397401981
2021-12-13,1.2400691027609168,0.6169891397401981
2021-12-14,1.2387054840500809,0.6141902163785196
2021-12-15,1.2448388662060172,0.6203487071419511
2021-12-16,1.2407500585743274,0.6191500759653039
2021-12-17,1.2373428895896539,0.6176519738135686
2021-12-20,1.233254081957964,0.6148425885837647
2021-12-21,1.2434762717455903,0.6234577501659166
2021-12-22,1.2516537163005688,0.6277663584618978
2021-12-23,1.2536986322416181,0.6324478576289181
2021-12-27,1.2571068254767006,0.6341342734069098
2021-12-28,1.2584694199371276,0.6333845684642843
2021-12-29,1.2510185103387488,0.6307629364035159
2021-12-30,1.2517016853613785,0.6300128578227431
2021-12-31,1.2537529175132813,0.6296388460372617
2022-01-03,1.246916387451745,0.6288891410946362
2022-01-04,1.242132113792521,0.6247686596058375
2022-01-05,1.2188903356425986,0.6122202092467011
2022-01-06,1.2195740227904328,0.6124075887775888
2022-01-07,1.211370630558433,0.6082871072887903
2022-01-10,1.211370630558433,0.6095983903668589
2022-01-11,1.222307576422958,0.6170892747636831
2022-01-12,1.2250416421806878,0.6197129618342618
2022-01-13,1.2188903356425986,0.6139060645674714
2022-01-14,1.2154720706118303,0.6124075887775888
2022-01-18,1.1983829646672088,0.6045415716808413
2022-01-19,1.1963325860573129,0.603042909071885
2022-01-20,1.1901797431436107,0.6000465179493406
2022-01-21,1.1874460188026839,0.6002338974802286
2022-01-24,1.1860788152154176,0.598548042159458
2022-01-25,1.1771919065439858,0.5938656088970691
2022-01-26,1.1655714442400282,0.5884340311492757
2022-01-27,1.156684535568596,0.5815041644306733
2022-01-28,1.1621530085008587,0.5859997786193953
2022-01-31,1.160785975621994,0.5863732299476554
2022-02-01,1.1685354542145205,0.5926710877400425
2022-02-02,1.1705936854108834,0.5951148680426799
2022-02-03,1.1493326368430625,0.5808291871175146
2022-02-04,1.132188221376369,0.5746260465954767
2022-02-07,1.1308165793706646,0.5734980330286754
2022-02-08,1.1294445959481574,0.5718065731356947
2022-02-09,1.1397318256367384,0.5800776139841521
2022-02-10,1.1122994976478582,0.5592121652844362
2022-02-11,1.107498494565291,0.5537609715339078
2022-02-14,1.1013265323106256,0.5511291578336244
2022-02-15,1.0992689839478684,0.5537609715339076
2022-02-16,1.114357046010615,0.5624076121299724
2022-02-17,1.106812929625041,0.5558284982221797
2022-02-18,1.107498494565291,0.5580842451271715
2022-02-22,1.1020120972508756,0.5545133853531012
2022-02-23,1.091038619788439,0.5516933514360984
2022-02-24,1.1026978328995272,0.562783772334801
2022-02-25,1.1116134205824038,0.5716184463285119
2022-02-28,1.119157366259576,0.5727458994380918
2022-03-01,1.1168881394790127,0.5683509807300764
2022-03-02,1.1175755822116784,0.572123044646486
2022-03-03,1.1113858662832614,0.5674075444080582
2022-03-04,1.0962551271201506,0.5572191794065566
2022-03-07,1.0769985366022343,0.5436356579697685
2022-03-08,1.0673700706348748,0.5381642877592843
2022-03-09,1.0811254122074492,0.5509938074147527
2022-03-10,1.0694330816664785,0.5379756939044176
2022-03-11,1.0591170022580512,0.5268445464476557
2022-03-14,1.0377965471665238,0.5087333713510118
2022-03-15,1.0556782522191086,0.5200524587958826
2022-03-16,1.0797495024917083,0.541371410796925
2022-03-17,1.090753195341203,0.551936496460476
2022-03-18,1.0969427405612184,0.5570308657803005
2022-03-21,1.0728721731222244,0.5391082845385236
2022-03-22,1.0769985366022348,0.5470314682718131
2022-03-23,1.0735597865632918,0.5421269071308343
2022-03-24,1.0749348427370249,0.5453339367589383
2022-03-25,1.0611806961232606,0.5342019486163447
2022-03-28,1.0701208658159467,0.5438238781864881
2022-03-29,1.1031326271980362,0.5628793302909816
2022-03-30,1.0955680258042872,0.5581627091381116
2022-03-31,1.0907531953412022,0.5525022780250761
2022-04-01,1.0900631919825146,0.5523892524855076
2022-04-04,1.1066234432994233,0.5641338203706547
2022-04-05,1.0776431315261341,0.5438644179254732
2022-04-06,1.0617725421511106,0.5317413545970766
2022-04-07,1.0534926725552585,0.5292794528442935
2022-04-08,1.039692776089904,0.5199965064833187
2022-04-11,1.0245113365315608,0.5095777935639858
2022-04-12,1.0348622404538852,0.5211329269084348
2022-04-13,1.0445219460587114,0.5302255980428794
2022-04-14,1.030722220301758,0.5199965064833185
2022-04-18,1.0238216745896755,0.5175340442733143
2022-04-19,1.0203716577962365,0.5162079090788894
2022-04-20,1.0258915139573372,0.5209436791868101
2022-04-21,1.0093314333488301,0.5105246860388668
2022-04-22,0.9982905260678181,0.5014316412662747
2022-04-25,1.014161968984849,0.514124315950282
2022-04-26,1.0010510516277735,0.5052205188993144
2022-04-27,0.9962211988253604,0.49783247840254385
2022-04-28,1.0045010684212126,0.5061685322886376
2022-04-29,0.9769007633652991,0.4876037604811303
2022-05-02,0.9775238490306157,0.48769875798008977
2022-05-03,0.9809871810793684,0.49549565201958035
2022-05-04,1.0059227279885437,0.5107096369217969
2022-05-05,0.9692120569636913,0.48389493482115653
2022-05-06,0.9588224022342364,0.475527962378371
2022-05-09,0.9408131780057638,0.4599338940707791
2022-05-10,0.9512033448604231,0.46830161378985946
2022-05-11,0.9408131780057638,0.45955315679864617
2022-05-12,0.9449692447476274,0.4589825179381304
2022-05-13,0.9491256529062939,0.46069443451967773
2022-05-16,0.9477398421032688,0.4586026213518286
2022-05-17,0.9421988181003873,0.45727181568056197
2022-05-18,0.9269607033527605,0.4452907348481523
2022-05-19,0.9408131780057636,0.4549889800098883
2022-05-20,0.9435839460698066,0.4540386313821445
2022-05-23,0.9442763393461147,0.45974380566332296
2022-05-24,0.9615931702982792,0.46849132855916786
2022-05-25,0.9823728211739919,0.4907414802329031
2022-05-26,1.0086929839273817,0.5114698037325474
2022-05-27,1.0322430614503344,0.52497177864368
2022-05-31,1.0149270840401772,0.5118508212332913
2022-06-01,1.0065838816273849,0.5062567108914078
2022-06-02,1.0149272547485788,0.512556717103142
2022-06-03,0.9975452131870579,0.5012931149231503
2022-06-06,0.9829441821936673,0.49002979297176896
2022-06-07,0.9905926014125312,0.4934657693746518
2022-06-08,0.9725147524066728,0.48067464103882207
2022-06-09,0.9565239843170235,0.46883937249340946
2022-06-10,0.9127208913368516,0.4438297162825393
2022-06-13,0.8445833157290337,0.39553007343390356
2022-06-14,0.86891779835668,0.40469392263541537
2022-06-15,0.9002050634672543,0.4319935136417581
2022-06-16,0.8758707515480095,0.4092760340552448
2022-06-17,0.886300181335004,0.4136665625150291
2022-06-21,0.8821284094202062,0.41271210386766466
2022-06-22,0.8890808504863312,0.41233061931923665
2022-06-23,0.9043770060904535,0.4224489271681131
2022-06-24,0.9127208913368521,0.43256639433115796
2022-06-27,0.9015965076475276,0.42378487036390555
2022-06-28,0.886300181335004,0.4081303660859823
2022-06-29,0.8779571496306129,0.4060307065170392
2022-06-30,0.8786522742413443,0.40526699014388856
2022-07-01,0.893869733272395,0.4186714454985667
2022-07-05,0.8903794292962122,0.41732915045426955
2022-07-06,0.8840971894142058,0.4119595032293968
2022-07-07,0.9162081225618084,0.43497131626647256
2022-07-08,0.9148122399630974,0.4361221217602609
2022-07-11,0.9057366985080557,0.42806751080864647
2022-07-12,0.9092275146094431,0.43382060418222057
2022-07-13,0.9036426185473871,0.4322862591301939
2022-07-14,0.9001528266964087,0.4296015756320628
2022-07-15,0.9148122399630976,0.44781961123884395
2022-07-18,0.9008503412247606,0.43382060418222057
2022-07-19,0.927377402560716,0.45280543867686807
2022-07-20,0.9315659038988566,0.4591331875210418
2022-07-21,0.9476210290558551,0.4763921874131538
2022-07-22,0.9406407625202924,0.4744743028028888
2022-07-25,0.9413389598822499,0.47409141711140834
2022-07-26,0.9301695091749409,0.46373528858175384
2022-07-27,0.9504139892120871,0.47984366979915083
2022-07-28,0.9727520370846978,0.49499348234956275
2022-07-29,0.9790347890919087,0.4994043740883767
2022-08-01,0.981137233764249,0.49986628424801816
2022-08-02,0.9734287251880724,0.4929356702531211
2022-08-03,0.9909478455959633,0.5060266432021865
2022-08-04,0.9972555210297867,0.5100693145468027
2022-08-05,0.9881449843524464,0.5023681652825664
2022-08-08,0.9881449843524464,0.5037161583086103
2022-08-09,0.9783333482703236,0.4925506361422938
2022-08-10,1.0028620970588276,0.5148822409321481
2022-08-11,0.9853417816921266,0.506219347076674
2022-08-12,1.0084681609626642,0.5196949804984194
2022-08-15,1.0077672322662834,0.516999835132163
2022-08-16,1.001460239666066,0.5098768909009259
2022-08-17,0.9769325151279709,0.4942833830505551
2022-08-18,0.985341781692127,0.4965930272582999
2022-08-19,0.9706246689857458,0.4813847403378302
2022-08-22,0.957310267214134,0.4646356631072921
2022-08-23,0.9643178470939295,0.4682934871601545
2022-08-24,0.96852273643861,0.470027074754247
2022-08-25,0.9867431269596845,0.4838876488772834
2022-08-26,0.9545072352622155,0.4594381696588037
2022-08-29,0.9496014172211542,0.4538554552804137
2022-08-30,0.9404912219606167,0.4426899331140972
2022-08-31,0.9299795107241204,0.43479710748027833
2022-09-01,0.935607937428548,0.43858860058034943
2022-09-02,0.9342011294921437,0.437621158007365
2022-09-06,0.9243507426028903,0.43375176135357485
2022-09-07,0.9531979018230432,0.4544522488112428
2022-09-08,0.9581231806218706,0.460836417015664
2022-09-09,0.9595308421002824,0.46664051199634926
2022-09-12,0.9637524608683055,0.4710899818738752
2022-09-13,0.9243507426028905,0.437621158007365
2022-09-14,0.9257580626644994,0.43974884043735796
2022-09-15,0.9173143130032488,0.43065663635059726
2022-09-16,0.9257580626644992,0.4354931019392243
2022-09-19,0.9271650413093049,0.4409097341611241
2022-09-20,0.9095747354980068,0.42620735329214465
2022-09-21,0.8990212007031535,0.4219504004700323
2022-09-22,0.8898746445531058,0.41343883006422866
2022-09-23,0.8666557413289788,0.39544656530797395
2022-09-26,0.8469541140084649,0.3790024702151973
2022-09-27,0.8434359845628447,0.376100235905781
2022-09-28,0.8729879987726121,0.4006696529695548
2022-09-29,0.8596191410209357,0.3875141340305377
2022-09-30,0.8455469646552578,0.3811299658261167
2022-10-03,0.8691410849457863,0.39923030541648763
2022-10-04,0.895984127532838,0.42936506268480024
2022-10-05,0.8896267759541907,0.42372704986060494
2022-10-06,0.88044351749783,0.41945001398807347
2022-10-07,0.8599581679062285,0.4021466445659656
2022-10-10,0.8331146131939724,0.38503784720908185
2022-10-11,0.8458294870596683,0.3893149764911501
2022-10-12,0.8486553939373818,0.39164844013078737
2022-10-13,0.8486553939373818,0.39475888429780537
2022-10-14,0.8387654026989904,0.390287182950513
2022-10-17,0.8620768298767068,0.4073961671264703
2022-10-18,0.872673383188727,0.4173114960518076
2022-10-19,0.8578383109769392,0.4037017265351692
2022-10-20,0.8415913095767036,0.3959251957747081
2022-10-21,0.8557198197148621,0.40933992617843784
2022-10-24,0.8585443609253638,0.410312039228264
2022-10-25,0.8754982658160315,0.4239220889735127
2022-10-26,0.8776176106201159,0.42780998071559595
2022-10-27,0.8910390465594409,0.4383088390175318
2022-10-28,0.9009290377978321,0.44939047941977184
2022-10-31,0.8747920451592051,0.4276155954694454
2022-11-01,0.8842989667447276,0.4362028276000842
2022-11-02,0.8644334593588152,0.4231264265387651
2022-11-03,0.8608871630269546,0.4129786012762493
2022-11-04,0.8722384181818148,0.4227367219510958
2022-11-07,0.8757852266388797,0.42254130920004007
2022-11-08,0.8800416699207998,0.4211750079047767
2022-11-09,0.853083057745962,0.40419595639455475
2022-11-10,0.9112580910447698,0.44791255372799244
2022-11-11,0.9169331211427949,0.4529869334069343
2022-11-14,0.8999068358899096,0.442252683072178
2022-11-15,0.9169331211427949,0.454938819088607
2022-11-16,0.9140957768021838,0.4518159514531901
2022-11-17,0.9091295279870069,0.44557021618235604
2022-11-18,0.9148047287934333,0.4486931772273097
2022-11-21,0.9091295279870069,0.4481081532981217
2022-11-22,0.9289936697057075,0.4586464304246014
2022-11-23,0.9325415024131813,0.4668433041008129
2022-11-25,0.9297038166557672,0.4639156623973779
2022-11-28,0.9098391628118621,0.448497671066717
2022-11-29,0.9226088340744258,0.45474284588032976
2022-11-30,0.9495681290828697,0.4766007709089015
2022-12-01,0.9520606424525384,0.48207017951911246
2022-12-02,0.9527730086118171,0.48089377981223147
2022-12-05,0.937105220817724,0.4667824010827972
2022-12-06,0.9342566097226168,0.46149056400210675
2022-12-07,0.9463629081371201,0.46952593258913344
2022-12-08,0.9456515662282501,0.4707019586578669
2022-12-09,0.9456515662282501,0.4707019586578669
2022-12-12,0.9549095949644488,0.47638564874557376
2022-12-13,0.9762749463655596,0.49167324036281523
2022-12-14,0.9663040393448776,0.4832453649020143
2022-12-15,0.9620310373480161,0.4776498534170781
2022-12-16,0.9570460106086787,0.4697691710230478
2022-12-19,0.9463629081371197,0.46228249005538125
2022-12-20,0.9406660273637082,0.45853910286677957
2022-12-21,0.9549095949644486,0.47095182916889655
2022-12-22,0.9428021015911354,0.4618890490862386
2022-12-23,0.9499240560999069,0.4656324362748403
2022-12-27,0.9257102643120907,0.45046179339771464
2022-12-28,0.9053980130395662,0.4309564809638311
2022-12-29,0.9354377411522952,0.44947660301273196
2022-12-30,0.9325766683438816,0.45065842047274907
2023-01-03,0.9354377411522954,0.4534168040954418
2023-01-04,0.9554642265607816,0.47016345267802206
2023-01-05,0.9490271541586539,0.467207788113537
2023-01-06,0.9747757851839671,0.48809191872061963
2023-01-09,0.9847893693050129,0.4934117786623602
2023-01-10,0.9840737596861067,0.4916386788341871
2023-01-11,0.9976635141092682,0.5014892749504987
2023-01-12,1.0105376589135235,0.509961706760369
2023-01-13,1.0055314643324058,0.509961706760369
2023-01-17,1.0005242455008792,0.504839501398568
2023-01-18,1.007676927521913,0.5066125078172043
2023-01-19,0.9962329777050618,0.4977464482191176
2023-01-20,0.9983787823113721,0.5007012720977713
2023-01-23,0.9969484166155669,0.5005047384322736
2023-01-24,0.9969484166155669,0.5014892749504984
2023-01-25,0.9983787823113719,0.5012923676468535
2023-01-26,1.0012395137029824,0.5050363152926762
2023-01-27,0.9983787823113717,0.5005047384322736
2023-01-30,0.9919415392008426,0.49223005461187963
2023-01-31,1.0076769275219126,0.503853937375438
2023-02-01,1.0273618254190842,0.51965154506379
2023-02-02,1.0323902120923916,0.5283633855165646
2023-02-03,1.0151486635452693,0.5123273966902133
2023-02-06,1.0072458888082352,0.5026258821946878
2023-02-07,1.01658551616033,0.5079713363495206
2023-02-08,1.0101190819131518,0.5016369554282318
2023-02-09,0.995033068351223,0.4919357211613169
2023-02-10,0.9849744172121924,0.48045382089374544
2023-02-13,0.9856932702907264,0.48421439543712474
2023-02-14,0.9849744172121924,0.48461045187329854
2023-02-15,0.9835379060139344,0.4822351407611598
2023-02-16,0.9670145277117403,0.4703569038288038
2023-02-17,0.9785093486322258,0.47609729350536845
2023-02-21,0.9490546382112888,0.4533307739120176
2023-02-22,0.9583937534381795,0.46283295245594025
2023-02-23,0.9706067446035931,0.47728602327111114
2023-02-24,0.9619857996216306,0.4683766216479337
2023-02-27,0.9713252562653243,0.4782752302661777
2023-02-28,0.9670145277117408,0.47550386271786516
2023-03-01,0.9642748285767628,0.47132070342985144
2023-03-02,0.9657168024438674,0.4731136994893701
2023-03-03,0.9851867784636048,0.4882504347046255
2023-03-06,0.9866285816223077,0.4882504347046255
2023-03-07,0.9722069651588481,0.47769468999475784
2023-03-08,0.9686010915948791,0.4707236296704118
2023-03-09,0.9549007181275739,0.46255720750320783
2023-03-10,0.9628325132928559,0.4627567302738842
2023-03-13,0.9606687843043926,0.4547897374678198
2023-03-14,0.9722069651588479,0.4653460426349083
2023-03-15,0.9649953887393115,0.4605655293588444
2023-03-16,0.9722069651588481,0.4701263690918984
2023-03-17,0.9628325132928559,0.4613620324794232
2023-03-20,0.9570632521572267,0.4573785827811594
2023-03-21,0.9765330574685624,0.4733128486218987
2023-03-22,0.9794175173279753,0.47470670573052787
2023-03-23,0.9693221638826317,0.4689311006585768
2023-03-24,0.9678803607239286,0.46594311639434727
2023-03-27,0.9606687843043922,0.4623582451897519
2023-03-28,0.9621116117135038,0.46156099479287827
2023-03-29,0.984465194050647,0.4798860777288707
2023-03-30,0.9960028627798978,0.48864901319829346
2023-03-31,1.020520515522307,0.504782428171562
2023-04-03,1.0195782051462663,0.5036225619527006
2023-04-04,1.0116105612166781,0.49922091775803334
2023-04-05,1.0072638131903875,0.4908175155958827
2023-04-06,1.0152316278283768,0.4974199818878835
2023-04-10,1.0145074827893978,0.4960198663402864
2023-04-11,1.0195782051462663,0.4992209177580331
2023-04-12,1.0174057700293289,0.4988205644831649
2023-04-13,1.0253737553757198,0.5090240618296336
2023-04-14,1.0217511523884082,0.5062228032295344
2023-04-17,1.018129573651505,0.5022220727669564
2023-04-18,1.0188542308156885,0.5032221152682959
2023-04-19,1.0123347062556571,0.49722017888859726
2023-04-20,1.0108855626356914,0.49581968970285284
2023-04-21,1.0116105612166777,0.5004209500777332
2023-04-24,1.0181295736515046,0.5046224176349663
2023-04-25,1.0108855626356914,0.5022220727669562
2023-04-26,1.0021930908335186,0.49641965915793396
2023-04-27,1.0043665502008645,0.5014214596267563
2023-04-28,1.010161417596712,0.5078244965576177
2023-05-01,0.9970706438310084,0.5009111633270349
2023-05-02,0.9977975202044109,0.4995049761595436
2023-05-03,0.9970706438310084,0.4987007200474074
2023-05-04,0.9861616941443223,0.4942799268976892
2023-05-05,0.9948886490435895,0.5023185648185049
2023-05-08,0.9927071663813749,0.49809850876344197
2023-05-09,0.9876163004331344,0.4942799268976892
2023-05-10,0.9963434260408031,0.503322717339465
2023-05-11,0.9956162082505975,0.5009111633270351
2023-05-12,0.9847072585639114,0.49548528356098864
2023-05-15,0.9847072585639114,0.495083435733531
2023-05-16,0.9723438732968146,0.484633897667043
2023-05-17,0.9788890041170641,0.4886538704942087
2023-05-18,0.9788890041170641,0.4894572859205135
2023-05-19,0.9796170754492768,0.49106486404941774
2023-05-22,0.9890707360135449,0.49769647411691054
2023-05-23,0.9832526522750993,0.4898593205670445
2023-05-24,0.9730707496702171,0.47940950227194623
2023-05-25,0.9701620492177971,0.47840534975098636
2023-05-26,0.9817978752778858,0.48744683245924647
2023-05-30,0.9905255130107586,0.4938777054320844
2023-05-31,0.9890707360135451,0.4892561751877109
2023-06-01,0.998643892458833,0.49820116584442187
2023-06-02,1.001566761708574,0.5058736383808504
2023-06-05,1.0037588282916787,0.5046621166881202
2023-06-06,1.0044899723751177,0.507084506206823
2023-06-07,0.9971827992507656,0.4988072069193976
2023-06-08,1.0088741055413277,0.5082964949472375
2023-06-09,1.0088741055413277,0.5086999307368214
2023-06-12,1.0088741055413277,0.5070845062068232
2023-06-13,1.0059514069999884,0.5089023492031395
2023-06-14,1.0088741055413277,0.5095087639162623
2023-06-15,1.0183745402075948,0.516776679748665
2023-06-16,1.0132592629579462,0.5129410039376716
2023-06-20,1.0117974869162727,0.5089023492031393
2023-06-21,1.0132592629579462,0.5050660195253882
2023-06-22,1.0074128416248587,0.5006238355917352
2023-06-23,1.0022973936668085,0.49799893419717756
2023-06-26,1.0074128416248587,0.4988072069193976
2023-06-27,1.0117974869162731,0.5038544978326578
2023-06-28,1.019105342874231,0.5125369142813301
2023-06-29,1.0147201854576124,0.5084987265944818
2023-06-30,1.0293365802071341,0.5157675765222527
2023-07-03,1.026912691614851,0.513392825867335
2023-07-05,1.0203064471868797,0.5087231897114926
2023-07-06,1.0078262973731866,0.497760646468715
2023-07-07,1.0063575222870536,0.4991817791620996
2023-07-10,1.0166360458471604,0.5066935872951746
2023-07-11,1.0247114067780672,0.5148138651511827
2023-07-12,1.0401272289716101,0.5265872965832115
2023-07-13,1.048936636028781,0.5357227492855259
2023-07-14,1.037191898008563,0.5245578809859672
2023-07-17,1.0430640963102702,0.5273994925059784
2023-07-18,1.0452670882310682,0.5316628905861323
2023-07-19,1.047468885193056,0.5328810443559777
2023-07-20,1.034254518544698,0.5261813387361332
2023-07-21,1.0349882232541585,0.5300385921501349
2023-07-24,1.0335208138352372,0.5273994925059786
2023-07-25,1.0327864262921707,0.5263849715264302
2023-07-26,1.0452670882310682,0.5324743392326048
2023-07-27,1.0298495589535106,0.5202950433630344
2023-07-28,1.0386591367190827,0.5290237909419759
2023-07-31,1.0474688851930565,0.5326775983847543
2023-08-01,1.0406837383603587,0.5250905021649916
2023-08-02,1.0355215163003093,0.5185628569119942
2023-08-03,1.026671480643592,0.5136672630865513
2023-08-04,1.0340459128781179,0.5226429854808805
2023-08-07,1.037733726474786,0.5254981413837325
2023-08-08,1.0399461073576641,0.5287615903720837
2023-08-09,1.03847135747748,0.5289652231623805
2023-08-10,1.0340459128781174,0.5285574905341022
2023-08-11,1.0333086232922262,0.5263142605070461
2023-08-14,1.032570992289532,0.526110160669065
2023-08-15,1.027408087395877,0.5212144734340856
2023-08-16,1.0185587345727654,0.516523446494308
2023-08-17,1.0104454763767348,0.5101999010792917
2023-08-18,1.0133956589707087,0.5112194661738292
2023-08-21,1.0133956589707087,0.5108118269550879
2023-08-22,1.0133956589707087,0.5116281328974757
2023-08-23,1.0274080873958766,0.5238662767752509
2023-08-24,1.0163461829814855,0.5155036011711598
2023-08-25,1.023721127341216,0.5218262124908077
2023-08-28,1.0310960717009463,0.5275378320300277
2023-08-29,1.042896119243236,0.5371244527952479
2023-08-30,1.0443706984150185,0.5365128071480623
2023-08-31,1.04584630183721,0.5354916540913988
2023-09-01,1.04918160258487,0.5383818385705634
2023-09-05,1.037322831352479,0.5283405001800379
2023-09-06,1.0343593335031915,0.5246518509800207
2023-09-07,1.0410290814565046,0.5297754574848739
2023-09-08,1.0402876948689785,0.5291604490943622
2023-09-11,1.0425113425063528,0.5318241154467058
2023-09-12,1.0410290814565046,0.5293655764372487
2023-09-13,1.046216397651568,0.533463639637207
2023-09-14,1.0469574428222912,0.5353077307133733
2023-09-15,1.0425113425063528,0.5295696762752296
2023-09-18,1.0432525583854777,0.5305949393515137
2023-09-19,1.0373228313524794,0.5258814007133594
2023-09-20,1.0321361979910217,0.5246518509800202
2023-09-21,1.0195367230047103,0.513790750494244
2023-09-22,1.0217600292252818,0.5164543234370509
2023-09-25,1.0173137582009417,0.5144058522942927
2023-09-26,1.005455840510558,0.5078476621227508
2023-09-27,1.005455840510558,0.5057987239323085
2023-09-28,1.0128664629261928,0.5129709883989939
2023-09-29,1.005455840510558,0.5107167360465916
2023-10-02,0.9939842359326707,0.5015496175112906
2023-10-03,0.9723838190627543,0.48630536791914003
2023-10-04,0.9783425665240002,0.4939274927152153
2023-10-05,0.9790875379879569,0.4953702030116085
2023-10-06,0.9805773102074691,0.49742950966063937
2023-10-09,0.996219150324541,0.5085541184498228
2023-10-10,0.9954745202773871,0.5081415285256292
2023-10-11,0.9924951465467642,0.5079353736778378
2023-10-12,0.9828123953077412,0.4999014062338636
2023-10-13,0.9857914276215614,0.49866643874738803
2023-10-16,0.985046285449203,0.49825394223273145
2023-10-17,0.976108505674137,0.4912499083418833
2023-10-18,0.9671697016486622,0.48403943937463323
2023-10-19,0.9612109541874163,0.47868314971352777
2023-10-20,0.9627008971153301,0.48177425810642127
2023-10-23,0.9708938761348407,0.48774779798692247
2023-10-24,0.9790875379879573,0.49537020301160806
2023-10-25,0.9679141609874149,0.4873354882913392
2023-10-26,0.9775977657684451,0.49248562310465305
2023-10-27,0.9753633635017789,0.4906311635698979
2023-10-30,0.9768531357212913,0.4910434732654807
2023-10-31,0.9910050329104494,0.49495770649695103
2023-11-01,1.0123417053001154,0.5092067708836778
2023-11-02,1.0325546042829923,0.5261897455944469
2023-11-03,1.057259694850201,0.5411014572354702
2023-11-06,1.0460303254939807,0.534888415302528
2023-11-07,1.0445327006880016,0.535095410836151
2023-11-08,1.0490242094387274,0.5359237666087904
2023-11-09,1.0355486589361402,0.5263966477185331
2023-11-10,1.0452815984451913,0.5338524101295079
2023-11-13,1.0445327006880012,0.5324027875273891
2023-11-14,1.066991951525646,0.5479357659978921
2023-11-15,1.0632489991153076,0.5429655379525193
2023-11-16,1.0714838016931751,0.5450370812508754
2023-11-17,1.074478880596732,0.5485576866941293
2023-11-20,1.0782211501734649,0.5502141180107973
2023-11-21,1.0797191163962467,0.5522854744900798
2023-11-22,1.082713512466198,0.5549782846179154
2023-11-24,1.0804673313198312,0.5533218533012472
2023-11-27,1.0872050212169238,0.5555999250855421
2023-11-28,1.0969374486007708,0.562434233847964
2023-11-29,1.1111620675689498,0.570925534384275
2023-11-30,1.110412999103358,0.5680262891800374
2023-12-01,1.1263530667977744,0.5810081597900811
2023-12-04,1.1225935556724944,0.5770556286485091
2023-12-05,1.125601779122964,0.5785120701468165
2023-12-06,1.124849637906146,0.5787199997758077
2023-12-07,1.1263530667977744,0.5814245795052844
2023-12-08,1.1233455261809109,0.5783035800606042
2023-12-11,1.1233455261809109,0.5772635582775001
2023-12-12,1.1308648898482736,0.5808007906183106
2023-12-13,1.1601884962168918,0.6049346390118298
2023-12-14,1.1767303110264433,0.6120227414858281
2023-12-15,1.173722428992777,0.6084685086093142
2023-12-18,1.17522637000961,0.6095137613264807
2023-12-19,1.1834968506433818,0.6141139941964562
2023-12-20,1.1797375102265035,0.6143230447398895
2023-12-21,1.1850007916602152,0.6216403742172771
2023-12-22,1.1812412805349353,0.6197591061454508
2023-12-26,1.1812412805349353,0.622894864296951
2023-12-27,1.1888722874968507,0.6295857894203332
2023-12-28,1.179050238202239,0.6243582181009841
2023-12-29,1.1745170766015574,0.6180861413407632
2024-01-02,1.1677169074295315,0.6126500799352019
2024-01-03,1.1639386183800915,0.6082596448849547
2024-01-04,1.1556278505635755,0.6019871944865864
2024-01-05,1.1563834059484228,0.6032416845662603
2024-01-08,1.1699834028756713,0.6122316052101882
2024-01-09,1.17829451210899,0.6147407721886091
2024-01-10,1.1813174164819844,0.617667853434823
2024-01-11,1.1956726273772773,0.622894864296951
2024-01-12,1.2009615150712074,0.6245680159207121
2024-01-16,1.1888722874968498,0.6143230447398895
2024-01-17,1.181317416481984,0.6074230690730738
2024-01-18,1.1828281858348753,0.6107680645870806
2024-01-19,1.1866057920507096,0.6134864689280086
2024-01-22,1.1873616888523597,0.6147407721886087
2024-01-23,1.1843391258961682,0.6128589436595615
2024-01-24,1.1820728011584296,0.6120227414858281
2024-01-25,1.1986951903334684,0.6243582181009841
2024-01-26,1.1979398056570227,0.6231039148403841
2024-01-29,1.2017170704560542,0.626658147716898
2024-01-30,1.1994507457183157,0.6245680159207119
2024-01-31,1.1956726273772769,0.6199681566888839
2024-02-01,1.2036459046841128,0.6292973407705911
2024-02-02,1.192255898722122,0.6219428342975437
2024-02-05,1.1770689964949321,0.6143785300047684
2024-02-06,1.1854215878698051,0.6202623967299095
2024-02-07,1.1876996914872446,0.622993317948773
2024-02-08,1.1892179720098,0.622153005755419
2024-02-09,1.193015209691802,0.6255151886242034
2024-02-12,1.190737106074363,0.6219428342975437
2024-02-13,1.1740314111994135,0.6089153798335254
2024-02-14,1.180105898956847,0.6152194026553435
2024-02-15,1.1899774536878809,0.6208925374653882
2024-02-16,1.179346417278766,0.6160593412105502
2024-02-20,1.1831433135439648,0.6194222713556292
2024-02-21,1.179346417278766,0.6164794973072272
2024-02-22,1.1861803867142804,0.6242545335150989
2024-02-23,1.1869400391007625,0.6253044567091073
2024-02-26,1.1785872770174883,0.6200520384529606
2024-02-27,1.177827966047809,0.6221530057554192
2024-02-28,1.177827966047809,0.6219428342975439
2024-02-29,1.1808652099265262,0.62488430061243
2024-03-01,1.1891061580068465,0.6309703055752789
2024-03-04,1.1906317789906646,0.6305479076497178
2024-03-05,1.1913950162535776,0.6292801534158139
2024-03-06,1.1952101783177325,0.6332954557661379
2024-03-07,1.1944472824716228,0.6351978343932887
2024-03-08,1.1959734155806454,0.6356196718616287
2024-03-11,1.1959734155806454,0.635408566308385
2024-03-12,1.1959734155806454,0.6368876129146066
2024-03-13,1.1982622738273765,0.6375214900315587
2024-03-14,1.1875807077314309,0.6297031117985963
2024-03-15,1.1845281000965828,0.6286468367560833
2024-03-18,1.1891061580068474,0.6324497258196482
2024-03-19,1.2005513027825088,0.6390007234568538
2024-03-20,1.2112332102952577,0.6444956328706202
2024-03-21,1.2135225806671928,0.6436497161050563
2024-03-22,1.2135225806671928,0.6419591903074438
2024-03-25,1.2097069064778334,0.639423495020562
2024-03-26,1.2058924272472846,0.6375214900315584
2024-03-27,1.215811609622325,0.6461859718491587
2024-03-28,1.214285647221704,0.6425932542434694
2024-04-01,1.2052343463596693,0.6359028895773082
2024-04-02,1.203700531372581,0.6331413300303632
2024-04-03,1.2052343463596689,0.6344156229318456
2024-04-04,1.2052343463596689,0.6331413300303632
2024-04-05,1.20216637496869,0.6316549974802688
2024-04-08,1.2067686734719616,0.6354780630037895
2024-04-09,1.2136719505184672,0.6388768624110128
2024-04-10,1.1960306028951333,0.6244327589113778
2024-04-11,1.1914279629750593,0.6229466131803572
2024-04-12,1.1914279629750593,0.6220969600333199
2024-04-15,1.1737861032265213,0.6127515226922038
2024-04-16,1.161513364120598,0.6074415641613677
2024-04-17,1.1584452220212174,0.6095655102098874
2024-04-18,1.1607468833980574,0.6108394294732225
2024-04-19,1.1638146840806347,0.6138132154878531
2024-04-22,1.171484783266484,0.6227334526173032
2024-04-23,1.1776208967568436,0.6293182645068427
2024-04-24,1.171484783266484,0.6257076122700813
2024-04-25,1.1661158333322708,0.6223091865010055
2024-04-26,1.1722516054058274,0.6274072922023033
2024-04-29,1.1799218753000775,0.6322920505214735
2024-04-30,1.1684166411671035,0.6203976537392455
2024-05-01,1.1777479038075271,0.6289384613300781
2024-05-02,1.1893147636734271,0.6389738215102465
2024-05-03,1.2008824770813349,0.6458063554914684
2024-05-06,1.204738097036635,0.6477277896641329
2024-05-07,1.207823309976161,0.6479418843225553
2024-05-08,1.2055095283028177,0.6440982687009313
2024-05-09,1.2062804474437963,0.6445253371033342
2024-05-10,1.2008824770813353,0.6419627398698444
2024-05-13,1.2016537376391168,0.6415362319246627
2024-05-14,1.2062804474437967,0.6440982687009316
2024-05-15,1.2186190799926822,0.6537065604786971
2024-05-16,1.2132212803386229,0.6498631316761467
2024-05-17,1.2124498490724402,0.6500768526964216
2024-05-20,1.2132212803386229,0.6509313631393743
2024-05-21,1.2116791006398633,0.6496494106558715
2024-05-22,1.2070520494183805,0.6460197028735959
2024-05-23,1.1970261742924295,0.6402552135365283
2024-05-24,1.2062804474437963,0.6460197028735961
2024-05-28,1.1962555965682542,0.6394008899126493
2024-05-29,1.18777275468307,0.6344905373803869
2024-05-30,1.1916282039299686,0.6411095371604074
2024-05-31,1.2008824770813353,0.6468738396784015
2024-06-03,1.2106522896051013,0.651979791780793
2024-06-04,1.2114273057477147,0.6511213581372932
2024-06-05,1.2199572631517008,0.6564845601041245
2024-06-06,1.2168553207888317,0.6536953513342767
2024-06-07,1.2067753310996192,0.6494052381265887
2024-06-10,1.2083265583436558,0.6509074502979446
2024-06-11,1.2106522896051013,0.6530523200827152
2024-06-12,1.2176315318902549,0.6597021450098908
2024-06-13,1.2176315318902549,0.6594878635323946
2024-06-14,1.2091014037778671,0.6530523200827152
2024-06-17,1.2098771027540862,0.6541250352037107
2024-06-18,1.2184063773244667,0.6592726479595301
2024-06-20,1.2153051177952037,0.6582006801148292
2024-06-21,1.2184063773244667,0.6601308947839561
2024-06-24,1.2160806460630211,0.6584149615923252
2024-06-25,1.2137538905511671,0.660560205015243
2024-06-26,1.2036740715703558,0.6569134966972638
2024-06-27,1.2021228443263192,0.658843711366391
2024-06-28,1.194368927315355,0.6547680664552724
2024-07-01,1.1913291228106164,0.6544448694578286
2024-07-02,1.1975651007158281,0.6589735506225896
2024-07-03,1.2069200918240544,0.6647959538724941
2024-07-05,1.217834162762784,0.6697558134592783
2024-07-08,1.2170538546597256,0.6693248218563286
2024-07-09,1.2162742293902729,0.6673835848618552
2024-07-10,1.2193929011764846,0.6712653115745075
2024-07-11,1.228747550867908,0.6773033040354239
2024-07-12,1.2381020298509298,0.6816160223510259
2024-07-15,1.234203903503667,0.6818316115620378
2024-07-16,1.2443388612981487,0.6883013429021985
2024-07-17,1.241220189511937,0.6863604795458724
2024-07-18,1.2357636661677764,0.6829101180743173
2024-07-19,1.2318658812373169,0.6816160223510261
2024-07-22,1.2404407349508864,0.6878699776611013
2024-07-23,1.241220189511937,0.6880855668721129
2024-07-24,1.228747550867908,0.6826943420442315
2024-07-25,1.2295271761373603,0.6829101180743167
2024-07-26,1.236543120728827,0.6883013429021978
2024-07-29,1.2381020298509289,0.6867914711488214
2024-07-30,1.2381020298509289,0.6876547620882363
2024-07-31,1.252133919033863,0.6936925677300789
2024-08-01,1.2487636230639043,0.6899857036703791
2024-08-02,1.24249333277,0.6843499326750677
2024-08-05,1.2260329458679435,0.6739444839099651
2024-08-06,1.237006764747183,0.680231132557932
2024-08-07,1.2385742092893581,0.6834825317160318
2024-08-08,1.2440611187289776,0.6904193107403598
2024-08-09,1.247980071501218,0.6902024137958325
2024-08-12,1.2487636230639039,0.6912865248803219
2024-08-13,1.2613047157769168,0.6990901444064648
2024-08-14,1.2660077322370475,0.7021253938963319
2024-08-15,1.2691426213213979,0.7036423647745076
2024-08-16,1.2785484835332581,0.7090617992825126
2024-08-19,1.2832509878681844,0.7118801518278524
2024-08-20,1.2824677777223012,0.7103626204924556
2024-08-21,1.2856033496402572,0.7142645236650638
2024-08-22,1.2816838847428125,0.7120970487723797
2024-08-23,1.292657362205249,0.7212016763275391
2024-08-26,1.2887382387246071,0.7177330065867644
2024-08-27,1.287170794182432,0.7188171176712539
2024-08-28,1.2863867304945416,0.7179493430740707
2024-08-29,1.2856033496402568,0.7196839581730685
2024-08-30,1.2848191152439652,0.7199006682985223
2024-09-03,1.2793042096265066,0.713802146457738
2024-09-04,1.2871824023537313,0.7201183125193444
2024-09-05,1.2934856393691168,0.7259997505965277
2024-09-06,1.2926976493879927,0.7238216270166444
2024-09-09,1.2990008864033782,0.7279602299555885
2024-09-10,1.2911218401341462,0.724692951176227
2024-09-11,1.2958496093124885,0.7273071104740487
2024-09-12,1.2982128964222541,0.7297026914556801
2024-09-13,1.3037279727481144,0.7344949743333851
2024-09-16,1.3068797619642085,0.7388506610359302
2024-09-17,1.3084550590928505,0.7392863231157214
2024-09-18,1.3100308683466966,0.7408113272140646
2024-09-19,1.3171220953432057,0.746039085352487
2024-09-20,1.3147584668166368,0.7482175825705175
2024-09-23,1.3139704768355132,0.744950303791156
2024-09-24,1.3147584668166372,0.7451679480119779
2024-09-25,1.30845505909285,0.7432074686529169
2024-09-26,1.3100308683466961,0.746039085352487
2024-09-27,1.3179090610739208,0.7503957061504007
2024-09-30,1.3171220953432057,0.7490890935491741
2024-10-01,1.3174387594279078,0.7482130989127496
2024-10-02,1.3158549268791928,0.7484320508670874
2024-10-03,1.3103128786259024,0.744273458287261
2024-10-04,1.3071458963620786,0.7423032643363692
2024-10-07,1.2984361830113587,0.734861139717772
2024-10-08,1.3016033359835841,0.7390197322975989
2024-10-09,1.300811590417628,0.7379259066212789
2024-10-10,1.3000201862684748,0.7370500988039281
2024-10-11,1.3031868271154958,0.7416467821115036
2024-10-14,1.306353638670918,0.7425227767479281
2024-10-15,1.306353638670918,0.7420839387438845
2024-10-16,1.3126881153237702,0.7451487056473909
2024-10-17,1.307937471219633,0.7425227767479281
2024-10-18,1.313479519472923,0.7466806220514601
2024-10-21,1.3023949108411381,0.7396769617987593
2024-10-22,1.3000201862684748,0.7372684903010447
2024-10-23,1.2921023891921122,0.732016072044898
2024-10-24,1.2976449495706066,0.7370500988039281
2024-10-25,1.2960609463134904,0.7352990436264477
2024-10-28,1.2992284407025183,0.7396769617987593
2024-10-29,1.300020186268474,0.7401143052502139
2024-10-30,1.2921023891921113,0.7370500988039284
2024-10-31,1.2857687660812664,0.7322346503610886
2024-11-01,1.2815493665224622,0.7323446867954786
2024-11-04,1.2887138274231966,0.7371840480797478
2024-11-05,1.2974709977095218,0.7420235961830906
2024-11-06,1.3014512347978853,0.7451040558887851
2024-11-07,1.3149843140317632,0.752582797045821
2024-11-08,1.3213534444901107,0.7554426234255147
2024-11-11,1.3189652339537323,0.7534627148827924
2024-11-12,1.3078200238394304,0.7464233721870213
2024-11-13,1.3078200238394304,0.7468633311055071
2024-11-14,1.3030432613498704,0.7431235868888417
2024-11-15,1.3030432613498704,0.7429037008391357
2024-11-18,1.3070240105634379,0.7462038597754623
2024-11-19,1.3086155249902185,0.7488426791910083
2024-11-20,1.3070240105634383,0.7484034675488174
2024-11-21,1.3054319840114537,0.749063312517009
2024-11-22,1.3070240105634388,0.7486229799603759
2024-11-25,1.321353444490112,0.7552227373758087
2024-11-26,1.3149843140317645,0.7519229520776292
2024-11-27,1.3229453003336955,0.7572024590994575
2024-11-29,1.3293135772500362,0.7607217568091955
2024-12-02,1.3297138884514519,0.7600813410246652
2024-12-03,1.3305141694374805,0.7600813410246652
2024-12-04,1.3369143688248935,0.764279726067183
2024-12-05,1.3329141588535598,0.7627330509562942
2024-12-06,1.3369143688248935,0.7656057678520709
2024-12-09,1.334514208700413,0.7633958850296645
2024-12-10,1.3393141875325711,0.7642797260671828
2024-12-11,1.3361140878388649,0.7647219268145524
2024-12-12,1.3297138884514519,0.759860334060517
2024-12-13,1.3257138491885194,0.7547773607041863
2024-12-16,1.3281138386045988,0.7580920915282592
2024-12-17,1.3249135682024908,0.7543359072331111
2024-12-18,1.2953122192647024,0.7363215044166267
2024-12-19,1.2881124217248665,0.7345448550260538
2024-12-20,1.3017129307773194,0.7454287474388173
2024-12-23,1.2961123295423294,0.7407644356265741
2024-12-24,1.303312809915771,0.7463174457722508
2024-12-26,1.3105131195808108,0.7507601901631249
2024-12-27,1.3013431763797638,0.7447623638030472
2024-12-30,1.3021473836590265,0.7472057704675372
2024-12-31,1.3061696150141482,0.7469838294080209
2025-01-02,1.3069736515850092,0.7512038854630838
2025-01-03,1.3093866148395992,0.753869420006164
2025-01-06,1.3126042974986558,0.7569788366682768
2025-01-07,1.3069736515850097,0.7512038854630838
2025-01-08,1.307777858864272,0.7534255378871313
2025-01-10,1.2981258351375113,0.7443182948649405
2025-01-13,1.2965165670369792,0.7438744127459078
2025-01-14,1.2981258351375113,0.7460951310745869
2025-01-15,1.317430565424639,0.7614217678782247
2025-01-16,1.323061040629884,0.7634199846901666
2025-01-17,1.3246701380220145,0.764975440297518
2025-01-21,1.331105161923325,0.7696399389288349
2025-01-22,1.3270834426934077,0.7671965322643446
2025-01-23,1.331105161923325,0.7694178110502448
2025-01-24,1.335127222570045,0.7714169619575548
2025-01-27,1.339953661204429,0.772749542410021
2025-01-28,1.3367356371285695,0.7720833455933245
2025-01-29,1.335127222570045,0.7709728930194482
2025-01-30,1.3391486003831594,0.7743044375601513
2025-01-31,1.3359314298493072,0.7707505783217847
2025-02-03,1.3331814882102422,0.7685193981249803
2025-02-04,1.3404603237399524,0.7740974420265283
2025-02-05,1.3469298307383566,0.7787836116703903
2025-02-06,1.344503893645256,0.7761055602493745
2025-02-07,1.3356077667201451,0.7705275163478265
2025-02-10,1.3380340452300485,0.7740974420265285
2025-02-11,1.3356077667201451,0.7734284429237273
2025-02-12,1.3283296140240406,0.7696352684519931
2025-02-13,1.33884286163615,0.7776675545243041
2025-02-14,1.3428867729582565,0.7796764200234452
2025-02-18,1.3404603237399515,0.7781134916531474
2025-02-19,1.3436950772391536,0.7794526107731921
2025-02-20,1.3436950772391536,0.7805684811002047
2025-02-21,1.3364167538346479,0.777222177852682
2025-02-24,1.3372255702407494,0.7794526107731918
2025-02-25,1.3453123686345538,0.783914971166801
2025-02-26,1.3493566213734636,0.7863695869757112
2025-02-27,1.3453123686345538,0.7830227232709674
2025-02-28,1.3509737420604626,0.7879315812506404
2025-03-03,1.347398937425559,0.7842103321222682
2025-03-04,1.3465860240178227,0.7839857755957205
2025-03-05,1.3522740279543584,0.784882507149322
2025-03-06,1.3408983614980898,0.7781575809545322
2025-03-07,1.35796151976569,0.7810717716846634
2025-03-10,1.3587742624650252,0.774346098213579
2025-03-11,1.3473989374255595,0.7680697246146637
2025-03-12,1.3498363119815577,0.7700873706102669
2025-03-13,1.3392735589330256,0.7602235103397248
2025-03-14,1.3473989374255595,0.7682940943221375
2025-03-17,1.3498363119815577,0.7725533823826705
2025-03-18,1.3482113387080918,0.7694144483069181
2025-03-19,1.3587742624650252,0.7810717716846627
2025-03-20,1.3538993426446275,0.7786059467313324
2025-03-21,1.3514614559634248,0.7759157520705282
2025-03-24,1.3587742624650252,0.7810717716846629
2025-03-25,1.355523803792889,0.7801750401310616
2025-03-26,1.3473989374255595,0.7730011877022502
2025-03-27,1.3433362481792925,0.769639004833466
2025-03-28,1.3425233347715562,0.7665004443958612
2025-03-31,1.3449612214527589,0.7685180903914643
2025-04-01,1.3480655537332482,0.7726176481440123
2025-04-02,1.353784626598849,0.776221948532269
2025-04-03,1.32110455164079,0.754146099054265
2025-04-04,1.2614634745902729,0.7291416737774576
2025-04-07,1.2443062559934703,0.7142736777996723
2025-04-08,1.2296004100415852,0.7063889787955582
2025-04-09,1.2949605599577034,0.7521183648286838
2025-04-10,1.2516590082610115,0.7235098259826935
2025-04-11,1.2565614121340438,0.7286908793526996
2025-04-14,1.2729014496130735,0.73725092930812
2025-04-15,1.2778033413609013,0.7419815618915149
2025-04-16,1.2778033413609013,0.7417564449077463
2025-04-17,1.285973445454617,0.7518934346639892
2025-04-21,1.2729014496130735,0.7415307674667564
2025-04-22,1.2769865016599313,0.7482889474566587
2025-04-23,1.2916925183202181,0.7570743012149215
2025-04-24,1.311300597436734,0.7728431387659289
2025-04-25,1.3186535204126764,0.7744195181095306
2025-04-28,1.3194707015304497,0.7753212937781209
2025-04-29,1.3260062726802175,0.7800511790852209
2025-04-30,1.311300597436734,0.7705902875565787
2025-05-01,1.312204157005644,0.7728775134754833
2025-05-02,1.3187750647945133,0.7783115198712343
2025-05-05,1.3195965136223227,0.7776324325384549
2025-05-06,1.3179537866751052,0.7762735105966014
2025-05-07,1.3212392405695401,0.7778584836175921
2025-05-08,1.3195965136223227,0.7774054473639498
2025-05-09,1.3212392405695401,0.778537757769445
2025-05-12,1.3483450033864335,0.7961986988985512
2025-05-13,1.3516309694060729,0.7993684581214584
2025-05-14,1.3450593787835974,0.7928027017774331
2025-05-15,1.353273354936487,0.7961986988985512
2025-05-16,1.3557378721283166,0.7982363345350365
2025-05-19,1.3516309694060724,0.7973308224849727
2025-05-20,1.350809520578263,0.7964251236158353
2025-05-21,1.33109628508645,0.7844249872379114
2025-05-22,1.3368459147559117,0.7880475958953876
2025-05-23,1.3368459147559117,0.787594186003598
2025-05-27,1.3516309694060724,0.798462572433247
2025-05-28,1.353273354936487,0.7973308224849724
2025-05-29,1.357380599075534,0.800047732273311
2025-05-30,1.357380599075534,0.8016327052943015
2025-06-02,1.3569676554524106,0.801314365592773
2025-06-03,1.3610967502668445,0.8047266159733
2025-06-04,1.3685295647746685,0.8081392399919745
2025-06-05,1.3635745827139876,0.8042715247098473
2025-06-06,1.3627486954677401,0.8040445395353419
2025-06-09,1.3693552813125138,0.8049541616050264
2025-06-10,1.3767882665287394,0.8092765945124587
2025-06-11,1.3776136416497824,0.8088218768871533
2025-06-12,1.384220568911359,0.8108690402963958
2025-06-13,1.375962379282492,0.8054094396875524
2025-06-16,1.3833950230819148,0.8090490488807323
2025-06-17,1.3825689651272661,0.8070015118333422
2025-06-18,1.3833950230819148,0.8097318725949849
2025-06-20,1.3891758923888426,0.8154190188355546
2025-06-23,1.3908273254645342,0.8188314560351553
2025-06-24,1.3982601399723582,0.8238359653805458
2025-06-25,1.396608536188265,0.8233810609361669
2025-06-26,1.405692783771781,0.828613676370505
2025-06-27,1.4073445582642758,0.8277034938435996
2025-06-30,1.4180805803402863,0.8347561006936011
2025-07-01,1.417582623933237,0.8324475774002984
2025-07-02,1.4225620172953262,0.8358760810402344
2025-07-03,1.4217320330474439,0.8370188533138552
2025-07-07,1.4109427499501788,0.8308474720343408
2025-07-08,1.4067935115443735,0.8283328873027833
2025-07-09,1.4117725634896594,0.8333618699468244
2025-07-10,1.4109427499501783,0.8315332848537722
2025-07-11,1.406793511544373,0.8292475534874568
2025-07-14,1.4109427499501788,0.8306188054881722
2025-07-15,1.4034735745528444,0.8251332370280893
2025-07-16,1.4067935115443735,0.8299331794878144
2025-07-17,1.408453480040138,0.8317617645808666
2025-07-18,1.4126025477375421,0.8342761624933501
2025-07-21,1.4134325319854244,0.8367899999486128
2025-07-22,1.4200718938432781,0.8399902106805279
2025-07-23,1.4242216443742883,0.8409046900461277
2025-07-24,1.420902048799562,0.838619145498886
2025-07-25,1.4242216443742883,0.8397619177725071
2025-07-28,1.4217320330474448,0.8388476252259809
2025-07-29,1.4233920015432093,0.8399902106805281
2025-07-30,1.4184124374727185,0.836104560767329
2025-07-31,1.4184124374727185,0.8372473330409498
2025-08-01,1.415658740248821,0.8373394348442675
2025-08-04,1.4206652762467415,0.8435418280900109
2025-08-05,1.4248373895783426,0.8426232387047903
2025-08-06,1.429009332201542,0.8444606042943048
2025-08-07,1.4273404868689017,0.8426232387047903
2025-08-08,1.4281750802436233,0.8428524657081797
2025-08-11,1.429009332201542,0.8428524657081797
2025-08-12,1.4306783482425836,0.8469877059037982
2025-08-13,1.4398571682805064,0.8518121216621739
2025-08-14,1.4331817869499455,0.8469877059037982
2025-08-15,1.4356850549489057,0.8483660570293132
2025-08-18,1.4348504615741842,0.8469877059037982
2025-08-19,1.4356850549489057,0.8465279441635039
2025-08-20,1.4348504615741842,0.8458387686007465
2025-08-21,1.4298440962846648,0.842393638063254
2025-08-22,1.4498698988595446,0.8573253393451596
2025-08-25,1.4473668015689856,0.8536496740707622
2025-08-26,1.4507043215258646,0.8577843538091594
2025-08-27,1.4540421828995465,0.8600822284152632
2025-08-28,1.4532079309416277,0.8610011914386309
2025-08-29,1.4515387441921845,0.85755512680577
2025-09-02,1.4481841533951596,0.8555471954019975
2025-09-03,1.45573253749077,0.8606253114624132
2025-09-04,1.4632805801695778,0.865703240703755
2025-09-05,1.470829305681991,0.8666261269276696
2025-09-08,1.473345547519462,0.8666261269276696
2025-09-09,1.469990956722437,0.8645488856475665
2025-09-10,1.4741840671874171,0.86593377544066
2025-09-11,1.4783776897776013,0.870550448389118
2025-09-12,1.4792163801539577,0.8687035550268465
2025-09-15,1.4892803232534337,0.8740127662813879
2025-09-16,1.4884421450022818,0.8726275028501473
2025-09-17,1.4859255617480076,0.8707809831260231
2025-09-18,1.4901191843381918,0.8749360261434498
2025-09-19,1.491796906507708,0.8756283776304594
2025-09-22,1.4934737751352167,0.8770134542426262
2025-09-23,1.4926355968840643,0.8756283776304592
2025-09-24,1.4884421450022818,0.8730891327811778
2025-09-25,1.4817324512830279,0.8677802951647837
2025-09-26,1.4850870420800528,0.8714735214321059
2025-09-29,1.4909580454229503,0.8747049309493233
2025-09-30,1.4934737751352167,0.8740127662813872
2025-10-01,1.4974355757162225,0.8775141293600535
2025-10-02,1.49912166259741,0.8768186019487914
2025-10-03,1.4982785338026159,0.8747314592577842
2025-10-06,1.4949070428738471,0.875195331017699
2025-10-07,1.4940640847874542,0.8731081883266916
2025-10-08,1.4864784862603262,0.8703253314053485
2025-10-09,1.4814212498671728,0.864991460033083
2025-10-10,1.4637208371369352,0.8540916879990577
2025-10-13,1.4772068008520107,0.8656871742634187
2025-10-14,1.4788925463163953,0.8677745037734994
2025-10-15,1.4864784862603262,0.8738039025570268
2025-10-16,1.478049758938404,0.8670786027240898
2025-10-17,1.4831068246231562,0.8719489759745878
2025-10-20,1.4898499771890954,0.8756590159585402
2025-10-21,1.4864784862603266,0.8728761590371972
2025-10-22,1.485635698882335,0.8710210456356842
2025-10-23,1.4890071898111041,0.8751953310176988
2025-10-24,1.4974355757162234,0.8802973599195434
2025-10-27,1.505864303038146,0.8849351434233259
2025-10-28,1.5033357701957701,0.8830800300218129
2025-10-29,1.495750171668642,0.8772822868896324
2025-10-30,1.49153572265348,0.8738039025570272
2025-10-31,1.4890071898111041,0.8738039025570272
2025-11-03,1.4807013725382308,0.8679762683730601
2025-11-04,1.4773112743937031,0.8682092317579229
2025-11-05,1.4764635364720693,0.8700742465703402
2025-11-06,1.478158500190132,0.8707736971821494
2025-11-07,1.481548939751463,0.8724051881524828
2025-11-10,1.4891765325453492,0.8786989359252493
2025-11-11,1.4925664599814756,0.8807967273034554
2025-11-12,1.490871666971814,0.8770670713167683
2025-11-13,1.4756161399672387,0.8693749827776047
2025-11-14,1.4756161399672387,0.8698412831854776
2025-11-17,1.4688361143865847,0.8668110778105993
2025-11-18,1.4696833401830136,0.867277378218472
2025-11-19,1.4713786453178797,0.8682092317579229
2025-11-20,1.4713786453178797,0.8670442280145358
2025-11-21,1.479006238111766,0.8733376021491548
2025-11-24,1.486634172322455,0.878465785721313
2025-11-25,1.5010419614053965,0.8849919364217211
2025-11-26,1.5044317181331213,0.8868565775959911
2025-11-28,1.5067318431343484,0.8877891784117364
2025-12-01,1.5016211750115391,0.8843939285669131
2025-12-02,1.5092870064873516,0.8879065007899993
2025-12-03,1.5126941754720251,0.8895454645232796
2025-12-04,1.5109905056254878,0.890950343957255
2025-12-05,1.5067318431343488,0.890950343957255
2025-12-08,1.503324844858077,0.8862671634185717
2025-12-09,1.5024728392264066,0.8841596574485346
2025-12-10,1.5118423405487564,0.8904825489967931
2025-12-11,1.5118423405487564,0.8902480910593411
2025-12-12,1.5041761676561411,0.8867355188362549
2025-12-15,1.5067318431343488,0.8876722296716213
2025-12-16,1.5075833366408147,0.888843211625366
2025-12-17,1.503324844858077,0.8865012477178769
2025-12-18,1.509287006487352,0.8916529704933169
2025-12-19,1.5067318431343488,0.8907355020225385
2025-12-22,1.5058798375026785,0.8923824989759863
2025-12-23,1.5075833366408147,0.8937939170775402
2025-12-24,1.5118423405487564,0.8973233030172565
2025-12-26,1.5135460103952938,0.8963822953431959
2025-12-29,1.515258557078707,0.8970877241653625
2025-12-30,1.516114659712012,0.8989704867897781
2025-12-31,1.515258557078707,0.8970877241653625
2026-01-02,1.5178277185206297,0.898029292296644
2026-01-05,1.52467875879629,0.9029700963379141
2026-01-06,1.5289611497552316,0.903440880403555
2026-01-07,1.5281047057051236,0.9029700963379141
2026-01-08,1.530673525730243,0.9043817012585416
2026-01-09,1.5323867552472623,0.9057933061791694
2026-01-12,1.530673525730243,0.9067346874913771
2026-01-13,1.5315303111971539,0.9067346874913771
2026-01-14,1.533242857880567,0.9067346874913771
2026-01-15,1.5323867552472619,0.9067346874913771
2026-01-16,1.5332428578805666,0.9079110871982579
2026-01-20,1.5255353735547983,0.9029700963379141
2026-01-21,1.5358123607392922,0.908616702839498
2026-01-22,1.5366686340809985,0.9100284945791992
2026-01-23,1.5340994726390758,0.9090874869051389
2026-01-26,1.534955745980782,0.9100284945791994
2026-01-27,1.5358123607392917,0.9097932893654526
2026-01-28,1.5340994726390758,0.9067346874913771
2026-01-29,1.5332428578805661,0.9064994822776304
2026-01-30,1.5340994726390753,0.908616702839498
2026-02-02,1.53659625371878,0.9097755415534543
2026-02-03,1.5357355419586356,0.9085933504552897
2026-02-04,1.5348741473648855,0.9062289682589604
2026-02-05,1.5322911585424448,0.9041009121908201
2026-02-06,1.5400404664265697,0.9107212197043564
2026-02-09,1.5443455616029054,0.9133223016670216
2026-02-10,1.5469287211337477,0.9114307585461436
2026-02-11,1.5503729338415373,0.9111944324179548
2026-02-12,1.5538169758409253,0.9102483806289052
2026-02-13,1.5572611885487149,0.9116670846743322
2026-02-17,1.554678029017873,0.9107212197043564
2026-02-18,1.5581222417256626,0.913085975538833
2026-02-19,1.5615664544334518,0.9137949539233994
2026-02-20,1.5615664544334518,0.9152136579688266
2026-02-23,1.5572611885487149,0.912139923749784
2026-02-24,1.5572611885487149,0.910721219704357
2026-02-25,1.5581222417256622,0.9133223016670222
2026-02-26,1.5581222417256622,0.9116670846743329
2026-02-27,1.551233816310083,0.9085933504552903
2026-03-02,1.5521855156482034,0.907500272055265
2026-03-03,1.5366129831421231,0.9036986907252158
2026-03-04,1.5443991640409624,0.9103516915766436
2026-03-05,1.5288266315348822,0.9027481552783982
2026-03-06,1.5132539283204003,0.8934815555863695
2026-03-09,1.5236357304633885,0.9048866732146641
2026-03-10,1.5193101502788782,0.9017976198315809
2026-03-11,1.5106584777846535,0.897520957597197
2026-03-12,1.4933554742130069,0.8854027515647156
2026-03-13,1.4847038017187821,0.8818388040963709
2026-03-16,1.4907601943856612,0.8877785297245386
2026-03-17,1.5002768463500669,0.8963327882886754
2026-03-18,1.4872994229629302,0.8865909208732379
2026-03-19,1.4916251738558417,0.8927688408203307
2026-03-20,1.4622100677840426,0.8751859900640171
2026-03-23,1.480378392242673,0.8875414563200554
2026-03-24,1.4743225117009984,0.8811262761494056
2026-03-25,1.4855694640225687,0.8870660017775731
2026-03-26,1.4665361600937574,0.8751859900640173
2026-03-27,1.4578844875995327,0.8704336864680773
2026-03-30,1.4587496377781148,0.8725720175852696
2026-03-31,1.4847038017187817,0.8903925022032877
2026-04-01,1.5008075787701953,0.8950246811348599
2026-04-02,1.5077711158824152,0.8995608350625677
2026-04-06,1.514734652994635,0.9029037755667644
2026-04-07,1.519087034398174,0.9033812851190572
2026-04-08,1.5364957064703222,0.9146029464170109
2026-04-09,1.5408482585822627,0.9167515525832546
2026-04-10,1.5356254350396963,0.9091113997465705
2026-04-13,1.5443300271383724,0.9162742298500357
2026-04-14,1.553905061376076,0.922004344477549
2026-04-15,1.5521640063896198,0.9210491385538899
2026-04-16,1.5486824085419113,0.9184224623781325
2026-04-17,1.5591275435018397,0.925585666119745
2026-04-20,1.5556459456541312,0.9239141958676467
2026-04-21,1.5486824085419113,0.9189003455685727
2026-04-22,1.5530344485286474,0.9220043444775492
2026-04-23,1.5495528506809388,0.9189003455685725
2026-04-24,1.5495528506809388,0.9215268349252566
2026-04-27,1.5504231221115647,0.9222430992536959
2026-04-28,1.5478117956944826,0.9196167967160858
2026-04-29,1.5391073743042076,0.9131702309410599
2026-04-30,1.5469415242638567,0.9191389135256456
2026-05-01,1.5500917771043379,0.9215152521426895
2026-05-04,1.5413407523204654,0.9152749346249918
2026-05-05,1.5474666233067378,0.9181549374646418
2026-05-06,1.5562176480906107,0.9239153167820888
2026-05-07,1.5448412988007365,0.9167151228638903
2026-05-08,1.552717101610341,0.9234351917627648
2026-05-11,1.5457161793582022,0.9195951257035402
2026-05-12,1.5395903083719302,0.9169551853735523
2026-05-13,1.538715427814465,0.9179150617740532
2026-05-14,1.538715427814465,0.9164750603542282
2026-05-15,1.522088088095784,0.9071146774872187
2026-05-18,1.522963139361651,0.9090348039263676
2026-05-19,1.5159622171095122,0.904474550338157
2026-05-20,1.5308392835880582,0.9167151228638901
2026-05-21,1.5378402058401974,0.9176749992643909
2026-05-22,1.540465359637798,0.9179150617740528
2026-05-26,1.5474666233067396,0.9243954418014126
2026-05-27,1.548341845281008,0.9231951292531022
2026-05-28,1.5500917771043405,0.9255955675306493
2026-05-29,1.5579677506223462,0.9275153203316511
2026-06-01,1.5565602598523358,0.9260437464883764
2026-06-02,1.559199582447257,0.9274912206711483
2026-06-03,1.5539209372574145,0.9221840644264172
2026-06-04,1.5591995824472575,0.9258025630642726
2026-06-05,1.546003310889454,0.9161531710903001
2026-06-08,1.5468831419905613,0.9188067492126659
2026-06-09,1.551281785370895,0.9207367770627193
2026-06-10,1.54424381939564,0.9171180916057902
2026-06-11,1.560959244649473,0.9284563280057121
2026-06-12,1.5618390757505805,0.9284563280057121
2026-06-15,1.5671173795236202,0.9308685358848998
2026-06-16,1.5671173795236202,0.9306273524607958
2026-06-17,1.5591995824472575,0.9233905420041586
2026-06-18,1.5671173795236202,0.9301449856125876
2026-06-22,1.5662375484225128,0.9284563280057121
2026-06-23,1.5644782276371005,0.9267676703988366
2026-06-24,1.5679972106247284,0.9262851167315549
2026-06-25,1.572395854005062,0.9270088538229408
2026-06-26,1.570636362511248,0.9258025630642732
2026-06-29,1.5732756851061693,0.9301449856125881
2026-06-30,1.5723958540050615,0.9291800650970983
2026-07-01,1.5760242610780226,0.928913287459902
2026-07-02,1.5804486814269763,0.9318214999796757
2026-07-06,1.582218586133279,0.9356994903108544
2026-07-07,1.5786787767206736,0.933033582129627
2026-07-08,1.5715993286038645,0.9306099782869455
2026-07-09,1.5742541856633183,0.9327910909720074
2026-07-10,1.568944642252812,0.9318214999796759
2026-07-13,1.5627501464891544,0.9272169702710062
2026-07-14,1.568944642252812,0.9310945869640377
2026-07-15,1.5733694040185684,0.9342451038223576
2026-07-16,1.571599328603864,0.9340027994838116
2026-07-17,1.5707145469591142,0.9303674871293262
2026-07-20,1.5689446422528115,0.9310945869640379
2026-07-21,1.5654048328402062,0.9303674871293259
2026-07-22,1.5609804124912525,0.9272169702710062
2026-07-23,1.5503611549618386,0.9201886499005814
2026-07-24,1.5503611549618386,0.9201886499005814
2026-07-27,1.5565556507254965,0.9211578672547656
2026-07-28,1.5592105077849507,0.9247933664283248
2026-07-29,1.5521310596681417,0.9204309542391276
2026-07-30,1.5600954601381019,0.926005074940129
2026-07-31,1.5592105077849503,0.9262475660977487
2026-08-03,1.5679335363909837,0.9314590709767625
2026-08-04,1.5786145903617252,0.9373040793345808
2026-08-05,1.5786145903617252,0.9365732431183955
2026-08-06,1.5768344431513355,0.9351121311432462
2026-08-07,1.5830651290961018,0.9387651913097301
2026-08-10,1.5777245167565304,0.9355993552873698
2026-08-11,1.5786145903617252,0.9363298178654076
2026-08-12,1.5839552027012966,0.9387651913097301
2026-08-13,1.589295815040868,0.9431487140542516
2026-08-14,1.5848454470148932,0.9412003779349787
2026-08-17,1.5812849818857115,0.9387651913097297
2026-08-18,1.580394737572115,0.936816855190457
2026-08-19,1.5875156678304778,0.9412003779349785
2026-08-20,1.580394737572115,0.9375473177684945
2026-08-21,1.5812849818857115,0.9387651913097297
2026-08-24,1.5839552027012962,0.940956765862917
2026-08-25,1.591076132959659,0.9463145500766117
2026-08-26,1.5901858886460625,0.9458276995706356
2026-08-27,1.5901858886460625,0.9450970501735241
2026-08-28,1.5839552027012962,0.94193102733209
2026-08-31,1.5821750554909064,0.943635751379301
2026-09-01,1.5704504610620602,0.9369018578689754
2026-09-02,1.5749255818062462,0.937146777674553
2026-09-03,1.5785055076931935,0.9395954152731059
2026-09-04,1.5776104835443565,0.9383711898833664
2026-09-08,1.5767156301039207,0.9373916974801306
2026-09-09,1.5713454852108972,0.9339635674783417
2026-09-10,1.5552353919486297,0.9251483226682924
2026-09-11,1.551655466061682,0.9246584830571376
2026-09-14,1.548075369466333,0.9229444180562434
2026-09-15,1.5427053952817111,0.9192713682488771
2026-09-16,1.5453904677282226,0.9202508606521129
2026-09-17,1.5570254402463037,0.9275969602668452
2026-09-18,1.549865417764007,0.9229444180562432
2026-09-21,1.5552353919486288,0.9266174678636094
2026-09-23,1.5337553245017395,0.9124151082452996
2026-09-24,1.5230153761324954,0.9072729132426165
