Datetime,Close,High,Low,Open,Volume
2024-09-18 09:30:00-04:00,237.3800048828125,238.25999450683594,237.2899932861328,238.19000244140625,848051
2024-09-18 10:30:00-04:00,237.7100067138672,237.8699951171875,237.33981323242188,237.4499969482422,531673
2024-09-18 11:30:00-04:00,237.64990234375,237.7899932861328,237.32000732421875,237.7050018310547,344464
2024-09-18 12:30:00-04:00,237.63499450683594,237.95599365234375,237.5290985107422,237.6300048828125,441326
2024-09-18 13:30:00-04:00,239.8000030517578,240.0800018310547,237.20010375976562,237.64500427246094,2531304
2024-09-18 14:30:00-04:00,237.0500030517578,240.2895965576172,235.94000244140625,239.7899932861328,4057665
2024-09-18 15:30:00-04:00,235.52999877929688,237.12989807128906,235.3000030517578,237.08999633789062,1955440
2024-09-19 09:30:00-04:00,238.35000610351562,238.4499969482422,237.38999938964844,238.24000549316406,1735063
2024-09-19 10:30:00-04:00,238.77999877929688,238.8000030517578,238.35000610351562,238.35000610351562,658473
2024-09-19 11:30:00-04:00,239.16009521484375,239.38499450683594,238.63999938964844,238.7899932861328,773860
2024-09-19 12:30:00-04:00,239.16000366210938,239.51499938964844,239.08999633789062,239.22000122070312,497452
2024-09-19 13:30:00-04:00,239.1199951171875,239.36000061035156,238.96499633789062,239.16000366210938,769038
2024-09-19 14:30:00-04:00,239.0399932861328,239.27999877929688,238.94000244140625,239.1199951171875,601311
2024-09-19 15:30:00-04:00,239.13499450683594,239.22999572753906,238.91000366210938,239.02999877929688,594221
2024-09-20 09:30:00-04:00,241.50999450683594,241.52000427246094,240.47000122070312,241.11000061035156,1825697
2024-09-20 10:30:00-04:00,241.35000610351562,241.99000549316406,241.3000030517578,241.5,1506676
2024-09-20 11:30:00-04:00,242.41000366210938,242.5800018310547,241.32000732421875,241.35000610351562,1278031
2024-09-20 12:30:00-04:00,242.14999389648438,242.61000061035156,242.0399932861328,242.39999389648438,704623
2024-09-20 13:30:00-04:00,242.0500030517578,242.25999450683594,241.8800048828125,242.16000366210938,487166
2024-09-20 14:30:00-04:00,242.41000366210938,242.41000366210938,241.97999572753906,242.05999755859375,572851
2024-09-20 15:30:00-04:00,242.2100067138672,242.42999267578125,242.19000244140625,242.41000366210938,999886
2024-09-23 09:30:00-04:00,243.44400024414062,243.4600067138672,242.63999938964844,242.97000122070312,1679327
2024-09-23 10:30:00-04:00,243.1199951171875,243.4600067138672,242.61000061035156,243.44000244140625,781845
2024-09-23 11:30:00-04:00,242.88999938964844,243.13999938964844,242.7100067138672,243.11000061035156,418555
2024-09-23 12:30:00-04:00,242.7550048828125,242.91000366210938,242.7050018310547,242.8800048828125,726945
2024-09-23 13:30:00-04:00,242.83999633789062,242.91000366210938,242.6300048828125,242.77000427246094,490099
2024-09-23 14:30:00-04:00,242.74000549316406,242.86000061035156,242.68499755859375,242.83999633789062,609747
2024-09-23 15:30:00-04:00,242.66000366210938,242.76829528808594,242.5850067138672,242.72999572753906,488411
2024-09-24 09:30:00-04:00,243.8300018310547,243.89999389648438,243.14999389648438,243.38999938964844,1238326
2024-09-24 10:30:00-04:00,244.49000549316406,244.72999572753906,243.6300048828125,243.8300018310547,1239545
2024-09-24 11:30:00-04:00,244.60400390625,244.9199981689453,243.9199981689453,244.5,1450319
2024-09-24 12:30:00-04:00,244.99000549316406,245.33999633789062,244.5500030517578,244.6342010498047,1795805
2024-09-24 13:30:00-04:00,245.4199981689453,245.52000427246094,244.84500122070312,244.97000122070312,569583
2024-09-24 14:30:00-04:00,245.8300018310547,245.91000366210938,245.39999389648438,245.4290008544922,574189
2024-09-24 15:30:00-04:00,246.0399932861328,246.19000244140625,245.64999389648438,245.82000732421875,1024470
2024-09-25 09:30:00-04:00,246.3300018310547,246.4499969482422,245.77999877929688,246.19000244140625,2038473
2024-09-25 10:30:00-04:00,245.5,246.47000122070312,245.42999267578125,246.35000610351562,1213039
2024-09-25 11:30:00-04:00,245.27999877929688,245.74920654296875,245.05999755859375,245.51010131835938,1091098
2024-09-25 12:30:00-04:00,245.80999755859375,245.82000732421875,244.7899932861328,245.26499938964844,959942
2024-09-25 13:30:00-04:00,245.89500427246094,246.02999877929688,245.7100067138672,245.7899932861328,539896
2024-09-25 14:30:00-04:00,245.8350067138672,245.94000244140625,245.6999969482422,245.9149932861328,727121
2024-09-25 15:30:00-04:00,245.72999572753906,245.8300018310547,245.72999572753906,245.8300018310547,440027
2024-09-26 09:30:00-04:00,246.10000610351562,246.5800018310547,245.19000244140625,246.44000244140625,2675006
2024-09-26 10:30:00-04:00,246.58999633789062,246.63999938964844,245.94000244140625,246.14999389648438,849311
2024-09-26 11:30:00-04:00,246.3800048828125,246.88999938964844,245.98500061035156,246.61000061035156,807005
2024-09-26 12:30:00-04:00,246.77499389648438,246.82000732421875,246.3300018310547,246.39999389648438,383267
2024-09-26 13:30:00-04:00,247.05999755859375,247.14999389648438,246.60000610351562,246.75,609426
2024-09-26 14:30:00-04:00,247.0749969482422,247.3699951171875,246.94000244140625,247.0500030517578,600450
2024-09-26 15:30:00-04:00,246.97000122070312,247.10000610351562,246.85000610351562,247.04820251464844,651514
2024-09-27 09:30:00-04:00,245.86000061035156,246.75,245.5500030517578,246.30999755859375,1456152
2024-09-27 10:30:00-04:00,245.1999969482422,246.0500030517578,244.3300018310547,245.89500427246094,1921873
2024-09-27 11:30:00-04:00,245.11000061035156,245.25,244.38999938964844,245.17999267578125,1032586
2024-09-27 12:30:00-04:00,244.49000549316406,245.39999389648438,244.3699951171875,245.1199951171875,884103
2024-09-27 13:30:00-04:00,244.3699951171875,244.60000610351562,244.19000244140625,244.49000549316406,998610
2024-09-27 14:30:00-04:00,244.8249969482422,244.8300018310547,244.2100067138672,244.3800048828125,698057
2024-09-27 15:30:00-04:00,245.02000427246094,245.08999633789062,244.77999877929688,244.8000030517578,675428
2024-09-30 09:30:00-04:00,243.1699981689453,243.97000122070312,242.86000061035156,243.9199981689453,2147072
2024-09-30 10:30:00-04:00,243.2899932861328,243.56500244140625,243.02999877929688,243.1699981689453,683467
2024-09-30 11:30:00-04:00,243.6479949951172,243.72000122070312,243.24000549316406,243.32000732421875,732511
2024-09-30 12:30:00-04:00,243.7100067138672,244.0800018310547,243.5699005126953,243.625,578346
2024-09-30 13:30:00-04:00,242.7100067138672,243.9199981689453,242.5,243.72000122070312,978219
2024-09-30 14:30:00-04:00,242.74000549316406,243.27000427246094,242.6699981689453,242.6999969482422,460139
2024-09-30 15:30:00-04:00,243.08999633789062,243.14500427246094,242.66000366210938,242.72999572753906,693123
2024-10-01 09:30:00-04:00,246.25999450683594,246.83999633789062,245.05999755859375,245.1999969482422,2695875
2024-10-01 10:30:00-04:00,246.24000549316406,246.34959411621094,245.17999267578125,246.2949981689453,1521430
2024-10-01 11:30:00-04:00,246.2449951171875,246.47999572753906,245.6999969482422,246.22000122070312,667694
2024-10-01 12:30:00-04:00,246.5500030517578,246.97999572753906,246.11000061035156,246.22000122070312,1966791
2024-10-01 13:30:00-04:00,245.94000244140625,246.60000610351562,245.5399932861328,246.5500030517578,1207885
2024-10-01 14:30:00-04:00,246.1199951171875,246.25,245.80999755859375,245.9499969482422,591121
2024-10-01 15:30:00-04:00,245.6199951171875,246.10499572753906,245.58999633789062,246.10499572753906,1107062
2024-10-02 09:30:00-04:00,245.24600219726562,246.07000732421875,245.14999389648438,245.61000061035156,1066813
2024-10-02 10:30:00-04:00,244.5800018310547,245.44200134277344,243.99000549316406,245.27000427246094,1162452
2024-10-02 11:30:00-04:00,244.77000427246094,245.0399932861328,244.50999450683594,244.57000732421875,725536
2024-10-02 12:30:00-04:00,244.69000244140625,244.97999572753906,244.55999755859375,244.73500061035156,587585
2024-10-02 13:30:00-04:00,245.09500122070312,245.1300048828125,244.6699981689453,244.6699981689453,307726
2024-10-02 14:30:00-04:00,245.5800018310547,245.58999633789062,245.0572052001953,245.09249877929688,1195601
2024-10-02 15:30:00-04:00,245.63999938964844,245.67999267578125,245.44500732421875,245.5749969482422,1540005
2024-10-03 09:30:00-04:00,244.67990112304688,245.2100067138672,243.69000244140625,244.72000122070312,1737904
2024-10-03 10:30:00-04:00,244.89999389648438,245.08999633789062,244.4199981689453,244.69000244140625,786160
2024-10-03 11:30:00-04:00,245.060302734375,245.17999267578125,244.60000610351562,244.91000366210938,441974
2024-10-03 12:30:00-04:00,245.60000610351562,245.91000366210938,245.0041961669922,245.0612030029297,900823
2024-10-03 13:30:00-04:00,245.58999633789062,245.74000549316406,245.2628936767578,245.61000061035156,390404
2024-10-03 14:30:00-04:00,245.61000061035156,245.67999267578125,245.44000244140625,245.60000610351562,406826
2024-10-03 15:30:00-04:00,245.52000427246094,245.6199951171875,245.4499969482422,245.60009765625,651849
2024-10-04 09:30:00-04:00,244.86000061035156,245.3000030517578,244.49000549316406,245.0,1425519
2024-10-04 10:30:00-04:00,245.5800018310547,246.69000244140625,244.69000244140625,244.82000732421875,977113
2024-10-04 11:30:00-04:00,244.67999267578125,245.5800018310547,244.61000061035156,245.5399932861328,762851
2024-10-04 12:30:00-04:00,244.6300048828125,244.75819396972656,244.0449981689453,244.6999969482422,591318
2024-10-04 13:30:00-04:00,244.5,244.91000366210938,244.2899932861328,244.64950561523438,817386
2024-10-04 14:30:00-04:00,244.625,244.67999267578125,244.1699981689453,244.5,562957
2024-10-04 15:30:00-04:00,244.99000549316406,245.0399932861328,244.61000061035156,244.6199951171875,496571
2024-10-07 09:30:00-04:00,244.1699981689453,244.7100067138672,243.94000244140625,244.5800018310547,1063443
2024-10-07 10:30:00-04:00,244.41250610351562,244.60000610351562,243.80999755859375,244.1613006591797,696928
2024-10-07 11:30:00-04:00,244.2100067138672,244.82000732421875,244.14999389648438,244.46060180664062,354507
2024-10-07 12:30:00-04:00,244.47999572753906,244.5399932861328,244.19000244140625,244.22332763671875,262581
2024-10-07 13:30:00-04:00,244.3699951171875,244.72000122070312,244.3697967529297,244.49000549316406,238232
2024-10-07 14:30:00-04:00,244.25,244.53900146484375,243.86000061035156,244.36500549316406,351935
2024-10-07 15:30:00-04:00,244.19000244140625,244.3300018310547,244.13009643554688,244.2449951171875,555907
2024-10-08 09:30:00-04:00,242.74749755859375,244.0399932861328,242.60000610351562,243.7899932861328,1244884
2024-10-08 10:30:00-04:00,241.0500030517578,242.8000030517578,241.0500030517578,242.6999969482422,1812397
2024-10-08 11:30:00-04:00,241.44000244140625,241.69000244140625,240.6300048828125,241.04049682617188,1155449
2024-10-08 12:30:00-04:00,241.72999572753906,241.85000610351562,240.6999969482422,241.4600067138672,871566
2024-10-08 13:30:00-04:00,241.6699981689453,241.7899932861328,241.47999572753906,241.7100067138672,623961
2024-10-08 14:30:00-04:00,241.6300048828125,241.85000610351562,241.5500030517578,241.64999389648438,547023
2024-10-08 15:30:00-04:00,242.33999633789062,242.41000366210938,241.6300048828125,241.6300048828125,808465
2024-10-09 09:30:00-04:00,240.89999389648438,241.41000366210938,240.83999633789062,241.16000366210938,1019009
2024-10-09 10:30:00-04:00,241.3699951171875,241.83999633789062,240.63999938964844,240.9199981689453,649027
2024-10-09 11:30:00-04:00,241.2050018310547,241.66000366210938,241.19000244140625,241.3800048828125,526468
2024-10-09 12:30:00-04:00,240.8699951171875,241.19000244140625,240.77999877929688,241.17999267578125,416888
2024-10-09 13:30:00-04:00,240.9199981689453,241.1999969482422,240.64999389648438,240.88499450683594,443255
2024-10-09 14:30:00-04:00,240.9199981689453,241.0500030517578,240.75999450683594,240.91189575195312,358394
2024-10-09 15:30:00-04:00,241.0399932861328,241.1300048828125,240.88999938964844,240.9149932861328,404770
2024-10-10 09:30:00-04:00,242.36000061035156,242.8699951171875,241.51010131835938,241.77000427246094,1632916
2024-10-10 10:30:00-04:00,242.36000061035156,242.52999877929688,242.07000732421875,242.35000610351562,657308
2024-10-10 11:30:00-04:00,242.6300048828125,242.80999755859375,241.85000610351562,242.35000610351562,342166
2024-10-10 12:30:00-04:00,242.1699981689453,242.73919677734375,241.62010192871094,242.6300048828125,460913
2024-10-10 13:30:00-04:00,242.44630432128906,242.5399932861328,242.1699981689453,242.1699981689453,332778
2024-10-10 14:30:00-04:00,242.94500732421875,243.00999450683594,242.42999267578125,242.4499969482422,530831
2024-10-10 15:30:00-04:00,242.80999755859375,243.02000427246094,242.72999572753906,242.9499969482422,594578
2024-10-11 09:30:00-04:00,245.1199951171875,245.14999389648438,244.47000122070312,244.5,1361870
2024-10-11 10:30:00-04:00,245.63999938964844,245.6999969482422,244.9499053955078,245.0800018310547,902098
2024-10-11 11:30:00-04:00,245.86000061035156,245.9199981689453,245.4600067138672,245.64999389648438,757214
2024-10-11 12:30:00-04:00,245.6898956298828,245.8800048828125,245.49000549316406,245.8699951171875,392061
2024-10-11 13:30:00-04:00,245.50999450683594,245.8000030517578,245.4250030517578,245.6649932861328,367847
2024-10-11 14:30:00-04:00,245.52999877929688,245.67999267578125,245.41000366210938,245.50750732421875,674934
2024-10-11 15:30:00-04:00,245.41000366210938,245.52999877929688,245.34500122070312,245.52999877929688,827643
2024-10-14 09:30:00-04:00,244.77999877929688,245.86000061035156,244.47000122070312,245.16000366210938,1127706
2024-10-14 10:30:00-04:00,244.44000244140625,244.91000366210938,244.3249969482422,244.77000427246094,939967
2024-10-14 11:30:00-04:00,244.50509643554688,244.72000122070312,244.25999450683594,244.4250030517578,304206
2024-10-14 12:30:00-04:00,244.67999267578125,244.77499389648438,244.5,244.52000427246094,366396
2024-10-14 13:30:00-04:00,244.82000732421875,244.8300018310547,244.55999755859375,244.64999389648438,178239
2024-10-14 14:30:00-04:00,244.84080505371094,244.9564971923828,244.5399932861328,244.82000732421875,329162
2024-10-14 15:30:00-04:00,245.0449981689453,245.07000732421875,244.7899932861328,244.83999633789062,485741
2024-10-15 09:30:00-04:00,245.6699981689453,245.90499877929688,244.52999877929688,244.99000549316406,1092391
2024-10-15 10:30:00-04:00,246.0200958251953,246.15499877929688,245.4600067138672,245.63999938964844,1027698
2024-10-15 11:30:00-04:00,246.25999450683594,246.5500030517578,245.8558349609375,246.0596923828125,610279
2024-10-15 12:30:00-04:00,245.92999267578125,246.4149932861328,245.63999938964844,246.27999877929688,412494
2024-10-15 13:30:00-04:00,246.2100067138672,246.22999572753906,245.88999938964844,245.93499755859375,582492
2024-10-15 14:30:00-04:00,246.3000030517578,246.33250427246094,245.9801025390625,246.2100067138672,508095
2024-10-15 15:30:00-04:00,245.8800048828125,246.3000030517578,245.69000244140625,246.3000030517578,742693
2024-10-16 09:30:00-04:00,247.4199981689453,248.08999633789062,246.88999938964844,247.6199951171875,1388864
2024-10-16 10:30:00-04:00,247.1199951171875,247.5500030517578,246.43389892578125,247.4199981689453,965280
2024-10-16 11:30:00-04:00,246.47500610351562,247.1199951171875,246.36000061035156,247.0800018310547,494696
2024-10-16 12:30:00-04:00,247.11000061035156,247.1699981689453,246.4199981689453,246.47000122070312,687499
2024-10-16 13:30:00-04:00,247.13499450683594,247.27999877929688,247.02999877929688,247.11000061035156,359938
2024-10-16 14:30:00-04:00,247.0749969482422,247.1999969482422,246.91000366210938,247.1300048828125,493105
2024-10-16 15:30:00-04:00,247.11000061035156,247.13999938964844,246.94000244140625,247.0800018310547,681999
2024-10-17 09:30:00-04:00,248.4149932861328,248.58999633789062,247.6199951171875,247.75,1514321
2024-10-17 10:30:00-04:00,248.73500061035156,249.05999755859375,248.22120666503906,248.3699951171875,958570
2024-10-17 11:30:00-04:00,248.1999969482422,248.99000549316406,248.19000244140625,248.74000549316406,489453
2024-10-17 12:30:00-04:00,248.66000366210938,248.7899932861328,247.889892578125,248.1300048828125,627348
2024-10-17 13:30:00-04:00,248.57000732421875,248.82000732421875,248.4149932861328,248.66000366210938,471838
2024-10-17 14:30:00-04:00,248.67999267578125,248.69000244140625,248.33999633789062,248.57000732421875,323709
2024-10-17 15:30:00-04:00,248.6199951171875,248.67999267578125,248.55999755859375,248.67010498046875,507021
2024-10-18 09:30:00-04:00,250.99000549316406,251.16000366210938,249.89999389648438,250.0,1917544
2024-10-18 10:30:00-04:00,251.02999877929688,251.27000427246094,250.72000122070312,250.9709930419922,1134914
2024-10-18 11:30:00-04:00,251.00999450683594,251.14999389648438,250.67999267578125,251.02999877929688,1195491
2024-10-18 12:30:00-04:00,250.80999755859375,251.26499938964844,250.67999267578125,251.0399932861328,589088
2024-10-18 13:30:00-04:00,251.0500030517578,251.13499450683594,250.72999572753906,250.8000030517578,490604
2024-10-18 14:30:00-04:00,251.27000427246094,251.3699951171875,251.03550720214844,251.05499267578125,796338
2024-10-18 15:30:00-04:00,251.25,251.30999755859375,251.10000610351562,251.25999450683594,1145397
2024-10-21 09:30:00-04:00,252.5,253.13999938964844,252.4499969482422,252.74000549316406,2056104
2024-10-21 10:30:00-04:00,251.42999267578125,252.5500030517578,250.97000122070312,252.52999877929688,1289903
2024-10-21 11:30:00-04:00,251.24000549316406,251.63999938964844,251.0800018310547,251.4199981689453,1109683
2024-10-21 12:30:00-04:00,251.64999389648438,251.7899932861328,251.25,251.25999450683594,1542305
2024-10-21 13:30:00-04:00,251.28500366210938,251.67999267578125,251.16000366210938,251.66000366210938,1488371
2024-10-21 14:30:00-04:00,251.26499938964844,251.30999755859375,250.72999572753906,251.27999877929688,808987
2024-10-21 15:30:00-04:00,251.24000549316406,251.36000061035156,251.11000061035156,251.25999450683594,584991
2024-10-22 09:30:00-04:00,252.9801025390625,253.3000030517578,252.52000427246094,253.05999755859375,1525282
2024-10-22 10:30:00-04:00,253.24000549316406,253.49989318847656,252.8699951171875,253.0,853468
2024-10-22 11:30:00-04:00,253.11000061035156,253.35000610351562,252.82000732421875,253.22999572753906,581511
2024-10-22 12:30:00-04:00,253.61000061035156,253.80499267578125,253.0800018310547,253.11000061035156,556761
2024-10-22 13:30:00-04:00,253.67999267578125,253.8699951171875,253.44000244140625,253.61000061035156,628573
2024-10-22 14:30:00-04:00,253.7698974609375,253.86000061035156,253.44000244140625,253.64999389648438,641266
2024-10-22 15:30:00-04:00,253.88999938964844,253.94000244140625,253.61000061035156,253.6699981689453,627095
2024-10-23 09:30:00-04:00,251.69000244140625,253.17999267578125,251.58999633789062,253.0800018310547,3215559
2024-10-23 10:30:00-04:00,250.55999755859375,252.02999877929688,250.1999969482422,251.72000122070312,1362452
2024-10-23 11:30:00-04:00,251.22500610351562,251.47999572753906,250.5124969482422,250.56500244140625,654698
2024-10-23 12:30:00-04:00,250.85000610351562,251.5500030517578,250.8300018310547,251.22999572753906,489974
2024-10-23 13:30:00-04:00,250.6999969482422,251.01010131835938,250.50999450683594,250.86000061035156,506358
2024-10-23 14:30:00-04:00,250.77999877929688,250.91000366210938,250.56500244140625,250.7050018310547,412943
2024-10-23 15:30:00-04:00,250.8699951171875,251.0800018310547,250.77000427246094,250.77499389648438,823773
2024-10-24 09:30:00-04:00,251.72000122070312,253.32000732421875,251.6300048828125,253.27000427246094,2133236
2024-10-24 10:30:00-04:00,252.3455047607422,252.5,251.39999389648438,251.69000244140625,715623
2024-10-24 11:30:00-04:00,251.92999267578125,252.38999938964844,251.7100067138672,252.30999755859375,434520
2024-10-24 12:30:00-04:00,252.6300048828125,252.7100067138672,251.8699951171875,251.8800048828125,479588
2024-10-24 13:30:00-04:00,252.80499267578125,252.81500244140625,252.50999450683594,252.6300048828125,397398
2024-10-24 14:30:00-04:00,252.5399932861328,252.7899932861328,252.4199981689453,252.7899932861328,323679
2024-10-24 15:30:00-04:00,252.7899932861328,252.7899932861328,252.44000244140625,252.52000427246094,724449
2024-10-25 09:30:00-04:00,252.6199951171875,253.0,251.77000427246094,252.0,1121840
2024-10-25 10:30:00-04:00,253.22999572753906,253.25999450683594,252.59500122070312,252.6300048828125,688410
2024-10-25 11:30:00-04:00,252.7899932861328,253.25999450683594,252.52000427246094,253.25999450683594,428861
2024-10-25 12:30:00-04:00,253.23500061035156,253.3000030517578,252.72000122070312,252.75,372963
2024-10-25 13:30:00-04:00,253.50999450683594,253.54989624023438,253.1925048828125,253.24000549316406,545427
2024-10-25 14:30:00-04:00,253.22999572753906,253.52999877929688,253.10000610351562,253.52000427246094,475729
2024-10-25 15:30:00-04:00,253.3300018310547,253.49000549316406,253.1649932861328,253.22000122070312,496880
2024-10-28 09:30:00-04:00,253.24989318847656,253.47999572753906,252.9499969482422,253.00999450683594,1165227
2024-10-28 10:30:00-04:00,253.32000732421875,253.6300048828125,253.13999938964844,253.24000549316406,619865
2024-10-28 11:30:00-04:00,253.4499969482422,253.47000122070312,253.05999755859375,253.3300018310547,349939
2024-10-28 12:30:00-04:00,253.4163055419922,253.55999755859375,253.1199951171875,253.4600067138672,337739
2024-10-28 13:30:00-04:00,253.1199951171875,253.5500030517578,253.11000061035156,253.4199981689453,353579
2024-10-28 14:30:00-04:00,253.30499267578125,253.39500427246094,253.11000061035156,253.1300048828125,514944
2024-10-28 15:30:00-04:00,253.32000732421875,253.36000061035156,253.25999450683594,253.30499267578125,421978
2024-10-29 09:30:00-04:00,255.7100067138672,256.0299987792969,254.22999572753906,254.49000549316406,2073115
2024-10-29 10:30:00-04:00,255.02000427246094,255.9199981689453,255.0,255.7100067138672,906567
2024-10-29 11:30:00-04:00,255.74000549316406,255.91000366210938,254.99000549316406,255.0,2014685
2024-10-29 12:30:00-04:00,255.7397003173828,256.1000061035156,255.343994140625,255.72999572753906,1243970
2024-10-29 13:30:00-04:00,256.05999755859375,256.1199951171875,255.63999938964844,255.75,711814
2024-10-29 14:30:00-04:00,256.07000732421875,256.2900085449219,256.0249938964844,256.07000732421875,988724
2024-10-29 15:30:00-04:00,256.05499267578125,256.1400146484375,255.9499969482422,256.06500244140625,624976
2024-10-30 09:30:00-04:00,256.5000915527344,256.82000732421875,255.91009521484375,256.760009765625,1719955
2024-10-30 10:30:00-04:00,256.80999755859375,256.9200134277344,256.0199890136719,256.5199890136719,1178332
2024-10-30 11:30:00-04:00,257.2699890136719,257.3900146484375,256.7900085449219,256.79998779296875,567884
2024-10-30 12:30:00-04:00,257.6199951171875,257.6600036621094,257.1499938964844,257.25,574775
2024-10-30 13:30:00-04:00,257.5400085449219,257.7099914550781,257.4700012207031,257.6199951171875,447501
2024-10-30 14:30:00-04:00,257.3500061035156,257.6300048828125,257.2799987792969,257.54010009765625,566712
2024-10-30 15:30:00-04:00,257.4800109863281,257.5199890136719,257.20001220703125,257.3500061035156,788442
2024-10-31 09:30:00-04:00,253.90499877929688,255.60000610351562,253.74000549316406,255.52000427246094,2650595
2024-10-31 10:30:00-04:00,252.9199981689453,254.13999938964844,252.1999969482422,253.89999389648438,2679591
2024-10-31 11:30:00-04:00,253.25999450683594,253.32000732421875,252.57009887695312,252.92999267578125,1077580
2024-10-31 12:30:00-04:00,252.93499755859375,253.36500549316406,252.86000061035156,253.27000427246094,503911
2024-10-31 13:30:00-04:00,253.11000061035156,253.20989990234375,252.83999633789062,252.92999267578125,400716
2024-10-31 14:30:00-04:00,253.77999877929688,253.90499877929688,253.07040405273438,253.11000061035156,1362688
2024-10-31 15:30:00-04:00,253.61000061035156,253.86000061035156,253.5301055908203,253.77999877929688,590144
2024-11-01 09:30:00-04:00,254.13999938964844,254.86000061035156,253.79049682617188,254.3300018310547,1629175
2024-11-01 10:30:00-04:00,254.00999450683594,254.21640014648438,253.0200958251953,254.14999389648438,898111
2024-11-01 11:30:00-04:00,253.4051055908203,254.0,253.30999755859375,254.0,572014
2024-11-01 12:30:00-04:00,253.0500030517578,253.55979919433594,253.00180053710938,253.4300994873047,548005
2024-11-01 13:30:00-04:00,252.82000732421875,253.05999755859375,252.46499633789062,253.05999755859375,786762
2024-11-01 14:30:00-04:00,252.47000122070312,252.8800048828125,252.43499755859375,252.82000732421875,409681
2024-11-01 15:30:00-04:00,252.49000549316406,252.67999267578125,252.4499969482422,252.47000122070312,802492
2024-11-04 09:30:00-05:00,253.197998046875,253.5800018310547,252.83999633789062,253.32000732421875,1202547
2024-11-04 10:30:00-05:00,252.8699951171875,253.30999755859375,252.5836944580078,253.22000122070312,538495
2024-11-04 11:30:00-05:00,252.85000610351562,252.9499969482422,252.27000427246094,252.85000610351562,824630
2024-11-04 12:30:00-05:00,252.77000427246094,252.91749572753906,252.61000061035156,252.8697967529297,338443
2024-11-04 13:30:00-05:00,252.8300018310547,252.99000549316406,252.75,252.77000427246094,381033
2024-11-04 14:30:00-05:00,252.91000366210938,253.01499938964844,252.7239990234375,252.82000732421875,230916
2024-11-04 15:30:00-05:00,252.8300018310547,252.94000244140625,252.74000549316406,252.91000366210938,743490
2024-11-05 09:30:00-05:00,252.50950622558594,253.9893035888672,252.4499969482422,253.77999877929688,874386
2024-11-05 10:30:00-05:00,252.83999633789062,253.4499969482422,252.41000366210938,252.47999572753906,701661
2024-11-05 11:30:00-05:00,253.3397979736328,253.389892578125,252.71499633789062,252.86000061035156,827305
2024-11-05 12:30:00-05:00,253.10000610351562,253.39999389648438,253.00999450683594,253.32960510253906,1004300
2024-11-05 13:30:00-05:00,253.08999633789062,253.24000549316406,252.97999572753906,253.10000610351562,409138
2024-11-05 14:30:00-05:00,253.22000122070312,253.24000549316406,253.00999450683594,253.09500122070312,720294
2024-11-05 15:30:00-05:00,253.33999633789062,253.39999389648438,253.08999633789062,253.2100067138672,919365
2024-11-06 09:30:00-05:00,246.4199981689453,246.42999267578125,244.9506072998047,245.63499450683594,5859237
2024-11-06 10:30:00-05:00,246.40499877929688,247.35000610351562,245.9199981689453,246.39999389648438,2229398
2024-11-06 11:30:00-05:00,246.3000030517578,246.6199951171875,246.05999755859375,246.42999267578125,1126922
2024-11-06 12:30:00-05:00,246.41000366210938,246.5279998779297,245.80050659179688,246.2821044921875,1325783
2024-11-06 13:30:00-05:00,246.35000610351562,246.4199981689453,246.02999877929688,246.41000366210938,1001865
2024-11-06 14:30:00-05:00,245.8800048828125,246.40130615234375,245.86000061035156,246.3300018310547,910812
2024-11-06 15:30:00-05:00,245.72000122070312,245.9199981689453,245.5800018310547,245.8800048828125,1147350
2024-11-07 09:30:00-05:00,249.17999267578125,249.27000427246094,248.13999938964844,248.2899932861328,1878325
2024-11-07 10:30:00-05:00,248.50999450683594,249.2899932861328,248.38999938964844,249.22000122070312,1257621
2024-11-07 11:30:00-05:00,249.19000244140625,249.2100067138672,248.50999450683594,248.50999450683594,1150521
2024-11-07 12:30:00-05:00,249.10499572753906,249.3000030517578,248.8800048828125,249.19000244140625,481335
2024-11-07 13:30:00-05:00,248.3800048828125,249.2100067138672,248.1999969482422,249.1199951171875,756768
2024-11-07 14:30:00-05:00,249.94500732421875,250.24000549316406,248.1199951171875,248.42999267578125,1498579
2024-11-07 15:30:00-05:00,249.64999389648438,250.0749969482422,249.4600067138672,249.9499969482422,870914
2024-11-08 09:30:00-05:00,248.4600067138672,249.27999877929688,247.83990478515625,249.07000732421875,1243320
2024-11-08 10:30:00-05:00,248.1638946533203,248.70989990234375,247.94000244140625,248.42999267578125,866185
2024-11-08 11:30:00-05:00,248.11500549316406,248.3699951171875,247.77999877929688,248.17999267578125,929374
2024-11-08 12:30:00-05:00,248.1300048828125,248.32000732421875,248.02000427246094,248.11500549316406,590449
2024-11-08 13:30:00-05:00,247.8800048828125,248.16009521484375,247.8000030517578,248.1300048828125,648502
2024-11-08 14:30:00-05:00,248.27000427246094,248.3000030517578,247.8699951171875,247.8896026611328,638112
2024-11-08 15:30:00-05:00,247.99000549316406,248.2899932861328,247.97000122070312,248.27999877929688,749675
2024-11-11 09:30:00-05:00,241.92999267578125,242.72999572753906,241.72000122070312,242.72999572753906,3480992
2024-11-11 10:30:00-05:00,241.49989318847656,241.94000244140625,241.25,241.91990661621094,1696955
2024-11-11 11:30:00-05:00,241.19000244140625,241.7509002685547,241.1300048828125,241.5,1270501
2024-11-11 12:30:00-05:00,241.13499450683594,241.5399932861328,241.05999755859375,241.17999267578125,944348
2024-11-11 13:30:00-05:00,241.860107421875,242.02000427246094,241.1199951171875,241.14999389648438,1200469
2024-11-11 14:30:00-05:00,242.16000366210938,242.23109436035156,241.77999877929688,241.8699951171875,718697
2024-11-11 15:30:00-05:00,242.11000061035156,242.52000427246094,242.11000061035156,242.23500061035156,862467
2024-11-12 09:30:00-05:00,240.4149932861328,241.61000061035156,240.3699951171875,241.2899932861328,2177958
2024-11-12 10:30:00-05:00,240.00999450683594,240.49989318847656,239.84500122070312,240.38999938964844,1592008
2024-11-12 11:30:00-05:00,239.52000427246094,240.25,239.38999938964844,240.00999450683594,1194222
2024-11-12 12:30:00-05:00,240.07000732421875,240.2899932861328,239.47000122070312,239.52999877929688,835822
2024-11-12 13:30:00-05:00,240.11000061035156,240.20249938964844,239.77000427246094,240.07000732421875,657136
2024-11-12 14:30:00-05:00,239.95550537109375,240.1699981689453,239.6699981689453,240.10499572753906,812383
2024-11-12 15:30:00-05:00,240.05999755859375,240.22149658203125,239.8800048828125,239.9499969482422,1369230
2024-11-13 09:30:00-05:00,239.83999633789062,241.47000122070312,239.49070739746094,241.30999755859375,1353721
2024-11-13 10:30:00-05:00,239.69000244140625,240.7100067138672,239.69000244140625,239.8300018310547,806361
2024-11-13 11:30:00-05:00,238.10000610351562,239.75010681152344,238.02000427246094,239.69000244140625,2363031
2024-11-13 12:30:00-05:00,238.27999877929688,238.72999572753906,238.1300048828125,238.1300048828125,719924
2024-11-13 13:30:00-05:00,238.6300048828125,238.68040466308594,238.1999969482422,238.27999877929688,699487
2024-11-13 14:30:00-05:00,237.85009765625,238.66000366210938,237.75,238.60809326171875,888177
2024-11-13 15:30:00-05:00,237.63999938964844,237.9499969482422,237.58999633789062,237.7200927734375,899014
2024-11-14 09:30:00-05:00,237.3300018310547,237.5500030517578,236.13259887695312,236.57000732421875,2879222
2024-11-14 10:30:00-05:00,237.81170654296875,237.89999389648438,236.8800048828125,237.32000732421875,1839589
2024-11-14 11:30:00-05:00,237.1699981689453,237.9886016845703,237.13999938964844,237.83999633789062,639633
2024-11-14 12:30:00-05:00,237.0800018310547,237.59500122070312,237.00120544433594,237.16000366210938,616178
2024-11-14 13:30:00-05:00,237.6999969482422,237.82000732421875,237.05499267578125,237.07000732421875,551623
2024-11-14 14:30:00-05:00,237.50999450683594,237.90499877929688,236.7050018310547,237.6999969482422,553089
2024-11-14 15:30:00-05:00,237.02000427246094,237.66000366210938,236.82000732421875,237.52999877929688,733701
2024-11-15 09:30:00-05:00,237.27999877929688,237.8800048828125,237.07000732421875,237.63999938964844,1572636
2024-11-15 10:30:00-05:00,236.99000549316406,237.61000061035156,236.83999633789062,237.30999755859375,922983
2024-11-15 11:30:00-05:00,236.74000549316406,237.0399932861328,236.3800048828125,236.97000122070312,1329134
2024-11-15 12:30:00-05:00,236.92999267578125,236.99009704589844,236.3300018310547,236.7073974609375,456861
2024-11-15 13:30:00-05:00,236.87879943847656,237.14999389648438,236.75999450683594,236.9199981689453,626732
2024-11-15 14:30:00-05:00,236.4499969482422,236.90499877929688,236.36000061035156,236.88999938964844,574897
2024-11-15 15:30:00-05:00,236.61000061035156,236.77999877929688,236.3800048828125,236.4600067138672,647597
2024-11-18 09:30:00-05:00,241.16000366210938,241.1999969482422,240.4499969482422,240.4600067138672,2008405
2024-11-18 10:30:00-05:00,241.1999969482422,241.4949951171875,240.9600067138672,241.1699981689453,715331
2024-11-18 11:30:00-05:00,240.8699951171875,241.25,240.80999755859375,241.19009399414062,659627
2024-11-18 12:30:00-05:00,241.02999877929688,241.14500427246094,240.75999450683594,240.8699951171875,426369
2024-11-18 13:30:00-05:00,240.96499633789062,241.25990295410156,240.80999755859375,241.02999877929688,681447
2024-11-18 14:30:00-05:00,241.05499267578125,241.17999267578125,240.8800048828125,240.9600067138672,625674
2024-11-18 15:30:00-05:00,241.0500030517578,241.1300048828125,240.860107421875,241.0500030517578,792005
2024-11-19 09:30:00-05:00,242.66000366210938,242.96499633789062,242.14999389648438,242.75,2325439
2024-11-19 10:30:00-05:00,242.3699951171875,242.72999572753906,242.02999877929688,242.64999389648438,720321
2024-11-19 11:30:00-05:00,243.1199951171875,243.16000366210938,242.14999389648438,242.3300018310547,576367
2024-11-19 12:30:00-05:00,242.60000610351562,243.1199951171875,242.52000427246094,243.1199951171875,766779
2024-11-19 13:30:00-05:00,242.88999938964844,243.02000427246094,242.5500030517578,242.61000061035156,325332
2024-11-19 14:30:00-05:00,243.05999755859375,243.10499572753906,242.82000732421875,242.8800048828125,402887
2024-11-19 15:30:00-05:00,243.22000122070312,243.30999755859375,242.9600067138672,243.05999755859375,947841
2024-11-20 09:30:00-05:00,244.3000030517578,244.61000061035156,243.50999450683594,243.74000549316406,2211720
2024-11-20 10:30:00-05:00,244.70840454101562,244.7104949951172,244.09010314941406,244.33999633789062,808101
2024-11-20 11:30:00-05:00,244.72500610351562,245.2100067138672,244.50999450683594,244.6999969482422,756116
2024-11-20 12:30:00-05:00,244.55999755859375,244.94000244140625,244.2904052734375,244.74000549316406,431597
2024-11-20 13:30:00-05:00,244.74000549316406,244.8300018310547,244.39999389648438,244.5749969482422,367781
2024-11-20 14:30:00-05:00,244.58999633789062,245.0050048828125,244.52999877929688,244.72000122070312,749314
2024-11-20 15:30:00-05:00,244.60000610351562,244.67999267578125,244.44000244140625,244.5800018310547,890797
2024-11-21 09:30:00-05:00,246.17999267578125,246.5800018310547,245.69000244140625,246.22999572753906,1540530
2024-11-21 10:30:00-05:00,246.3300018310547,246.55999755859375,246.00999450683594,246.16000366210938,907497
2024-11-21 11:30:00-05:00,246.11000061035156,246.35000610351562,245.69000244140625,246.33009338378906,679669
2024-11-21 12:30:00-05:00,246.69000244140625,246.77999877929688,246.07000732421875,246.11000061035156,605595
2024-11-21 13:30:00-05:00,246.6096954345703,246.8000030517578,246.38999938964844,246.67999267578125,485558
2024-11-21 14:30:00-05:00,246.47999572753906,246.63999938964844,246.3000030517578,246.57000732421875,851613
2024-11-21 15:30:00-05:00,246.6300048828125,246.67999267578125,246.44000244140625,246.48500061035156,696076
2024-11-22 09:30:00-05:00,249.27699279785156,249.31979370117188,247.92999267578125,248.1999969482422,2108039
2024-11-22 10:30:00-05:00,249.5865936279297,249.94000244140625,249.110107421875,249.27000427246094,1076114
2024-11-22 11:30:00-05:00,249.8197021484375,249.9600067138672,249.4600067138672,249.58999633789062,493438
2024-11-22 12:30:00-05:00,250.22999572753906,250.35000610351562,249.6699981689453,249.8249969482422,566109
2024-11-22 13:30:00-05:00,250.2790069580078,250.38999938964844,250.1199951171875,250.24000549316406,588463
2024-11-22 14:30:00-05:00,250.0303955078125,250.36000061035156,249.75999450683594,250.27999877929688,628106
2024-11-22 15:30:00-05:00,249.85000610351562,250.07000732421875,249.80999755859375,250.02999877929688,907158
2024-11-25 09:30:00-05:00,243.4499969482422,244.39990234375,242.80999755859375,244.27000427246094,3681495
2024-11-25 10:30:00-05:00,243.0196990966797,243.60000610351562,242.4709930419922,243.47000122070312,992648
2024-11-25 11:30:00-05:00,242.35009765625,243.72000122070312,242.32000732421875,243.00999450683594,972180
2024-11-25 12:30:00-05:00,241.6999969482422,242.72999572753906,241.47999572753906,242.36000061035156,937965
2024-11-25 13:30:00-05:00,242.1999969482422,242.24000549316406,241.6531982421875,241.7100067138672,665958
2024-11-25 14:30:00-05:00,242.5,242.73890686035156,242.17999267578125,242.1999969482422,1025244
2024-11-25 15:30:00-05:00,242.49000549316406,242.66000366210938,242.42999267578125,242.48500061035156,992285
2024-11-26 09:30:00-05:00,242.48500061035156,242.75999450683594,241.5800018310547,242.7100067138672,1082713
2024-11-26 10:30:00-05:00,242.58999633789062,243.08990478515625,242.3699951171875,242.42999267578125,764053
2024-11-26 11:30:00-05:00,242.5500030517578,242.9499969482422,242.36000061035156,242.61000061035156,468436
2024-11-26 12:30:00-05:00,242.0,242.61000061035156,241.9199981689453,242.5399932861328,441998
2024-11-26 13:30:00-05:00,242.4199981689453,242.58999633789062,241.8300018310547,242.00999450683594,397921
2024-11-26 14:30:00-05:00,242.64990234375,242.8300018310547,242.36000061035156,242.42469787597656,546220
2024-11-26 15:30:00-05:00,242.9499969482422,243.08999633789062,242.6699981689453,242.67999267578125,682885
2024-11-27 09:30:00-05:00,244.0,245.18350219726562,243.33999633789062,244.85000610351562,2348324
2024-11-27 10:30:00-05:00,243.82000732421875,244.25,243.61000061035156,243.96099853515625,2071981
2024-11-27 11:30:00-05:00,243.77999877929688,244.1300048828125,243.3300018310547,243.77000427246094,480806
2024-11-27 12:30:00-05:00,243.72999572753906,243.84939575195312,243.4600067138672,243.7899932861328,240829
2024-11-27 13:30:00-05:00,243.4199981689453,243.74000549316406,243.38999938964844,243.72999572753906,178380
2024-11-27 14:30:00-05:00,243.63999938964844,243.65499877929688,243.1999969482422,243.44000244140625,416035
2024-11-27 15:30:00-05:00,243.49000549316406,243.6999969482422,243.47000122070312,243.6300048828125,438356
2024-11-29 09:30:00-05:00,244.97999572753906,245.52999877929688,244.72999572753906,245.25,776030
2024-11-29 10:30:00-05:00,245.72000122070312,245.80999755859375,244.81500244140625,244.86500549316406,443760
2024-11-29 11:30:00-05:00,245.42999267578125,245.80999755859375,245.38999938964844,245.6999969482422,369516
2024-12-02 09:30:00-05:00,244.25,244.58050537109375,243.86000061035156,244.2357940673828,1281527
2024-12-02 10:30:00-05:00,244.02000427246094,244.25999450683594,243.58999633789062,244.02000427246094,622828
2024-12-02 11:30:00-05:00,243.7100067138672,244.02000427246094,243.5800018310547,244.00999450683594,397490
2024-12-02 12:30:00-05:00,243.32000732421875,243.81480407714844,243.13999938964844,243.7050018310547,446366
2024-12-02 13:30:00-05:00,243.60000610351562,243.75999450683594,243.30999755859375,243.33999633789062,298439
2024-12-02 14:30:00-05:00,243.97999572753906,243.99000549316406,243.30999755859375,243.58999633789062,376970
2024-12-02 15:30:00-05:00,243.4600067138672,244.1300048828125,243.4199981689453,243.9499969482422,644932
2024-12-03 09:30:00-05:00,243.72000122070312,245.17999267578125,243.3000030517578,244.9600067138672,1086287
2024-12-03 10:30:00-05:00,244.1199951171875,244.1999969482422,243.39010620117188,243.66000366210938,474468
2024-12-03 11:30:00-05:00,244.25999450683594,244.55990600585938,243.94000244140625,244.1199951171875,519354
2024-12-03 12:30:00-05:00,244.23500061035156,244.58999633789062,244.07000732421875,244.27999877929688,199054
2024-12-03 13:30:00-05:00,243.83009338378906,244.3300018310547,243.83009338378906,244.2248992919922,139110
2024-12-03 14:30:00-05:00,244.02000427246094,244.1300048828125,243.77000427246094,243.87989807128906,194608
2024-12-03 15:30:00-05:00,243.94000244140625,244.06959533691406,243.89999389648438,244.00999450683594,271630
2024-12-04 09:30:00-05:00,245.0399932861328,245.25,244.5500030517578,244.92999267578125,945911
2024-12-04 10:30:00-05:00,245.0800018310547,245.33999633789062,244.77999877929688,245.13999938964844,598608
2024-12-04 11:30:00-05:00,244.74000549316406,245.16000366210938,244.39999389648438,245.1199951171875,252030
2024-12-04 12:30:00-05:00,244.83999633789062,244.92999267578125,244.6199951171875,244.72999572753906,208664
2024-12-04 13:30:00-05:00,244.77000427246094,245.16009521484375,244.36500549316406,244.82000732421875,355224
2024-12-04 14:30:00-05:00,244.55999755859375,244.95989990234375,244.47000122070312,244.7899932861328,246980
2024-12-04 15:30:00-05:00,244.6699981689453,244.72000122070312,244.47999572753906,244.57000732421875,410839
2024-12-05 09:30:00-05:00,243.11000061035156,244.3800048828125,243.02000427246094,244.17999267578125,1445005
2024-12-05 10:30:00-05:00,243.4149932861328,243.97000122070312,242.8800048828125,243.0749969482422,559585
2024-12-05 11:30:00-05:00,242.33999633789062,243.6300048828125,242.2100067138672,243.42999267578125,679866
2024-12-05 12:30:00-05:00,242.3000030517578,242.63999938964844,242.14999389648438,242.4199981689453,339692
2024-12-05 13:30:00-05:00,242.7100067138672,242.86000061035156,242.2790069580078,242.27999877929688,272111
2024-12-05 14:30:00-05:00,242.625,242.89999389648438,242.61000061035156,242.7100067138672,331471
2024-12-05 15:30:00-05:00,242.8800048828125,242.89999389648438,242.55999755859375,242.6199951171875,581701
2024-12-06 09:30:00-05:00,243.5500030517578,243.75999450683594,242.43499755859375,242.7899932861328,692721
2024-12-06 10:30:00-05:00,243.64999389648438,243.77999877929688,243.1300048828125,243.60000610351562,257155
2024-12-06 11:30:00-05:00,243.48500061035156,243.86000061035156,243.32000732421875,243.7100067138672,639683
2024-12-06 12:30:00-05:00,243.52000427246094,243.6300048828125,243.17999267578125,243.47999572753906,220915
2024-12-06 13:30:00-05:00,243.14999389648438,243.48089599609375,243.1199951171875,243.46499633789062,175827
2024-12-06 14:30:00-05:00,243.31089782714844,243.38999938964844,243.07000732421875,243.14999389648438,752582
2024-12-06 15:30:00-05:00,242.9600067138672,243.33999633789062,242.9199981689453,243.30999755859375,400204
2024-12-09 09:30:00-05:00,246.7100067138672,247.11000061035156,246.1699981689453,246.27999877929688,1698191
2024-12-09 10:30:00-05:00,246.3699951171875,246.80499267578125,246.17999267578125,246.6999969482422,571679
2024-12-09 11:30:00-05:00,246.22000122070312,246.4691925048828,246.08999633789062,246.360107421875,373954
2024-12-09 12:30:00-05:00,245.80099487304688,246.25999450683594,245.74000549316406,246.2100067138672,488987
2024-12-09 13:30:00-05:00,245.67840576171875,245.97000122070312,245.5500030517578,245.82000732421875,351219
2024-12-09 14:30:00-05:00,245.35499572753906,245.7093048095703,245.25950622558594,245.66000366210938,263203
2024-12-09 15:30:00-05:00,245.36000061035156,245.4600067138672,245.2899932861328,245.35000610351562,399993
2024-12-10 09:30:00-05:00,248.14999389648438,248.50999450683594,247.83999633789062,247.86000061035156,1286211
2024-12-10 10:30:00-05:00,248.10000610351562,248.52000427246094,247.8300018310547,248.19000244140625,676155
2024-12-10 11:30:00-05:00,248.4499969482422,248.72000122070312,247.99000549316406,248.1199951171875,338588
2024-12-10 12:30:00-05:00,248.5800018310547,248.86000061035156,248.41000366210938,248.44500732421875,345189
2024-12-10 13:30:00-05:00,248.55999755859375,248.75999450683594,248.47000122070312,248.5749969482422,314092
2024-12-10 14:30:00-05:00,248.49000549316406,248.61000061035156,248.42999267578125,248.55999755859375,249037
2024-12-10 15:30:00-05:00,248.52000427246094,248.64999389648438,248.46499633789062,248.47999572753906,633590
2024-12-11 09:30:00-05:00,250.36000061035156,250.55990600585938,248.97000122070312,249.35000610351562,4122540
2024-12-11 10:30:00-05:00,250.7899932861328,250.8489990234375,250.30499267578125,250.33999633789062,1281832
2024-12-11 11:30:00-05:00,250.86000061035156,251.1300048828125,250.43060302734375,250.8000030517578,1115206
2024-12-11 12:30:00-05:00,251.0749969482422,251.25999450683594,250.57000732421875,250.86000061035156,1303809
2024-12-11 13:30:00-05:00,250.8000030517578,251.16000366210938,250.4949951171875,251.08999633789062,411635
2024-12-11 14:30:00-05:00,251.00999450683594,251.14999389648438,250.74000549316406,250.77999877929688,601805
2024-12-11 15:30:00-05:00,250.86500549316406,251.02999877929688,250.74000549316406,251.02000427246094,784396
2024-12-12 09:30:00-05:00,247.86000061035156,248.24000549316406,247.41000366210938,247.80999755859375,1961577
2024-12-12 10:30:00-05:00,247.22999572753906,247.8800048828125,246.8699951171875,247.7949981689453,1295178
2024-12-12 11:30:00-05:00,247.67999267578125,247.80479431152344,247.22999572753906,247.22999572753906,1376176
2024-12-12 12:30:00-05:00,247.8000030517578,248.0,247.61180114746094,247.67999267578125,877049
2024-12-12 13:30:00-05:00,247.77999877929688,247.9600067138672,247.7100067138672,247.8000030517578,830016
2024-12-12 14:30:00-05:00,247.47999572753906,247.8000030517578,247.4499969482422,247.77000427246094,1063323
2024-12-12 15:30:00-05:00,247.27999877929688,247.63999938964844,247.1199951171875,247.4949951171875,1308765
2024-12-13 09:30:00-05:00,245.0399932861328,245.7899932861328,245.0,245.6699981689453,1892292
2024-12-13 10:30:00-05:00,245.57000732421875,245.88999938964844,245.0,245.05999755859375,801940
2024-12-13 11:30:00-05:00,245.39999389648438,245.94000244140625,245.3699951171875,245.57000732421875,417975
2024-12-13 12:30:00-05:00,245.14999389648438,245.4600067138672,245.0126953125,245.41000366210938,441819
2024-12-13 13:30:00-05:00,244.8699951171875,245.23500061035156,244.80999755859375,245.16000366210938,835566
2024-12-13 14:30:00-05:00,244.8000030517578,245.02000427246094,244.5800018310547,244.8699951171875,452140
2024-12-13 15:30:00-05:00,244.39999389648438,244.80999755859375,244.27000427246094,244.7899932861328,1025792
2024-12-16 09:30:00-05:00,245.11000061035156,245.5399932861328,244.72000122070312,245.41000366210938,977537
2024-12-16 10:30:00-05:00,244.6199951171875,245.27000427246094,244.59410095214844,245.11000061035156,763289
2024-12-16 11:30:00-05:00,245.039794921875,245.11000061035156,244.50999450683594,244.6300048828125,336821
2024-12-16 12:30:00-05:00,244.91000366210938,245.0500030517578,244.75,245.0,153335
2024-12-16 13:30:00-05:00,244.9727020263672,245.1699981689453,244.8800048828125,244.97000122070312,214624
2024-12-16 14:30:00-05:00,244.91000366210938,245.0998992919922,244.82009887695312,244.9600067138672,208705
2024-12-16 15:30:00-05:00,244.875,244.9600067138672,244.83999633789062,244.91000366210938,319434
2024-12-17 09:30:00-05:00,243.77999877929688,243.97999572753906,243.22999572753906,243.8000030517578,902640
2024-12-17 10:30:00-05:00,243.56610107421875,243.97000122070312,243.4199981689453,243.77000427246094,959411
2024-12-17 11:30:00-05:00,243.8800048828125,243.9499969482422,243.41000366210938,243.55999755859375,289952
2024-12-17 12:30:00-05:00,244.27099609375,244.41000366210938,243.85000610351562,243.8699951171875,356632
2024-12-17 13:30:00-05:00,244.41990661621094,244.5500030517578,244.25990295410156,244.2899932861328,391128
2024-12-17 14:30:00-05:00,244.3000030517578,244.4199981689453,244.14999389648438,244.40499877929688,201106
2024-12-17 15:30:00-05:00,244.00999450683594,244.33799743652344,243.9600067138672,244.3125,760130
2024-12-18 09:30:00-05:00,243.35000610351562,243.70950317382812,243.1199951171875,243.5449981689453,637435
2024-12-18 10:30:00-05:00,243.47999572753906,243.6300048828125,243.3000030517578,243.36000061035156,365988
2024-12-18 11:30:00-05:00,243.67010498046875,243.6999969482422,243.04269409179688,243.49000549316406,563045
2024-12-18 12:30:00-05:00,243.49000549316406,243.67999267578125,243.2899932861328,243.67999267578125,400083
2024-12-18 13:30:00-05:00,241.83999633789062,243.57809448242188,241.4199981689453,243.49000549316406,1143062
2024-12-18 14:30:00-05:00,239.63999938964844,242.27000427246094,239.63499450683594,241.8300018310547,1668775
2024-12-18 15:30:00-05:00,239.3000030517578,239.72000122070312,238.82000732421875,239.63999938964844,1988610
2024-12-19 09:30:00-05:00,239.0200958251953,240.04989624023438,239.0,239.6699981689453,1679096
2024-12-19 10:30:00-05:00,239.24000549316406,239.30999755859375,238.72999572753906,239.02999877929688,1001737
2024-12-19 11:30:00-05:00,239.3000030517578,239.6199951171875,239.10000610351562,239.22000122070312,767481
2024-12-19 12:30:00-05:00,239.30999755859375,239.5,239.07000732421875,239.27349853515625,1453501
2024-12-19 13:30:00-05:00,239.72999572753906,240.0399932861328,239.25,239.3300018310547,468215
2024-12-19 14:30:00-05:00,239.77999877929688,240.0500030517578,239.63999938964844,239.72999572753906,821957
2024-12-19 15:30:00-05:00,239.6199951171875,239.96499633789062,239.58999633789062,239.7899932861328,888782
2024-12-20 09:30:00-05:00,242.27000427246094,242.42999267578125,241.1699981689453,241.41000366210938,1719256
2024-12-20 10:30:00-05:00,242.14999389648438,242.9550018310547,242.1300048828125,242.27000427246094,1762289
2024-12-20 11:30:00-05:00,242.35000610351562,242.5399932861328,242.0800018310547,242.13999938964844,635912
2024-12-20 12:30:00-05:00,242.3199005126953,242.47999572753906,242.0399932861328,242.33999633789062,2134186
2024-12-20 13:30:00-05:00,242.5,242.6199951171875,242.14999389648438,242.30999755859375,665989
2024-12-20 14:30:00-05:00,242.47999572753906,242.67999267578125,242.35299682617188,242.49000549316406,482826
2024-12-20 15:30:00-05:00,242.10000610351562,242.4600067138672,242.0500030517578,242.39999389648438,764001
2024-12-23 09:30:00-05:00,240.91000366210938,241.6699981689453,240.8300018310547,241.6300048828125,1226025
2024-12-23 10:30:00-05:00,241.02000427246094,241.22000122070312,240.64999389648438,240.9199981689453,930304
2024-12-23 11:30:00-05:00,241.2100067138672,241.44500732421875,240.97000122070312,241.02999877929688,910728
2024-12-23 12:30:00-05:00,240.97000122070312,241.22999572753906,240.8800048828125,241.2100067138672,803164
2024-12-23 13:30:00-05:00,240.8800048828125,241.08999633789062,240.82000732421875,240.97999572753906,386254
2024-12-23 14:30:00-05:00,240.95179748535156,241.08999633789062,240.82000732421875,240.8800048828125,406715
2024-12-23 15:30:00-05:00,240.9499969482422,241.0,240.75999450683594,240.9499969482422,463745
2024-12-24 09:30:00-05:00,241.01260375976562,241.49000549316406,240.82000732421875,241.49000549316406,570030
2024-12-24 10:30:00-05:00,241.32000732421875,241.38999938964844,240.82000732421875,241.02999877929688,626452
2024-12-24 11:30:00-05:00,241.64999389648438,241.66000366210938,241.2899932861328,241.35000610351562,573598
2024-12-26 09:30:00-05:00,243.22000122070312,243.27000427246094,242.19500732421875,242.38999938964844,764541
2024-12-26 10:30:00-05:00,243.0,243.55999755859375,242.97999572753906,243.19009399414062,626933
2024-12-26 11:30:00-05:00,242.57000732421875,243.02000427246094,242.5500030517578,243.0,754278
2024-12-26 12:30:00-05:00,243.19000244140625,243.2100067138672,242.4949951171875,242.57000732421875,342557
2024-12-26 13:30:00-05:00,243.09249877929688,243.25990295410156,242.9600067138672,243.19000244140625,180959
2024-12-26 14:30:00-05:00,243.1999969482422,243.25999450683594,243.0500030517578,243.0850067138672,349465
2024-12-26 15:30:00-05:00,243.08999633789062,243.22999572753906,243.02999877929688,243.1999969482422,604227
2024-12-27 09:30:00-05:00,241.35000610351562,241.6699981689453,241.0500030517578,241.1999969482422,942279
2024-12-27 10:30:00-05:00,241.72999572753906,241.77999877929688,241.1999969482422,241.31410217285156,1481682
2024-12-27 11:30:00-05:00,241.42999267578125,241.7899932861328,241.33999633789062,241.72000122070312,550608
2024-12-27 12:30:00-05:00,241.5500030517578,241.63999938964844,241.2899932861328,241.45599365234375,263595
2024-12-27 13:30:00-05:00,241.67999267578125,241.8300018310547,241.5500030517578,241.64999389648438,394183
2024-12-27 14:30:00-05:00,241.1903076171875,241.9499969482422,241.19000244140625,241.69000244140625,278846
2024-12-27 15:30:00-05:00,241.41000366210938,241.57000732421875,241.16000366210938,241.17999267578125,511651
2024-12-30 09:30:00-05:00,240.22500610351562,241.0800018310547,240.00999450683594,241.0800018310547,809642
2024-12-30 10:30:00-05:00,239.6300048828125,240.35499572753906,239.5800018310547,240.1999969482422,545981
2024-12-30 11:30:00-05:00,240.1999053955078,240.3000030517578,239.6300048828125,239.63999938964844,302270
2024-12-30 12:30:00-05:00,240.4199981689453,240.52999877929688,240.07000732421875,240.25,240001
2024-12-30 13:30:00-05:00,240.3470001220703,240.5749969482422,240.2803955078125,240.42999267578125,473777
2024-12-30 14:30:00-05:00,240.7100067138672,240.84500122070312,240.35000610351562,240.35000610351562,387453
2024-12-30 15:30:00-05:00,240.64999389648438,240.80999755859375,240.6199951171875,240.72000122070312,340457
2024-12-31 09:30:00-05:00,241.63999938964844,241.77499389648438,241.0500030517578,241.0500030517578,456622
2024-12-31 10:30:00-05:00,242.16000366210938,242.42990112304688,241.61000061035156,241.64999389648438,343030
2024-12-31 11:30:00-05:00,242.32150268554688,242.52000427246094,242.11000061035156,242.16000366210938,346247
2024-12-31 12:30:00-05:00,242.3800048828125,242.47000122070312,242.05999755859375,242.30999755859375,234449
2024-12-31 13:30:00-05:00,242.25999450683594,242.49989318847656,242.25230407714844,242.3800048828125,239445
2024-12-31 14:30:00-05:00,242.1199951171875,242.3000030517578,242.0800018310547,242.26499938964844,194210
2024-12-31 15:30:00-05:00,242.11500549316406,242.22000122070312,242.02999877929688,242.125,400377
2025-01-02 09:30:00-05:00,244.4250030517578,244.63999938964844,244.0800018310547,244.22000122070312,1230550
2025-01-02 10:30:00-05:00,245.16000366210938,245.3000030517578,244.38470458984375,244.41000366210938,1017275
2025-01-02 11:30:00-05:00,245.11000061035156,245.52000427246094,244.99000549316406,245.1699981689453,942269
2025-01-02 12:30:00-05:00,245.0,245.3300018310547,244.75999450683594,245.11000061035156,620329
2025-01-02 13:30:00-05:00,245.0697021484375,245.09800720214844,244.8800048828125,244.99000549316406,438187
2025-01-02 14:30:00-05:00,245.47999572753906,245.52999877929688,244.92999267578125,245.0,407676
2025-01-02 15:30:00-05:00,245.4499969482422,245.52999877929688,245.36000061035156,245.47000122070312,829103
2025-01-03 09:30:00-05:00,243.86000061035156,244.82000732421875,243.72999572753906,244.55999755859375,1238104
2025-01-03 10:30:00-05:00,243.75999450683594,244.32000732421875,243.6999969482422,243.8800048828125,748954
2025-01-03 11:30:00-05:00,243.80499267578125,243.9799041748047,243.5749969482422,243.7550048828125,532555
2025-01-03 12:30:00-05:00,243.77000427246094,243.8800048828125,243.55999755859375,243.80999755859375,318959
2025-01-03 13:30:00-05:00,243.75999450683594,243.9250030517578,243.69000244140625,243.77000427246094,485352
2025-01-03 14:30:00-05:00,243.58999633789062,243.83999633789062,243.52000427246094,243.75999450683594,479428
2025-01-03 15:30:00-05:00,243.47999572753906,243.6300048828125,243.36000061035156,243.5850067138672,663352
2025-01-06 09:30:00-05:00,243.5800018310547,243.6300048828125,242.0500030517578,242.3300018310547,1266006
2025-01-06 10:30:00-05:00,243.51499938964844,243.6199951171875,242.94000244140625,243.58999633789062,431733
2025-01-06 11:30:00-05:00,243.38999938964844,243.7899932861328,243.36000061035156,243.54989624023438,427859
2025-01-06 12:30:00-05:00,243.3300018310547,243.50999450683594,243.08999633789062,243.38999938964844,271708
2025-01-06 13:30:00-05:00,243.12030029296875,243.389892578125,242.97999572753906,243.32000732421875,293037
2025-01-06 14:30:00-05:00,243.11000061035156,243.2342987060547,243.02000427246094,243.11000061035156,349945
2025-01-06 15:30:00-05:00,243.1750030517578,243.1999969482422,243.0399932861328,243.11000061035156,435245
2025-01-07 09:30:00-05:00,244.7100067138672,245.77000427246094,243.80999755859375,245.52000427246094,1644427
2025-01-07 10:30:00-05:00,244.64999389648438,244.91000366210938,244.14999389648438,244.74000549316406,814827
2025-01-07 11:30:00-05:00,245.02000427246094,245.08999633789062,244.4949951171875,244.4949951171875,521040
2025-01-07 12:30:00-05:00,244.64999389648438,245.1199951171875,244.52999877929688,245.02999877929688,382329
2025-01-07 13:30:00-05:00,244.3249969482422,244.62989807128906,244.25999450683594,244.62989807128906,510188
2025-01-07 14:30:00-05:00,244.38999938964844,244.57000732421875,244.3000030517578,244.32000732421875,306536
2025-01-07 15:30:00-05:00,244.60000610351562,244.69000244140625,244.3000030517578,244.41000366210938,484476
2025-01-08 09:30:00-05:00,245.92999267578125,246.19979858398438,245.47999572753906,245.72000122070312,1310220
2025-01-08 10:30:00-05:00,246.10000610351562,246.22999572753906,245.74000549316406,245.92999267578125,1018755
2025-01-08 11:30:00-05:00,245.78900146484375,246.4499969482422,245.75999450683594,246.05999755859375,551714
2025-01-08 12:30:00-05:00,245.1699981689453,245.77499389648438,244.50999450683594,245.75,900955
2025-01-08 13:30:00-05:00,245.5299072265625,245.5800018310547,244.72500610351562,245.16000366210938,547920
2025-01-08 14:30:00-05:00,245.5,245.5800018310547,245.1699981689453,245.50999450683594,501885
2025-01-08 15:30:00-05:00,245.8300018310547,245.88999938964844,245.42999267578125,245.5,608700
2025-01-10 09:30:00-05:00,248.72000122070312,248.80999755859375,247.5500030517578,248.00999450683594,3952237
2025-01-10 10:30:00-05:00,248.1300048828125,249.0399932861328,248.02000427246094,248.74000549316406,2139727
2025-01-10 11:30:00-05:00,248.7100067138672,248.94000244140625,247.99989318847656,248.1199951171875,1298389
2025-01-10 12:30:00-05:00,248.11000061035156,249.02609252929688,248.02999877929688,248.7100067138672,1766667
2025-01-10 13:30:00-05:00,247.97000122070312,248.14999389648438,247.75,248.1199951171875,1213199
2025-01-10 14:30:00-05:00,248.24000549316406,248.2899932861328,247.72999572753906,247.9604949951172,563967
2025-01-10 15:30:00-05:00,248.3000030517578,248.38999938964844,248.1199951171875,248.24380493164062,1017625
2025-01-13 09:30:00-05:00,245.89999389648438,246.7899932861328,245.83999633789062,246.33999633789062,2349713
2025-01-13 10:30:00-05:00,246.10000610351562,246.20010375976562,245.52000427246094,245.9149932861328,1055628
2025-01-13 11:30:00-05:00,245.54629516601562,246.1929931640625,245.44000244140625,246.10000610351562,865141
2025-01-13 12:30:00-05:00,245.4499969482422,245.69000244140625,245.24000549316406,245.5449981689453,852807
2025-01-13 13:30:00-05:00,245.33009338378906,245.63999938964844,245.1510009765625,245.4499969482422,2131151
2025-01-13 14:30:00-05:00,245.4499969482422,245.5299072265625,245.27999877929688,245.33560180664062,408514
2025-01-13 15:30:00-05:00,245.69000244140625,245.75,245.4149932861328,245.44500732421875,513831
2025-01-14 09:30:00-05:00,246.50030517578125,246.6699981689453,245.52000427246094,245.6199951171875,1253720
2025-01-14 10:30:00-05:00,246.58999633789062,246.77000427246094,246.25,246.52000427246094,540599
2025-01-14 11:30:00-05:00,246.44500732421875,246.7899932861328,246.2100067138672,246.58999633789062,498718
2025-01-14 12:30:00-05:00,246.33810424804688,246.5800018310547,246.11000061035156,246.4499969482422,448935
2025-01-14 13:30:00-05:00,246.72000122070312,246.7899932861328,246.35000610351562,246.35000610351562,376907
2025-01-14 14:30:00-05:00,246.80279541015625,246.99000549316406,246.57009887695312,246.6999969482422,613217
2025-01-14 15:30:00-05:00,247.02000427246094,247.0399932861328,246.69000244140625,246.80999755859375,821464
2025-01-15 09:30:00-05:00,247.47999572753906,248.32000732421875,247.01019287109375,248.2100067138672,1487109
2025-01-15 10:30:00-05:00,247.5919952392578,247.7899932861328,247.05999755859375,247.3699951171875,729906
2025-01-15 11:30:00-05:00,248.3300018310547,248.52000427246094,247.49000549316406,247.6199951171875,626228
2025-01-15 12:30:00-05:00,248.63999938964844,248.72000122070312,248.2899932861328,248.33999633789062,512624
2025-01-15 13:30:00-05:00,248.6199951171875,248.72999572753906,248.3699951171875,248.61000061035156,1109518
2025-01-15 14:30:00-05:00,248.75999450683594,248.8000030517578,248.52999877929688,248.6199951171875,525586
2025-01-15 15:30:00-05:00,248.86000061035156,248.89999389648438,248.66000366210938,248.75999450683594,830892
2025-01-16 09:30:00-05:00,250.77000427246094,250.92999267578125,250.27000427246094,250.55999755859375,2221962
2025-01-16 10:30:00-05:00,250.7899932861328,250.9600067138672,250.27000427246094,250.77000427246094,1713763
2025-01-16 11:30:00-05:00,251.1300048828125,251.25,250.72000122070312,250.8000030517578,1049766
2025-01-16 12:30:00-05:00,250.72250366210938,251.38999938964844,250.67999267578125,251.13999938964844,1154383
2025-01-16 13:30:00-05:00,250.52999877929688,250.80499267578125,250.44000244140625,250.77000427246094,702951
2025-01-16 14:30:00-05:00,250.55499267578125,250.64500427246094,250.44000244140625,250.54989624023438,1007892
2025-01-16 15:30:00-05:00,250.55999755859375,250.69000244140625,250.49000549316406,250.5500030517578,929507
2025-01-17 09:30:00-05:00,250.3699951171875,250.58859252929688,249.4600067138672,249.6999969482422,1264365
2025-01-17 10:30:00-05:00,250.5500030517578,250.75999450683594,250.23590087890625,250.3800048828125,1062265
2025-01-17 11:30:00-05:00,250.25,250.80999755859375,250.16000366210938,250.5850067138672,1825091
2025-01-17 12:30:00-05:00,249.9499969482422,250.4499969482422,249.94000244140625,250.2550048828125,983623
2025-01-17 13:30:00-05:00,249.8000030517578,250.02999877929688,249.57000732421875,249.9499969482422,1216470
2025-01-17 14:30:00-05:00,249.41000366210938,249.7949981689453,249.14999389648438,249.7899932861328,768435
2025-01-17 15:30:00-05:00,249.24000549316406,249.55999755859375,249.17999267578125,249.39999389648438,933139
2025-01-21 09:30:00-05:00,252.39999389648438,252.75,251.8300018310547,251.9499969482422,2800388
2025-01-21 10:30:00-05:00,252.8784942626953,253.25999450683594,252.27499389648438,252.39999389648438,861393
2025-01-21 11:30:00-05:00,253.22999572753906,253.33999633789062,252.75100708007812,252.86000061035156,810608
2025-01-21 12:30:00-05:00,253.1750030517578,253.22000122070312,252.80999755859375,253.1999969482422,502400
2025-01-21 13:30:00-05:00,253.0500030517578,253.35980224609375,252.89999389648438,253.17999267578125,532536
2025-01-21 14:30:00-05:00,252.92999267578125,253.1199951171875,252.8249969482422,253.0500030517578,761549
2025-01-21 15:30:00-05:00,253.07000732421875,253.16000366210938,252.8800048828125,252.9403076171875,786355
2025-01-22 09:30:00-05:00,254.13999938964844,254.46499633789062,253.7801055908203,254.2899932861328,1493229
2025-01-22 10:30:00-05:00,254.44000244140625,254.67999267578125,253.99000549316406,254.1300048828125,1204363
2025-01-22 11:30:00-05:00,254.4199981689453,254.6699981689453,254.30999755859375,254.4600067138672,513448
2025-01-22 12:30:00-05:00,254.5500030517578,254.60000610351562,254.19000244140625,254.4199981689453,402197
2025-01-22 13:30:00-05:00,254.25,254.58999633789062,254.2301025390625,254.55999755859375,324359
2025-01-22 14:30:00-05:00,254.2899932861328,254.3300018310547,254.17999267578125,254.25509643554688,270433
2025-01-22 15:30:00-05:00,254.38999938964844,254.44000244140625,254.18499755859375,254.3000030517578,659967
2025-01-23 09:30:00-05:00,253.04989624023438,253.5,252.82000732421875,253.19000244140625,1261134
2025-01-23 10:30:00-05:00,253.7751007080078,253.84010314941406,253.00999450683594,253.02999877929688,1132557
2025-01-23 11:30:00-05:00,254.14999389648438,254.3800048828125,253.7899932861328,253.7899932861328,817690
2025-01-23 12:30:00-05:00,254.3350067138672,254.5399932861328,254.17999267578125,254.1999969482422,402897
2025-01-23 13:30:00-05:00,254.2949981689453,254.42999267578125,254.14500427246094,254.3300018310547,278550
2025-01-23 14:30:00-05:00,254.02000427246094,254.36000061035156,253.77000427246094,254.27000427246094,1629241
2025-01-23 15:30:00-05:00,254.07000732421875,254.08999633789062,253.8699951171875,254.02999877929688,548468
2025-01-24 09:30:00-05:00,257.0,257.07000732421875,255.9199981689453,255.9600067138672,1907172
2025-01-24 10:30:00-05:00,256.1300048828125,257.07000732421875,255.9199981689453,257.0199890136719,1265286
2025-01-24 11:30:00-05:00,256.1099853515625,256.2900085449219,255.61000061035156,256.1099853515625,1083764
2025-01-24 12:30:00-05:00,255.85000610351562,256.1600036621094,255.7449951171875,256.1000061035156,733257
2025-01-24 13:30:00-05:00,255.78500366210938,255.99000549316406,255.72999572753906,255.86000061035156,417294
2025-01-24 14:30:00-05:00,255.90499877929688,256.0899963378906,255.78500366210938,255.78500366210938,575302
2025-01-24 15:30:00-05:00,255.69000244140625,255.92999267578125,255.6199951171875,255.91000366210938,942688
2025-01-27 09:30:00-05:00,253.08999633789062,254.25999450683594,252.9499969482422,253.86000061035156,1534753
2025-01-27 10:30:00-05:00,252.91000366210938,253.2100067138672,252.64999389648438,253.0800018310547,905544
2025-01-27 11:30:00-05:00,252.40499877929688,253.08999633789062,251.9199981689453,252.9199981689453,1179388
2025-01-27 12:30:00-05:00,252.49000549316406,252.52999877929688,252.14010620117188,252.42999267578125,501398
2025-01-27 13:30:00-05:00,252.75,252.89999389648438,252.35000610351562,252.5,519807
2025-01-27 14:30:00-05:00,252.83009338378906,252.8699951171875,252.58999633789062,252.76499938964844,380076
2025-01-27 15:30:00-05:00,253.02000427246094,253.1300048828125,252.7899932861328,252.8300018310547,575272
2025-01-28 09:30:00-05:00,254.40899658203125,254.4499969482422,253.89100646972656,254.22500610351562,934362
2025-01-28 10:30:00-05:00,254.5399932861328,254.61990356445312,254.27000427246094,254.38999938964844,1060453
2025-01-28 11:30:00-05:00,254.55999755859375,254.7100067138672,254.3300018310547,254.52999877929688,734320
2025-01-28 12:30:00-05:00,254.75,254.85000610351562,254.5399932861328,254.57000732421875,382728
2025-01-28 13:30:00-05:00,255.13999938964844,255.13999938964844,254.75,254.75,517953
2025-01-28 14:30:00-05:00,255.02999877929688,255.22999572753906,254.9700927734375,255.13999938964844,536825
2025-01-28 15:30:00-05:00,255.1199951171875,255.25,255.0399932861328,255.0399932861328,993048
2025-01-29 09:30:00-05:00,253.8300018310547,254.82000732421875,253.7899932861328,254.5500030517578,1723931
2025-01-29 10:30:00-05:00,254.0500030517578,254.33999633789062,253.66000366210938,253.8249053955078,759044
2025-01-29 11:30:00-05:00,253.97999572753906,254.17999267578125,253.63999938964844,254.0399932861328,468897
2025-01-29 12:30:00-05:00,254.16000366210938,254.2100067138672,253.6699981689453,253.99000549316406,381122
2025-01-29 13:30:00-05:00,253.36000061035156,254.16000366210938,253.3000030517578,254.13999938964844,597159
2025-01-29 14:30:00-05:00,254.4300994873047,254.62820434570312,253.3000030517578,253.3699951171875,944130
2025-01-29 15:30:00-05:00,254.25,254.5,254.1699981689453,254.44000244140625,537381
2025-01-30 09:30:00-05:00,257.4750061035156,257.6099853515625,256.45001220703125,257.20001220703125,3846409
2025-01-30 10:30:00-05:00,257.6199951171875,258.2900085449219,257.25,257.4800109863281,2020809
2025-01-30 11:30:00-05:00,257.5899963378906,257.9299011230469,257.3699951171875,257.6400146484375,2059125
2025-01-30 12:30:00-05:00,257.92999267578125,258.1401062011719,257.5899963378906,257.5899963378906,561843
2025-01-30 13:30:00-05:00,257.6000061035156,258.0398864746094,257.5899963378906,257.92999267578125,1581492
2025-01-30 14:30:00-05:00,257.9299011230469,257.9800109863281,257.5199890136719,257.5950012207031,861594
2025-01-30 15:30:00-05:00,257.9700927734375,258.2900085449219,257.760009765625,257.919189453125,1378315
2025-01-31 09:30:00-05:00,259.32330322265625,259.989990234375,258.8100891113281,259.0799865722656,1679362
2025-01-31 10:30:00-05:00,259.0,259.5762023925781,258.8500061035156,259.3268127441406,1099826
2025-01-31 11:30:00-05:00,259.1099853515625,259.510009765625,258.6427917480469,259.0,1614430
2025-01-31 12:30:00-05:00,258.327392578125,259.8500061035156,258.20001220703125,259.1050109863281,1656423
2025-01-31 13:30:00-05:00,258.5101013183594,258.65179443359375,257.92999267578125,258.32989501953125,927819
2025-01-31 14:30:00-05:00,258.17498779296875,258.6499938964844,257.8599853515625,258.5400085449219,775635
2025-01-31 15:30:00-05:00,258.54998779296875,258.67999267578125,258.1000061035156,258.1499938964844,701782
2025-02-03 09:30:00-05:00,260.30999755859375,261.38970947265625,259.6300048828125,259.75,4692317
2025-02-03 10:30:00-05:00,260.2699890136719,260.7099914550781,259.5899963378906,260.32000732421875,2524523
2025-02-03 11:30:00-05:00,260.1000061035156,260.5,259.5235900878906,260.15008544921875,896801
2025-02-03 12:30:00-05:00,260.04998779296875,260.4200134277344,259.7900085449219,260.1294860839844,857771
2025-02-03 13:30:00-05:00,260.3399963378906,260.510009765625,259.9800109863281,260.0400085449219,611971
2025-02-03 14:30:00-05:00,259.8800048828125,260.34649658203125,259.8599853515625,260.34649658203125,842479
2025-02-03 15:30:00-05:00,259.8699951171875,259.989990234375,259.7850036621094,259.889892578125,771834
2025-02-04 09:30:00-05:00,262.39990234375,262.42999267578125,261.6600036621094,261.8299865722656,2819418
2025-02-04 10:30:00-05:00,262.19000244140625,262.5199890136719,261.3500061035156,262.3900146484375,1278035
2025-02-04 11:30:00-05:00,262.30999755859375,262.3500061035156,261.9599914550781,262.2099914550781,1535157
2025-02-04 12:30:00-05:00,262.4200134277344,262.5199890136719,262.19000244140625,262.32501220703125,1283448
2025-02-04 13:30:00-05:00,262.2699890136719,262.5199890136719,262.2099914550781,262.4100036621094,490714
2025-02-04 14:30:00-05:00,262.22259521484375,262.42999267578125,262.1300048828125,262.2799987792969,557169
2025-02-04 15:30:00-05:00,262.5,262.5400085449219,262.1600036621094,262.20001220703125,703471
2025-02-05 09:30:00-05:00,265.44000244140625,265.559814453125,264.2174987792969,264.45001220703125,2685180
2025-02-05 10:30:00-05:00,264.80999755859375,265.989990234375,264.2200012207031,265.42999267578125,1627207
2025-02-05 11:30:00-05:00,265.0899963378906,265.42999267578125,264.5150146484375,264.8299865722656,1956055
2025-02-05 12:30:00-05:00,264.82501220703125,265.19000244140625,264.4200134277344,265.05999755859375,1563277
2025-02-05 13:30:00-05:00,264.5350036621094,264.9049072265625,264.1400146484375,264.8299865722656,1994426
2025-02-05 14:30:00-05:00,264.3699035644531,264.69000244140625,264.0899963378906,264.5150146484375,1147098
2025-02-05 15:30:00-05:00,264.1400146484375,264.4800109863281,263.8900146484375,264.3699951171875,1066152
2025-02-06 09:30:00-05:00,262.4147033691406,263.7200012207031,261.489990234375,263.6600036621094,2258677
2025-02-06 10:30:00-05:00,262.9849853515625,263.364990234375,262.3399963378906,262.4200134277344,1676696
2025-02-06 11:30:00-05:00,262.989990234375,263.2850036621094,262.75,263.0,1600187
2025-02-06 12:30:00-05:00,263.05999755859375,263.135009765625,262.7699890136719,262.92999267578125,1273032
2025-02-06 13:30:00-05:00,263.0150146484375,263.2254943847656,262.8800048828125,263.04998779296875,699332
2025-02-06 14:30:00-05:00,263.2699890136719,263.54998779296875,262.94000244140625,263.010009765625,533117
2025-02-06 15:30:00-05:00,263.4599914550781,263.5,263.2300109863281,263.2900085449219,514474
2025-02-07 09:30:00-05:00,266.0,266.0299987792969,264.9599914550781,265.2200012207031,2389898
2025-02-07 10:30:00-05:00,264.7300109863281,266.3450012207031,264.3999938964844,266.0,2547602
2025-02-07 11:30:00-05:00,263.7300109863281,264.7300109863281,263.5,264.7300109863281,1116565
2025-02-07 12:30:00-05:00,264.1600036621094,264.3699951171875,263.260009765625,263.67999267578125,640148
2025-02-07 13:30:00-05:00,264.010009765625,264.3500061035156,263.92999267578125,264.1600036621094,722201
2025-02-07 14:30:00-05:00,263.8999938964844,264.25,263.80999755859375,263.9800109863281,647001
2025-02-07 15:30:00-05:00,263.94000244140625,264.04998779296875,263.8500061035156,263.9100036621094,873351
2025-02-10 09:30:00-05:00,268.3500061035156,268.6000061035156,267.7099914550781,268.0,2322486
2025-02-10 10:30:00-05:00,268.1199951171875,268.6600036621094,267.9700012207031,268.34521484375,3452198
2025-02-10 11:30:00-05:00,267.4700012207031,268.2099914550781,267.3599853515625,268.1300048828125,1971833
2025-02-10 12:30:00-05:00,268.1700134277344,268.2200012207031,267.239990234375,267.4599914550781,822724
2025-02-10 13:30:00-05:00,267.92999267578125,268.239990234375,267.8800048828125,268.1600036621094,1150209
2025-02-10 14:30:00-05:00,267.8299865722656,268.1000061035156,267.7699890136719,267.9200134277344,759107
2025-02-10 15:30:00-05:00,268.3399963378906,268.42999267578125,267.80999755859375,267.8500061035156,1664508
2025-02-11 09:30:00-05:00,267.3699951171875,267.9700012207031,266.71099853515625,267.70001220703125,2407842
2025-02-11 10:30:00-05:00,268.1919860839844,268.3599853515625,267.2300109863281,267.3699951171875,927065
2025-02-11 11:30:00-05:00,268.04998779296875,268.20001220703125,267.510009765625,268.1700134277344,560200
2025-02-11 12:30:00-05:00,267.95001220703125,268.2300109863281,267.8500061035156,268.0400085449219,592409
2025-02-11 13:30:00-05:00,267.69000244140625,268.1700134277344,267.6000061035156,267.9700012207031,436138
2025-02-11 14:30:00-05:00,267.1299133300781,267.8500061035156,267.010009765625,267.69000244140625,1028463
2025-02-11 15:30:00-05:00,267.3399963378906,267.4200134277344,266.9800109863281,267.1199951171875,945515
2025-02-12 09:30:00-05:00,266.8500061035156,267.3699951171875,266.3450927734375,267.1099853515625,1641129
2025-02-12 10:30:00-05:00,266.9800109863281,267.2405090332031,266.8299865722656,266.8399963378906,1504887
2025-02-12 11:30:00-05:00,268.0513000488281,268.42999267578125,266.9200134277344,266.9849853515625,1486018
2025-02-12 12:30:00-05:00,267.739990234375,268.17999267578125,267.6449890136719,268.07000732421875,704557
2025-02-12 13:30:00-05:00,267.1000061035156,267.8900146484375,266.95001220703125,267.739990234375,506642
2025-02-12 14:30:00-05:00,267.5400085449219,267.6199951171875,267.04998779296875,267.1000061035156,1280156
2025-02-12 15:30:00-05:00,267.69000244140625,267.760009765625,267.5400085449219,267.5400085449219,1510930
2025-02-13 09:30:00-05:00,269.010009765625,269.3699951171875,268.2200012207031,268.3999938964844,2155850
2025-02-13 10:30:00-05:00,269.1600036621094,269.4700012207031,268.9599914550781,269.0188903808594,957115
2025-02-13 11:30:00-05:00,268.9800109863281,269.20001220703125,268.69000244140625,269.1700134277344,1174991
2025-02-13 12:30:00-05:00,269.1300048828125,269.2699890136719,268.8500061035156,268.9700012207031,549267
2025-02-13 13:30:00-05:00,269.9599914550781,270.07000732421875,268.85528564453125,269.125,818147
2025-02-13 14:30:00-05:00,269.94000244140625,270.2200012207031,269.8500061035156,269.9800109863281,1062146
2025-02-13 15:30:00-05:00,270.260009765625,270.3900146484375,269.8900146484375,269.94000244140625,981383
2025-02-14 09:30:00-05:00,267.5899963378906,270.2099914550781,267.29998779296875,270.07000732421875,2227343
2025-02-14 10:30:00-05:00,266.94000244140625,268.2200012207031,266.8999938964844,267.5899963378906,1517929
2025-02-14 11:30:00-05:00,266.9599914550781,267.32000732421875,266.5299987792969,266.9200134277344,885117
2025-02-14 12:30:00-05:00,266.260009765625,267.02239990234375,266.0400085449219,266.9700012207031,927519
2025-02-14 13:30:00-05:00,265.989990234375,266.30999755859375,265.8949890136719,266.2900085449219,660845
2025-02-14 14:30:00-05:00,265.9313049316406,266.0,265.5899963378906,265.989990234375,1392299
2025-02-14 15:30:00-05:00,266.239990234375,266.3599853515625,265.45001220703125,265.92999267578125,2726240
2025-02-18 09:30:00-05:00,269.9800109863281,270.2850036621094,269.6000061035156,269.67999267578125,2560715
2025-02-18 10:30:00-05:00,270.1700134277344,270.2650146484375,269.70001220703125,269.9700012207031,851471
2025-02-18 11:30:00-05:00,270.5299987792969,270.69000244140625,270.1199951171875,270.1600036621094,883469
2025-02-18 12:30:00-05:00,270.3399963378906,270.6000061035156,270.19000244140625,270.5199890136719,594939
2025-02-18 13:30:00-05:00,270.65350341796875,270.7200012207031,270.3550109863281,270.3599853515625,642746
2025-02-18 14:30:00-05:00,270.7699890136719,271.0098876953125,270.6300048828125,270.65509033203125,1251189
2025-02-18 15:30:00-05:00,270.6600036621094,270.8399963378906,270.5400085449219,270.7799987792969,799147
2025-02-19 09:30:00-05:00,270.81988525390625,271.3299865722656,270.4700012207031,270.67999267578125,1965647
2025-02-19 10:30:00-05:00,270.0299987792969,271.1700134277344,269.6700134277344,270.8500061035156,1199309
2025-02-19 11:30:00-05:00,270.0585021972656,270.29998779296875,269.70001220703125,270.0350036621094,1245873
2025-02-19 12:30:00-05:00,269.3550109863281,270.04998779296875,269.239990234375,270.0400085449219,2758606
2025-02-19 13:30:00-05:00,270.2200012207031,270.3299865722656,269.2900085449219,269.3671875,406686
2025-02-19 14:30:00-05:00,270.7489929199219,270.7699890136719,270.1700134277344,270.2200012207031,781557
2025-02-19 15:30:00-05:00,270.8699951171875,270.94000244140625,270.5199890136719,270.75,695686
2025-02-20 09:30:00-05:00,270.8659973144531,271.19000244140625,270.1700134277344,270.2300109863281,1293804
2025-02-20 10:30:00-05:00,271.4599914550781,271.7099914550781,270.5299987792969,270.75,1061123
2025-02-20 11:30:00-05:00,271.3439025878906,271.7049865722656,271.2300109863281,271.42999267578125,936025
2025-02-20 12:30:00-05:00,271.2298889160156,271.8399963378906,270.8888854980469,271.3699951171875,1019706
2025-02-20 13:30:00-05:00,270.9400939941406,271.4100036621094,270.70001220703125,271.260009765625,616546
2025-02-20 14:30:00-05:00,270.8500061035156,271.2620849609375,270.5899963378906,270.9898986816406,1259744
2025-02-20 15:30:00-05:00,270.9800109863281,271.0899963378906,270.7828063964844,270.8450927734375,877310
2025-02-21 09:30:00-05:00,269.8999938964844,271.1400146484375,269.510009765625,270.7950134277344,1588683
2025-02-21 10:30:00-05:00,270.69000244140625,270.7699890136719,269.79998779296875,269.87078857421875,942424
2025-02-21 11:30:00-05:00,271.05999755859375,271.2149963378906,270.69000244140625,270.69500732421875,1225129
2025-02-21 12:30:00-05:00,271.19000244140625,271.3800048828125,271.0,271.0400085449219,745303
2025-02-21 13:30:00-05:00,271.1597900390625,271.510009765625,271.1400146484375,271.2099914550781,2300603
2025-02-21 14:30:00-05:00,270.6900939941406,271.25,270.5299987792969,271.1524963378906,909216
2025-02-21 15:30:00-05:00,270.7799987792969,270.9100036621094,270.6199951171875,270.8299865722656,888451
2025-02-24 09:30:00-05:00,270.82000732421875,271.6600036621094,270.375,271.45001220703125,1487169
2025-02-24 10:30:00-05:00,271.30999755859375,271.55999755859375,270.57501220703125,270.8550109863281,887193
2025-02-24 11:30:00-05:00,271.5199890136719,271.65008544921875,271.2300109863281,271.30999755859375,475415
2025-02-24 12:30:00-05:00,271.8900146484375,271.92999267578125,271.44000244140625,271.5,543261
2025-02-24 13:30:00-05:00,271.8599853515625,272.1300048828125,271.7803039550781,271.8999938964844,467605
2025-02-24 14:30:00-05:00,271.9150085449219,272.1499938964844,271.8500061035156,271.8599853515625,516408
2025-02-24 15:30:00-05:00,272.20001220703125,272.32000732421875,271.9100036621094,271.9549865722656,653493
2025-02-25 09:30:00-05:00,268.4599914550781,271.6795959472656,268.4100036621094,271.4599914550781,2830181
2025-02-25 10:30:00-05:00,267.0299987792969,268.5299987792969,266.45001220703125,268.1099853515625,2627006
2025-02-25 11:30:00-05:00,267.5199890136719,267.593505859375,266.5899963378906,267.0014953613281,1212641
2025-02-25 12:30:00-05:00,268.05999755859375,268.6700134277344,267.5050048828125,267.55999755859375,659730
2025-02-25 13:30:00-05:00,268.1809997558594,268.5899963378906,268.0400085449219,268.0799865722656,674023
2025-02-25 14:30:00-05:00,268.6650085449219,268.79998779296875,268.17999267578125,268.17999267578125,574338
2025-02-25 15:30:00-05:00,268.6600036621094,268.75,268.54998779296875,268.6700134277344,897552
2025-02-26 09:30:00-05:00,268.5199890136719,268.6199951171875,266.66119384765625,267.0799865722656,1807054
2025-02-26 10:30:00-05:00,268.5400085449219,269.0799865722656,268.1099853515625,268.5199890136719,1165330
2025-02-26 11:30:00-05:00,268.8299865722656,269.0,268.4800109863281,268.54998779296875,934455
2025-02-26 12:30:00-05:00,268.8999938964844,269.0299987792969,268.6659851074219,268.8699951171875,550571
2025-02-26 13:30:00-05:00,268.9849853515625,269.0299987792969,268.6099853515625,268.8999938964844,883390
2025-02-26 14:30:00-05:00,268.94500732421875,269.0150146484375,268.6050109863281,268.9849853515625,730884
2025-02-26 15:30:00-05:00,269.04998779296875,269.0799865722656,268.864990234375,268.95001220703125,920352
2025-02-27 09:30:00-05:00,265.20001220703125,266.6700134277344,264.447509765625,266.51019287109375,3338442
2025-02-27 10:30:00-05:00,265.05499267578125,265.3900146484375,264.8009948730469,265.17999267578125,1218670
2025-02-27 11:30:00-05:00,265.6838073730469,265.7099914550781,264.8800048828125,265.05999755859375,709077
2025-02-27 12:30:00-05:00,265.94000244140625,266.2300109863281,265.3900146484375,265.69000244140625,761526
2025-02-27 13:30:00-05:00,265.8699951171875,266.302490234375,265.8399963378906,265.94000244140625,423628
2025-02-27 14:30:00-05:00,264.989990234375,265.8699951171875,264.95001220703125,265.8699951171875,1003192
2025-02-27 15:30:00-05:00,264.9800109863281,265.32000732421875,264.8699951171875,265.0,1095946
2025-02-28 09:30:00-05:00,262.1549987792969,262.6400146484375,261.260986328125,262.55499267578125,3567644
2025-02-28 10:30:00-05:00,262.7200012207031,263.2384033203125,261.8900146484375,262.1499938964844,1825352
2025-02-28 11:30:00-05:00,262.5799865722656,263.03009033203125,262.5,262.7300109863281,1851336
2025-02-28 12:30:00-05:00,261.8800048828125,262.639892578125,261.7799987792969,262.5849914550781,1158554
2025-02-28 13:30:00-05:00,262.4700012207031,262.7099914550781,261.8800048828125,261.8900146484375,613936
2025-02-28 14:30:00-05:00,262.9100036621094,263.2690124511719,262.4100036621094,262.4599914550781,765898
2025-02-28 15:30:00-05:00,263.3299865722656,263.3999938964844,262.6700134277344,262.9200134277344,1295850
2025-03-03 09:30:00-05:00,266.5199890136719,266.57000732421875,265.07000732421875,265.07000732421875,2153291
2025-03-03 10:30:00-05:00,266.4599914550781,266.6300048828125,266.0299987792969,266.5596008300781,830568
2025-03-03 11:30:00-05:00,266.5050048828125,266.8800048828125,266.29998779296875,266.489990234375,778047
2025-03-03 12:30:00-05:00,266.6099853515625,266.81500244140625,266.3900146484375,266.5,555349
2025-03-03 13:30:00-05:00,266.4299011230469,266.75,266.25,266.6300048828125,712008
2025-03-03 14:30:00-05:00,265.9549865722656,266.5799865722656,265.510009765625,266.4200134277344,1193811
2025-03-03 15:30:00-05:00,266.6700134277344,266.75,265.9700012207031,265.9700012207031,844333
2025-03-04 09:30:00-05:00,268.1578063964844,269.2998962402344,267.5199890136719,269.010009765625,2534277
2025-03-04 10:30:00-05:00,268.2799987792969,268.4999084472656,267.8699951171875,268.1499938964844,990731
2025-03-04 11:30:00-05:00,268.8299865722656,269.0400085449219,268.2250061035156,268.29998779296875,849365
2025-03-04 12:30:00-05:00,268.4150085449219,268.9172058105469,268.3699951171875,268.8399963378906,592522
2025-03-04 13:30:00-05:00,268.6600036621094,268.9100036621094,268.260009765625,268.3900146484375,571291
2025-03-04 14:30:00-05:00,269.23980712890625,269.3999938964844,268.67999267578125,268.69000244140625,1643562
2025-03-04 15:30:00-05:00,269.0799865722656,269.2349853515625,268.82501220703125,269.2349853515625,945420
2025-03-05 09:30:00-05:00,269.1600036621094,269.489990234375,267.9599914550781,267.9700012207031,1756237
2025-03-05 10:30:00-05:00,270.1199951171875,270.260009765625,268.8630065917969,269.1600036621094,1197624
2025-03-05 11:30:00-05:00,269.19000244140625,270.25,269.0910949707031,270.1199951171875,971633
2025-03-05 12:30:00-05:00,269.0299987792969,269.4100036621094,268.54998779296875,269.1600036621094,834798
2025-03-05 13:30:00-05:00,269.2099914550781,269.2699890136719,268.7409973144531,269.0000915527344,453090
2025-03-05 14:30:00-05:00,269.55999755859375,269.5986022949219,269.1600036621094,269.239990234375,371540
2025-03-05 15:30:00-05:00,269.54998779296875,269.70001220703125,269.4700012207031,269.55999755859375,829008
2025-03-06 09:30:00-05:00,268.6199951171875,269.510009765625,268.21209716796875,268.25,1122100
2025-03-06 10:30:00-05:00,268.9800109863281,269.1099853515625,268.260009765625,268.6300048828125,1662435
2025-03-06 11:30:00-05:00,269.30999755859375,269.31988525390625,268.79998779296875,269.0,465982
2025-03-06 12:30:00-05:00,269.1300048828125,269.4200134277344,268.75,269.2900085449219,431120
2025-03-06 13:30:00-05:00,268.69000244140625,269.239990234375,268.57000732421875,269.1400146484375,362320
2025-03-06 14:30:00-05:00,268.79998779296875,269.0400085449219,268.6000061035156,268.6499938964844,554586
2025-03-06 15:30:00-05:00,268.2200012207031,268.79998779296875,268.1600036621094,268.7900085449219,871965
2025-03-07 09:30:00-05:00,269.7799987792969,270.3399963378906,269.0400085449219,269.0899963378906,1610787
2025-03-07 10:30:00-05:00,269.0199890136719,269.8800048828125,268.2900085449219,269.7850036621094,1322519
2025-03-07 11:30:00-05:00,268.2749938964844,269.2049865722656,267.9302062988281,269.0299987792969,1282185
2025-03-07 12:30:00-05:00,268.0199890136719,268.409912109375,267.6400146484375,268.260009765625,1812231
2025-03-07 13:30:00-05:00,268.0050048828125,268.3299865722656,267.8699951171875,268.010009765625,1161084
2025-03-07 14:30:00-05:00,268.125,268.2698974609375,267.8599853515625,268.010009765625,1564111
2025-03-07 15:30:00-05:00,268.3800048828125,268.5,268.1099853515625,268.1400146484375,1123115
2025-03-10 09:30:00-04:00,267.8399963378906,268.2900085449219,267.2300109863281,267.6199951171875,1383745
2025-03-10 10:30:00-04:00,268.19000244140625,268.44000244140625,267.5,267.8299865722656,780893
2025-03-10 11:30:00-04:00,267.739990234375,268.2200012207031,267.6499938964844,268.2049865722656,742344
2025-03-10 12:30:00-04:00,266.9599914550781,267.7799987792969,266.5799865722656,267.75,880093
2025-03-10 13:30:00-04:00,265.9150085449219,266.989990234375,265.6528015136719,266.989990234375,1266106
2025-03-10 14:30:00-04:00,266.385009765625,266.6600036621094,265.6400146484375,265.9200134277344,843692
2025-03-10 15:30:00-04:00,266.1099853515625,266.6300048828125,265.9800109863281,266.3900146484375,951668
2025-03-11 09:30:00-04:00,268.95001220703125,269.7300109863281,268.4400939941406,268.4700012207031,2885761
2025-03-11 10:30:00-04:00,268.875,269.3299865722656,268.55859375,269.00048828125,872212
2025-03-11 11:30:00-04:00,269.010009765625,269.30999755859375,268.80999755859375,268.8999938964844,633568
2025-03-11 12:30:00-04:00,268.95001220703125,269.3900146484375,268.75,269.010009765625,975235
2025-03-11 13:30:00-04:00,269.0400085449219,269.260009765625,268.8800048828125,268.92010498046875,1090517
2025-03-11 14:30:00-04:00,269.3550109863281,269.44000244140625,268.9700012207031,269.0400085449219,728811
2025-03-11 15:30:00-04:00,269.17999267578125,269.47900390625,269.1499938964844,269.3599853515625,741969
2025-03-12 09:30:00-04:00,268.9800109863281,269.1600036621094,268.3599853515625,268.4700012207031,968141
2025-03-12 10:30:00-04:00,269.69000244140625,270.0899963378906,269.0199890136719,269.0199890136719,1209882
2025-03-12 11:30:00-04:00,270.95001220703125,270.989990234375,269.6600036621094,269.70001220703125,1120411
2025-03-12 12:30:00-04:00,270.9703063964844,271.1499938964844,270.6199951171875,270.9800109863281,989640
2025-03-12 13:30:00-04:00,270.7449951171875,271.2300109863281,270.5799865722656,270.9700012207031,633492
2025-03-12 14:30:00-04:00,270.6600036621094,270.92999267578125,270.4555969238281,270.7402038574219,653865
2025-03-12 15:30:00-04:00,270.3399963378906,270.67999267578125,270.30999755859375,270.6600036621094,829879
2025-03-13 09:30:00-04:00,272.3783874511719,272.42999267578125,271.54998779296875,271.57000732421875,1928831
2025-03-13 10:30:00-04:00,274.0299987792969,274.32000732421875,272.260009765625,272.3699951171875,2351921
2025-03-13 11:30:00-04:00,274.7200927734375,274.80999755859375,273.79998779296875,274.010009765625,2028995
2025-03-13 12:30:00-04:00,274.7699890136719,275.2799987792969,274.4599914550781,274.7149963378906,1975796
2025-03-13 13:30:00-04:00,274.9549865722656,275.2699890136719,274.7099914550781,274.7702941894531,1130415
2025-03-13 14:30:00-04:00,275.1299133300781,275.2300109863281,274.8299865722656,274.93890380859375,942383
2025-03-13 15:30:00-04:00,275.1000061035156,275.3450012207031,274.8699951171875,275.1289978027344,1642959
2025-03-14 09:30:00-04:00,275.0799865722656,276.29998779296875,274.94000244140625,276.2699890136719,3198914
2025-03-14 10:30:00-04:00,274.8900146484375,275.4736022949219,274.6600036621094,275.1000061035156,1140846
2025-03-14 11:30:00-04:00,275.5,275.7200012207031,274.7900085449219,274.92010498046875,698276
2025-03-14 12:30:00-04:00,275.7799987792969,275.8299865722656,275.44000244140625,275.5,612755
2025-03-14 13:30:00-04:00,275.27130126953125,275.80999755859375,275.239990234375,275.7213134765625,1339514
2025-03-14 14:30:00-04:00,275.2699890136719,275.4100036621094,275.1000061035156,275.2900085449219,601972
2025-03-14 15:30:00-04:00,275.2099914550781,275.2550048828125,275.04998779296875,275.2550048828125,862961
2025-03-17 09:30:00-04:00,276.48089599609375,276.4914855957031,275.3900146484375,275.5400085449219,1812473
2025-03-17 10:30:00-04:00,276.3399963378906,276.7466125488281,276.0400085449219,276.489990234375,2182559
2025-03-17 11:30:00-04:00,276.3699951171875,276.55999755859375,276.1885986328125,276.32000732421875,532749
2025-03-17 12:30:00-04:00,276.5400085449219,276.57000732421875,276.0408935546875,276.36279296875,686420
2025-03-17 13:30:00-04:00,276.6700134277344,276.7300109863281,276.3800048828125,276.5249938964844,972481
2025-03-17 14:30:00-04:00,276.6098937988281,276.739990234375,276.5299987792969,276.6600036621094,550363
2025-03-17 15:30:00-04:00,276.7200012207031,276.7900085449219,276.44000244140625,276.6099853515625,1267843
2025-03-18 09:30:00-04:00,279.3999938964844,280.2149963378906,278.9700012207031,279.8999938964844,2787110
2025-03-18 10:30:00-04:00,279.58990478515625,279.70001220703125,278.9800109863281,279.3699951171875,966660
2025-03-18 11:30:00-04:00,279.9798889160156,279.9800109863281,279.4200134277344,279.5899963378906,814808
2025-03-18 12:30:00-04:00,279.69000244140625,280.1000061035156,279.510986328125,279.9700012207031,804425
2025-03-18 13:30:00-04:00,279.7799987792969,279.79998779296875,279.3999938964844,279.67999267578125,591497
2025-03-18 14:30:00-04:00,280.125,280.2099914550781,279.7799987792969,279.78009033203125,1651452
2025-03-18 15:30:00-04:00,279.9599914550781,280.19000244140625,279.8999938964844,280.1199951171875,1360019
2025-03-19 09:30:00-04:00,279.44000244140625,279.9197082519531,279.05999755859375,279.8500061035156,2378566
2025-03-19 10:30:00-04:00,279.6393127441406,279.7099914550781,279.1400146484375,279.4599914550781,1210499
2025-03-19 11:30:00-04:00,280.0398864746094,280.2099914550781,279.3800964355469,279.6299133300781,715595
2025-03-19 12:30:00-04:00,279.70001220703125,280.0799865722656,279.510009765625,280.0199890136719,713800
2025-03-19 13:30:00-04:00,280.1299133300781,280.4800109863281,279.3599853515625,279.69000244140625,1104709
2025-03-19 14:30:00-04:00,280.5498962402344,281.47900390625,280.1400146484375,280.1400146484375,1628621
2025-03-19 15:30:00-04:00,281.1099853515625,281.1700134277344,280.5199890136719,280.5400085449219,768462
2025-03-20 09:30:00-04:00,279.5931091308594,280.0799865722656,279.42999267578125,279.489990234375,1428441
2025-03-20 10:30:00-04:00,280.32000732421875,280.4800109863281,279.5802917480469,279.6047058105469,553004
2025-03-20 11:30:00-04:00,280.17999267578125,280.59991455078125,280.0799865722656,280.3550109863281,1415683
2025-03-20 12:30:00-04:00,279.8900146484375,280.29998779296875,279.75,280.190185546875,486901
2025-03-20 13:30:00-04:00,280.7300109863281,280.79998779296875,279.8800048828125,279.9100036621094,588299
2025-03-20 14:30:00-04:00,280.81500244140625,280.8699951171875,280.3999938964844,280.67999267578125,478197
2025-03-20 15:30:00-04:00,280.739990234375,280.8999938964844,280.7099914550781,280.80999755859375,720245
2025-03-21 09:30:00-04:00,277.3800964355469,279.4599914550781,276.5899963378906,279.4599914550781,3092538
2025-03-21 10:30:00-04:00,277.9700927734375,278.29998779296875,277.1300048828125,277.364990234375,1125518
2025-03-21 11:30:00-04:00,278.0299987792969,278.1400146484375,277.6000061035156,277.92498779296875,439319
2025-03-21 12:30:00-04:00,278.0899963378906,278.3299865722656,277.8598937988281,278.0199890136719,482701
2025-03-21 13:30:00-04:00,278.4200134277344,278.4569091796875,277.8678894042969,278.05999755859375,663631
2025-03-21 14:30:00-04:00,278.5898132324219,278.7300109863281,278.1099853515625,278.44000244140625,1556105
2025-03-21 15:30:00-04:00,278.489990234375,278.6600036621094,278.44000244140625,278.5899963378906,1324110
2025-03-24 09:30:00-04:00,278.1650085449219,279.0889892578125,278.0899963378906,278.9100036621094,1844050
2025-03-24 10:30:00-04:00,277.53509521484375,278.19000244140625,277.0799865722656,278.1700134277344,2084058
2025-03-24 11:30:00-04:00,277.70001220703125,278.0899963378906,277.5450134277344,277.56500244140625,669511
2025-03-24 12:30:00-04:00,277.5299987792969,277.739990234375,277.2850036621094,277.7049865722656,902000
2025-03-24 13:30:00-04:00,277.0350036621094,277.510009765625,276.8599853515625,277.510009765625,1037946
2025-03-24 14:30:00-04:00,277.1600036621094,277.3900146484375,277.0,277.0199890136719,488619
2025-03-24 15:30:00-04:00,277.2300109863281,277.2900085449219,277.0899963378906,277.1549987792969,524254
2025-03-25 09:30:00-04:00,279.2598876953125,279.9599914550781,278.7799987792969,278.7799987792969,1525958
2025-03-25 10:30:00-04:00,278.739990234375,279.510009765625,278.5400085449219,279.239990234375,681371
2025-03-25 11:30:00-04:00,278.7099914550781,278.9518127441406,278.30999755859375,278.7699890136719,684654
2025-03-25 12:30:00-04:00,278.6400146484375,279.0,278.45989990234375,278.70001220703125,396058
2025-03-25 13:30:00-04:00,278.3702087402344,278.75,278.3399963378906,278.6300048828125,343382
2025-03-25 14:30:00-04:00,278.3800048828125,278.4800109863281,278.2699890136719,278.4100036621094,391493
2025-03-25 15:30:00-04:00,278.4700012207031,278.5799865722656,278.3599853515625,278.3800048828125,687405
2025-03-26 09:30:00-04:00,278.1087951660156,279.0199890136719,278.010009765625,278.92999267578125,842189
2025-03-26 10:30:00-04:00,278.1499938964844,278.659912109375,277.7799987792969,278.0400085449219,536276
2025-03-26 11:30:00-04:00,278.4198913574219,278.5050048828125,278.010009765625,278.1700134277344,401661
2025-03-26 12:30:00-04:00,278.20098876953125,278.4700012207031,278.0400085449219,278.42498779296875,421392
2025-03-26 13:30:00-04:00,278.55010986328125,278.5899963378906,278.1000061035156,278.19000244140625,304008
2025-03-26 14:30:00-04:00,278.239990234375,278.5799865722656,278.125,278.57000732421875,344777
2025-03-26 15:30:00-04:00,278.2300109863281,278.3299865722656,278.135009765625,278.2349853515625,604793
2025-03-27 09:30:00-04:00,281.2550048828125,281.30120849609375,279.5867919921875,280.54998779296875,1782415
2025-03-27 10:30:00-04:00,281.6300048828125,282.06500244140625,281.17999267578125,281.23309326171875,1478961
2025-03-27 11:30:00-04:00,281.44500732421875,282.0299987792969,281.2200012207031,281.6000061035156,860378
2025-03-27 12:30:00-04:00,281.0704040527344,281.4700012207031,281.0,281.4549865722656,627719
2025-03-27 13:30:00-04:00,281.6499938964844,281.760009765625,280.9599914550781,281.0299987792969,684774
2025-03-27 14:30:00-04:00,281.860595703125,281.94000244140625,281.6518859863281,281.6549987792969,1060822
2025-03-27 15:30:00-04:00,281.94000244140625,281.9800109863281,281.80999755859375,281.8599853515625,1350041
2025-03-28 09:30:00-04:00,283.6798095703125,284.6400146484375,283.20001220703125,283.82000732421875,3234363
2025-03-28 10:30:00-04:00,283.989990234375,284.139892578125,282.8599853515625,283.6700134277344,1680194
2025-03-28 11:30:00-04:00,284.1499938964844,284.6300048828125,283.9100036621094,284.0,955297
2025-03-28 12:30:00-04:00,284.1099853515625,284.5820007324219,284.0799865722656,284.1601867675781,834833
2025-03-28 13:30:00-04:00,283.92999267578125,284.2799987792969,283.67999267578125,284.1099853515625,1061323
2025-03-28 14:30:00-04:00,284.0899963378906,284.19000244140625,283.42999267578125,283.93499755859375,608481
2025-03-28 15:30:00-04:00,284.0799865722656,284.20001220703125,284.0400085449219,284.1000061035156,724451
2025-03-31 09:30:00-04:00,287.0199890136719,287.6650085449219,285.8500061035156,287.5299987792969,4177897
2025-03-31 10:30:00-04:00,287.7900085449219,288.3900146484375,286.9100036621094,287.0101013183594,2471757
2025-03-31 11:30:00-04:00,287.1700134277344,287.80999755859375,286.760009765625,287.7900085449219,1432529
2025-03-31 12:30:00-04:00,287.5199890136719,287.75,287.1000061035156,287.1650085449219,1297287
2025-03-31 13:30:00-04:00,287.92999267578125,288.0199890136719,287.3500061035156,287.5199890136719,883273
2025-03-31 14:30:00-04:00,287.8999938964844,288.1050109863281,287.75,287.9049987792969,1456846
2025-03-31 15:30:00-04:00,288.1700134277344,288.17999267578125,287.7799987792969,287.8999938964844,1296852
2025-04-01 09:30:00-04:00,288.32501220703125,289.1300048828125,288.0199890136719,288.5400085449219,4060331
2025-04-01 10:30:00-04:00,288.287109375,288.8800048828125,288.0899963378906,288.29998779296875,2120681
2025-04-01 11:30:00-04:00,286.57000732421875,288.3599853515625,285.9100036621094,288.2882080078125,3870488
2025-04-01 12:30:00-04:00,287.1199951171875,287.1499938964844,286.29998779296875,286.5799865722656,1471980
2025-04-01 13:30:00-04:00,287.3800048828125,287.4504089355469,286.9599914550781,287.1099853515625,1693749
2025-04-01 14:30:00-04:00,287.4100036621094,287.5799865722656,287.05999755859375,287.3800048828125,1664449
2025-04-01 15:30:00-04:00,287.5799865722656,287.6300048828125,287.3717956542969,287.4100036621094,595674
2025-04-02 09:30:00-04:00,288.29998779296875,288.8800048828125,287.3800048828125,288.2799987792969,2500286
2025-04-02 10:30:00-04:00,288.114990234375,288.5799865722656,287.760009765625,288.3299865722656,1346717
2025-04-02 11:30:00-04:00,288.8200988769531,289.0299987792969,288.05999755859375,288.1000061035156,1297450
2025-04-02 12:30:00-04:00,288.0950012207031,288.96990966796875,288.010009765625,288.92999267578125,1408500
2025-04-02 13:30:00-04:00,287.6000061035156,288.2699890136719,287.57080078125,288.0899963378906,1622918
2025-04-02 14:30:00-04:00,288.2164001464844,288.2825012207031,287.5799865722656,287.6000061035156,769208
2025-04-02 15:30:00-04:00,288.1099853515625,288.3800048828125,288.0799865722656,288.2200012207031,656982
2025-04-03 09:30:00-04:00,288.1449890136719,288.260009765625,282.45001220703125,282.7799987792969,8125875
2025-04-03 10:30:00-04:00,286.3999938964844,289.0899963378906,286.17999267578125,288.1600036621094,4396542
2025-04-03 11:30:00-04:00,286.5799865722656,287.12530517578125,285.95001220703125,286.4100036621094,1095218
2025-04-03 12:30:00-04:00,285.8800048828125,286.80999755859375,285.84149169921875,286.6000061035156,2231141
2025-04-03 13:30:00-04:00,286.260009765625,286.760009765625,285.7900085449219,285.8999938964844,1670605
2025-04-03 14:30:00-04:00,286.4599914550781,287.05999755859375,285.9800109863281,286.260009765625,1273095
2025-04-03 15:30:00-04:00,286.489990234375,286.57000732421875,285.9200134277344,286.45001220703125,1151136
2025-04-04 09:30:00-04:00,281.0,284.0249938964844,280.4700012207031,283.6400146484375,5292564
2025-04-04 10:30:00-04:00,279.0299987792969,281.34991455078125,278.6852111816406,281.0038146972656,4376927
2025-04-04 11:30:00-04:00,279.41009521484375,279.88958740234375,278.17999267578125,279.04998779296875,2629478
2025-04-04 12:30:00-04:00,278.2799987792969,279.989990234375,278.1300048828125,279.42999267578125,1524971
2025-04-04 13:30:00-04:00,278.875,279.2099914550781,278.0199890136719,278.2699890136719,1647826
2025-04-04 14:30:00-04:00,279.2699890136719,279.8500061035156,278.2200012207031,278.8800048828125,2223457
2025-04-04 15:30:00-04:00,279.9100036621094,280.3900146484375,279.18499755859375,279.260009765625,2207940
2025-04-07 09:30:00-04:00,277.3800048828125,280.1400146484375,276.7699890136719,278.8550109863281,5200216
2025-04-07 10:30:00-04:00,275.3999938964844,277.8800048828125,275.1000061035156,277.3800048828125,2736437
2025-04-07 11:30:00-04:00,274.5899963378906,275.55999755859375,274.3193054199219,275.4200134277344,1937455
2025-04-07 12:30:00-04:00,272.8399963378906,275.19000244140625,272.8399963378906,274.54998779296875,2419754
2025-04-07 13:30:00-04:00,273.8399963378906,274.2300109863281,272.5799865722656,272.7799987792969,1775654
2025-04-07 14:30:00-04:00,274.20001220703125,274.489990234375,273.2699890136719,273.86151123046875,2195320
2025-04-07 15:30:00-04:00,273.8900146484375,274.9700012207031,273.4100036621094,274.2900085449219,1969458
2025-04-08 09:30:00-04:00,277.7749938964844,278.2900085449219,276.9599914550781,277.8664855957031,2805035
2025-04-08 10:30:00-04:00,277.3500061035156,278.32000732421875,276.8699951171875,277.7799987792969,1042431
2025-04-08 11:30:00-04:00,276.07000732421875,277.75,275.93011474609375,277.3399963378906,1422799
2025-04-08 12:30:00-04:00,274.42999267578125,276.2099914550781,274.30999755859375,276.19000244140625,1514086
2025-04-08 13:30:00-04:00,275.2900085449219,275.42999267578125,274.239990234375,274.42999267578125,1868190
2025-04-08 14:30:00-04:00,274.90301513671875,275.9100036621094,274.6199951171875,275.2900085449219,1255820
2025-04-08 15:30:00-04:00,275.2300109863281,275.510009765625,274.4800109863281,274.8999938964844,1626580
2025-04-09 09:30:00-04:00,284.3389892578125,284.42999267578125,282.1499938964844,282.2200012207031,6295393
2025-04-09 10:30:00-04:00,284.42999267578125,284.7284851074219,282.6700134277344,284.3399963378906,2289625
2025-04-09 11:30:00-04:00,284.57000732421875,285.0400085449219,283.8999938964844,284.4700012207031,1836095
2025-04-09 12:30:00-04:00,282.1300048828125,285.7500915527344,281.9599914550781,284.5625305175781,3833579
2025-04-09 13:30:00-04:00,282.5299987792969,283.5899963378906,281.0400085449219,282.2799987792969,4214411
2025-04-09 14:30:00-04:00,285.05999755859375,285.5,282.42999267578125,282.55999755859375,3410345
2025-04-09 15:30:00-04:00,285.260009765625,285.8699951171875,284.44000244140625,285.0400085449219,2321506
2025-04-10 09:30:00-04:00,289.90509033203125,290.3500061035156,287.2309875488281,288.80499267578125,4827905
2025-04-10 10:30:00-04:00,292.29998779296875,292.30999755859375,289.8799133300781,289.885009765625,3274370
2025-04-10 11:30:00-04:00,291.5299987792969,292.7200012207031,290.75,292.29998779296875,3236982
2025-04-10 12:30:00-04:00,291.30999755859375,292.0199890136719,290.5299987792969,291.57000732421875,2509882
2025-04-10 13:30:00-04:00,291.7900085449219,291.92999267578125,291.1300048828125,291.32000732421875,1093659
2025-04-10 14:30:00-04:00,292.3800048828125,292.8500061035156,291.7300109863281,291.7799987792969,2241265
2025-04-10 15:30:00-04:00,292.30999755859375,292.8599853515625,292.2300109863281,292.3699951171875,1942120
2025-04-11 09:30:00-04:00,297.6099853515625,299.16949462890625,296.8299865722656,297.9599914550781,6355643
2025-04-11 10:30:00-04:00,298.7099914550781,298.80999755859375,297.12359619140625,297.6383056640625,2707053
2025-04-11 11:30:00-04:00,298.2349853515625,299.2749938964844,298.1000061035156,298.70001220703125,2682456
2025-04-11 12:30:00-04:00,297.57000732421875,298.44000244140625,296.80999755859375,298.2488098144531,2659255
2025-04-11 13:30:00-04:00,298.42999267578125,298.510009765625,297.5899963378906,297.6099853515625,2292760
2025-04-11 14:30:00-04:00,297.94000244140625,298.6199951171875,297.5799865722656,298.42999267578125,2047491
2025-04-11 15:30:00-04:00,297.9299011230469,298.04998779296875,297.6099853515625,297.94000244140625,1723696
2025-04-14 09:30:00-04:00,295.4200134277344,295.9599914550781,294.5299987792969,295.5400085449219,3901994
2025-04-14 10:30:00-04:00,295.54998779296875,296.4700012207031,295.45001220703125,295.4599914550781,2641256
2025-04-14 11:30:00-04:00,295.4914855957031,295.70001220703125,294.6700134277344,295.5400085449219,1638823
2025-04-14 12:30:00-04:00,296.0299987792969,296.1098937988281,295.44000244140625,295.4750061035156,1001729
2025-04-14 13:30:00-04:00,295.9800109863281,296.5799865722656,295.8599853515625,296.0,1102274
2025-04-14 14:30:00-04:00,296.1000061035156,296.19000244140625,295.1499938964844,295.9700012207031,927046
2025-04-14 15:30:00-04:00,296.2300109863281,296.260009765625,295.8399963378906,296.0799865722656,832890
2025-04-15 09:30:00-04:00,297.29998779296875,297.489990234375,296.0899963378906,296.92999267578125,1955771
2025-04-15 10:30:00-04:00,297.010009765625,297.4100036621094,296.5801086425781,297.2799987792969,649453
2025-04-15 11:30:00-04:00,297.0090026855469,297.2699890136719,296.7099914550781,297.0199890136719,718677
2025-04-15 12:30:00-04:00,297.2099914550781,297.2250061035156,296.82000732421875,297.010009765625,791554
2025-04-15 13:30:00-04:00,297.69000244140625,297.8900146484375,297.17999267578125,297.20001220703125,1053262
2025-04-15 14:30:00-04:00,297.5199890136719,298.0199890136719,297.4700012207031,297.69000244140625,1110815
2025-04-15 15:30:00-04:00,297.7820129394531,297.80999755859375,297.45001220703125,297.5163879394531,1373742
2025-04-16 09:30:00-04:00,305.3056945800781,305.8900146484375,303.79998779296875,304.6499938964844,5673007
2025-04-16 10:30:00-04:00,305.3699951171875,305.45001220703125,304.5199890136719,305.29998779296875,3011016
2025-04-16 11:30:00-04:00,307.0849914550781,307.20001220703125,305.3599853515625,305.3800048828125,3856608
2025-04-16 12:30:00-04:00,306.8999938964844,307.1000061035156,306.07000732421875,307.0799865722656,1973487
2025-04-16 13:30:00-04:00,307.6600036621094,307.7099914550781,306.3200988769531,306.8800048828125,1727420
2025-04-16 14:30:00-04:00,307.77508544921875,308.0599060058594,307.4700012207031,307.5260009765625,1954299
2025-04-16 15:30:00-04:00,307.4800109863281,307.8500061035156,307.3999938964844,307.7900085449219,1635489
2025-04-17 09:30:00-04:00,304.5199890136719,307.1300048828125,304.32000732421875,306.30999755859375,4860113
2025-04-17 10:30:00-04:00,304.05999755859375,304.6400146484375,302.7300109863281,304.5299987792969,3762007
2025-04-17 11:30:00-04:00,305.1600036621094,305.1600036621094,303.5799865722656,303.9800109863281,3459101
2025-04-17 12:30:00-04:00,305.55999755859375,306.2699890136719,304.9800109863281,305.1700134277344,1737330
2025-04-17 13:30:00-04:00,305.9800109863281,306.260009765625,305.5,305.57000732421875,1126671
2025-04-17 14:30:00-04:00,305.3699951171875,305.95001220703125,305.20001220703125,305.95001220703125,1098048
2025-04-17 15:30:00-04:00,306.0899963378906,306.25,305.3399963378906,305.3800048828125,1571953
2025-04-21 09:30:00-04:00,315.9031982421875,316.4100036621094,313.94500732421875,315.1000061035156,7934295
2025-04-21 10:30:00-04:00,315.3900146484375,316.08990478515625,314.3399963378906,315.8800048828125,3338747
2025-04-21 11:30:00-04:00,314.82000732421875,315.8800048828125,314.7200012207031,315.4100036621094,2021886
2025-04-21 12:30:00-04:00,314.80999755859375,314.9700012207031,313.9800109863281,314.79998779296875,1558660
2025-04-21 13:30:00-04:00,315.7983093261719,315.80999755859375,314.80999755859375,314.8299865722656,1445821
2025-04-21 14:30:00-04:00,315.5400085449219,316.30999755859375,315.5,315.7987976074219,1988064
2025-04-21 15:30:00-04:00,315.6000061035156,315.7300109863281,315.05010986328125,315.5400085449219,1371094
2025-04-22 09:30:00-04:00,316.3699951171875,317.6300048828125,314.1499938964844,317.489990234375,11324042
2025-04-22 10:30:00-04:00,314.57000732421875,317.010009765625,314.5199890136719,316.3900146484375,3119178
2025-04-22 11:30:00-04:00,312.20001220703125,316.2300109863281,312.0299987792969,314.57000732421875,5285097
2025-04-22 12:30:00-04:00,314.0899963378906,314.375,310.79998779296875,312.2200012207031,5513062
2025-04-22 13:30:00-04:00,312.3599853515625,314.17999267578125,312.1499938964844,314.0799865722656,3555741
2025-04-22 14:30:00-04:00,311.1408996582031,312.65069580078125,310.9599914550781,312.3500061035156,2961727
2025-04-22 15:30:00-04:00,311.1050109863281,311.3599853515625,310.3599853515625,311.1300048828125,2171903
2025-04-23 09:30:00-04:00,301.92999267578125,304.6600036621094,300.5899963378906,304.17999267578125,12341366
2025-04-23 10:30:00-04:00,302.04998779296875,303.8999938964844,301.3699951171875,301.94000244140625,3578362
2025-04-23 11:30:00-04:00,303.489990234375,303.80999755859375,301.4100036621094,302.16448974609375,2480416
2025-04-23 12:30:00-04:00,302.54998779296875,304.739990234375,302.5299987792969,303.5089111328125,1788050
2025-04-23 13:30:00-04:00,302.40008544921875,303.0,302.1400146484375,302.57000732421875,1279461
2025-04-23 14:30:00-04:00,303.8800048828125,303.95001220703125,302.1499938964844,302.4100036621094,1526639
2025-04-23 15:30:00-04:00,303.69000244140625,303.989990234375,303.3699951171875,303.8500061035156,1661485
2025-04-24 09:30:00-04:00,305.8399963378906,307.01251220703125,304.7099914550781,306.7900085449219,3374867
2025-04-24 10:30:00-04:00,306.3900146484375,306.92999267578125,305.69000244140625,305.8299865722656,1152054
2025-04-24 11:30:00-04:00,306.739990234375,307.3996887207031,306.04998779296875,306.3999938964844,1112855
2025-04-24 12:30:00-04:00,307.5199890136719,307.6000061035156,306.18011474609375,306.7650146484375,1249086
2025-04-24 13:30:00-04:00,307.6300048828125,307.8399963378906,307.1400146484375,307.69000244140625,1768455
2025-04-24 14:30:00-04:00,307.5400085449219,307.659912109375,307.2099914550781,307.6300048828125,671617
2025-04-24 15:30:00-04:00,308.07000732421875,308.4949951171875,307.55999755859375,307.55999755859375,951862
2025-04-25 09:30:00-04:00,302.8900146484375,303.0,301.010009765625,301.7799987792969,3459834
2025-04-25 10:30:00-04:00,301.6400146484375,302.94000244140625,301.422607421875,302.9100036621094,1490811
2025-04-25 11:30:00-04:00,302.67999267578125,302.8699951171875,301.6199951171875,301.6499938964844,1175301
2025-04-25 12:30:00-04:00,303.0,303.3900146484375,302.3699951171875,302.67999267578125,1351314
2025-04-25 13:30:00-04:00,303.6000061035156,303.9200134277344,302.8900146484375,303.0299987792969,794884
2025-04-25 14:30:00-04:00,303.70001220703125,303.7699890136719,303.0799865722656,303.5799865722656,582302
2025-04-25 15:30:00-04:00,304.6700134277344,305.3699951171875,303.7200012207031,303.7200012207031,1179918
2025-04-28 09:30:00-04:00,305.20001220703125,305.6520080566406,302.9700012207031,304.1499938964844,1964311
2025-04-28 10:30:00-04:00,306.8699951171875,307.510009765625,305.17999267578125,305.2300109863281,2037335
2025-04-28 11:30:00-04:00,307.3747863769531,307.7200012207031,305.9599914550781,306.82000732421875,1531804
2025-04-28 12:30:00-04:00,307.659912109375,307.8500061035156,307.1560974121094,307.4563903808594,616226
2025-04-28 13:30:00-04:00,308.66558837890625,308.80731201171875,307.3399963378906,307.7300109863281,919236
2025-04-28 14:30:00-04:00,308.82000732421875,309.0299987792969,308.41009521484375,308.69000244140625,997796
2025-04-28 15:30:00-04:00,309.0199890136719,309.1099853515625,308.5299072265625,308.82000732421875,904190
2025-04-29 09:30:00-04:00,305.5799865722656,306.1600036621094,304.1700134277344,305.80999755859375,2498129
2025-04-29 10:30:00-04:00,305.3349914550781,305.8299865722656,304.9700012207031,305.57000732421875,644495
2025-04-29 11:30:00-04:00,305.9800109863281,306.0400085449219,304.6700134277344,305.3500061035156,645930
2025-04-29 12:30:00-04:00,306.3299865722656,306.95001220703125,305.864990234375,305.97760009765625,766599
2025-04-29 13:30:00-04:00,305.9390869140625,306.5199890136719,305.42999267578125,306.3500061035156,814097
2025-04-29 14:30:00-04:00,306.2900085449219,306.510009765625,305.7699890136719,305.93499755859375,484146
2025-04-29 15:30:00-04:00,306.0899963378906,306.4100036621094,305.8699951171875,306.2698059082031,707217
2025-04-30 09:30:00-04:00,304.6142883300781,306.06500244140625,304.07000732421875,304.6050109863281,3021056
2025-04-30 10:30:00-04:00,304.8301086425781,305.57000732421875,303.5216979980469,304.3999938964844,1377763
2025-04-30 11:30:00-04:00,305.0050048828125,305.3999938964844,304.1099853515625,304.7900085449219,786500
2025-04-30 12:30:00-04:00,305.0299987792969,305.5,304.6300964355469,304.989990234375,449196
2025-04-30 13:30:00-04:00,304.2799987792969,305.2200012207031,304.2650146484375,305.0400085449219,548891
2025-04-30 14:30:00-04:00,304.0899963378906,304.7200012207031,304.0,304.30999755859375,561991
2025-04-30 15:30:00-04:00,303.8399963378906,304.2900085449219,303.44000244140625,304.1199951171875,1055636
2025-05-01 09:30:00-04:00,297.0,297.94000244140625,296.2300109863281,297.4100036621094,4878551
2025-05-01 10:30:00-04:00,296.29998779296875,297.80999755859375,296.1405029296875,297.0,2026879
2025-05-01 11:30:00-04:00,295.7300109863281,296.54998779296875,295.32000732421875,296.3299865722656,1995889
2025-05-01 12:30:00-04:00,296.3500061035156,296.79998779296875,295.739990234375,295.760009765625,1563963
2025-05-01 13:30:00-04:00,296.43389892578125,296.65008544921875,295.80999755859375,296.3699951171875,1321430
2025-05-01 14:30:00-04:00,297.25,297.3999938964844,296.3789978027344,296.42999267578125,1181268
2025-05-01 15:30:00-04:00,297.4800109863281,297.6199951171875,297.17999267578125,297.260009765625,999807
2025-05-02 09:30:00-04:00,299.82000732421875,300.44000244140625,298.79998779296875,300.1700134277344,2897353
2025-05-02 10:30:00-04:00,299.67999267578125,300.8500061035156,299.3800048828125,299.82000732421875,1278617
2025-05-02 11:30:00-04:00,298.0400085449219,299.67498779296875,297.1510925292969,299.65020751953125,1399879
2025-05-02 12:30:00-04:00,298.1400146484375,298.5743103027344,297.0299987792969,298.0400085449219,807549
2025-05-02 13:30:00-04:00,297.5799865722656,298.2251892089844,297.32000732421875,298.1400146484375,473363
2025-05-02 14:30:00-04:00,297.510009765625,297.9599914550781,297.17999267578125,297.5899963378906,681704
2025-05-02 15:30:00-04:00,298.0,298.1099853515625,297.44500732421875,297.5199890136719,801558
2025-05-05 09:30:00-04:00,305.8800048828125,306.8500061035156,305.04998779296875,305.9200134277344,3212657
2025-05-05 10:30:00-04:00,305.1600036621094,305.8800048828125,305.0199890136719,305.8597106933594,864748
2025-05-05 11:30:00-04:00,304.8599853515625,305.8298034667969,304.67498779296875,305.19000244140625,912994
2025-05-05 12:30:00-04:00,305.3800048828125,305.6199951171875,304.8599853515625,304.8634948730469,467504
2025-05-05 13:30:00-04:00,305.989990234375,306.0799865722656,305.2699890136719,305.3900146484375,598117
2025-05-05 14:30:00-04:00,307.5299987792969,307.5299987792969,305.80999755859375,306.00030517578125,866690
2025-05-05 15:30:00-04:00,306.8500061035156,307.6499938964844,306.6600036621094,307.5199890136719,1415854
2025-05-06 09:30:00-04:00,311.94000244140625,313.25,311.8940124511719,313.1199951171875,3530453
2025-05-06 10:30:00-04:00,313.1000061035156,313.25,311.3999938964844,311.9100036621094,1217014
2025-05-06 11:30:00-04:00,313.7699890136719,313.8500061035156,312.7615051269531,313.0950012207031,1031807
2025-05-06 12:30:00-04:00,314.760009765625,315.05999755859375,313.6000061035156,313.760009765625,1168494
2025-05-06 13:30:00-04:00,314.9200134277344,315.0299987792969,314.3599853515625,314.9100036621094,835975
2025-05-06 14:30:00-04:00,314.7900085449219,314.989990234375,314.54998779296875,314.95001220703125,895766
2025-05-06 15:30:00-04:00,315.5199890136719,315.6199951171875,314.7300109863281,314.7900085449219,1403511
2025-05-07 09:30:00-04:00,311.8599853515625,313.25,311.17999267578125,312.1000061035156,1902891
2025-05-07 10:30:00-04:00,311.95001220703125,312.3999938964844,311.52301025390625,311.8500061035156,610827
2025-05-07 11:30:00-04:00,311.7699890136719,312.25,311.42999267578125,311.9700012207031,457646
2025-05-07 12:30:00-04:00,311.9700012207031,312.4800109863281,311.7301025390625,311.79998779296875,741383
2025-05-07 13:30:00-04:00,312.2200012207031,313.260009765625,311.9200134277344,311.9599914550781,1016516
2025-05-07 14:30:00-04:00,310.95001220703125,312.5199890136719,310.0799865722656,312.2799987792969,1394081
2025-05-07 15:30:00-04:00,310.80999755859375,311.2488098144531,310.3949890136719,310.95001220703125,1260539
2025-05-08 09:30:00-04:00,309.07000732421875,310.4800109863281,308.7701110839844,309.760009765625,1606449
2025-05-08 10:30:00-04:00,308.3999938964844,309.8388977050781,307.8800048828125,309.0899963378906,2556377
2025-05-08 11:30:00-04:00,305.09100341796875,308.9750061035156,304.4700012207031,308.3699951171875,2275012
2025-05-08 12:30:00-04:00,304.2950134277344,305.510009765625,303.94000244140625,305.1499938964844,1605427
2025-05-08 13:30:00-04:00,304.8500061035156,305.1000061035156,303.92010498046875,304.2900085449219,1036372
2025-05-08 14:30:00-04:00,303.375,304.9800109863281,303.04998779296875,304.8399963378906,1111399
2025-05-08 15:30:00-04:00,304.6499938964844,305.0199890136719,303.3500061035156,303.3599853515625,1331654
2025-05-09 09:30:00-04:00,307.6650085449219,307.7950134277344,306.0101013183594,307.75,1456624
2025-05-09 10:30:00-04:00,307.82000732421875,308.14801025390625,307.2699890136719,307.67999267578125,1143522
2025-05-09 11:30:00-04:00,307.8299865722656,308.57000732421875,307.7401123046875,307.79998779296875,958634
2025-05-09 12:30:00-04:00,307.7300109863281,308.0690002441406,307.5,307.8399963378906,431102
2025-05-09 13:30:00-04:00,307.78570556640625,308.1000061035156,307.5,307.760009765625,1237908
2025-05-09 14:30:00-04:00,306.92999267578125,307.8399963378906,306.9100036621094,307.81500244140625,444244
2025-05-09 15:30:00-04:00,306.8399963378906,306.94000244140625,306.5,306.9200134277344,975089
2025-05-12 09:30:00-04:00,298.8900146484375,299.44000244140625,297.8599853515625,298.3299865722656,5560341
2025-05-12 10:30:00-04:00,298.5744934082031,299.3299865722656,297.9599914550781,298.95001220703125,1920656
2025-05-12 11:30:00-04:00,297.4778137207031,299.0198974609375,297.29998779296875,298.55999755859375,1445348
2025-05-12 12:30:00-04:00,297.1600036621094,297.739990234375,296.8699951171875,297.4971923828125,1473751
2025-05-12 13:30:00-04:00,297.1499938964844,297.4598083496094,296.82000732421875,297.1700134277344,1091682
2025-05-12 14:30:00-04:00,298.44000244140625,298.5199890136719,296.8699951171875,297.1400146484375,998686
2025-05-12 15:30:00-04:00,298.1600036621094,298.5,298.07000732421875,298.44000244140625,1346726
2025-05-13 09:30:00-04:00,298.6549987792969,299.1087951660156,297.2900085449219,298.9800109863281,2529370
2025-05-13 10:30:00-04:00,299.3257141113281,299.42120361328125,298.5299987792969,298.6300048828125,1021417
2025-05-13 11:30:00-04:00,299.8999938964844,300.29998779296875,299.1199951171875,299.3399963378906,2086016
2025-05-13 12:30:00-04:00,298.95001220703125,300.07000732421875,298.82000732421875,299.9100036621094,1184754
2025-05-13 13:30:00-04:00,299.29998779296875,299.510009765625,298.79400634765625,298.9599914550781,1046320
2025-05-13 14:30:00-04:00,299.460205078125,299.6098937988281,299.20001220703125,299.30999755859375,1343080
2025-05-13 15:30:00-04:00,299.489990234375,299.6600036621094,299.32000732421875,299.4599914550781,722195
2025-05-14 09:30:00-04:00,293.5703125,294.79998779296875,293.010009765625,293.6700134277344,4104256
2025-05-14 10:30:00-04:00,293.5950012207031,294.17999267578125,292.9599914550781,293.57000732421875,1976957
2025-05-14 11:30:00-04:00,293.3999938964844,293.69000244140625,292.9800109863281,293.6000061035156,1919944
2025-05-14 12:30:00-04:00,293.4541931152344,294.0907897949219,292.4800109863281,293.3500061035156,2040503
2025-05-14 13:30:00-04:00,292.8236083984375,293.5400085449219,292.67999267578125,293.4800109863281,821724
2025-05-14 14:30:00-04:00,292.5199890136719,292.9700012207031,291.9599914550781,292.8299865722656,1809703
2025-05-14 15:30:00-04:00,293.1700134277344,293.2699890136719,292.42999267578125,292.510009765625,1596862
2025-05-15 09:30:00-04:00,295.4100036621094,295.57000732421875,293.75,294.1000061035156,3655004
2025-05-15 10:30:00-04:00,296.3695983886719,296.42999267578125,294.6701965332031,295.4200134277344,1936088
2025-05-15 11:30:00-04:00,296.6300048828125,296.8399963378906,296.0,296.17999267578125,1483948
2025-05-15 12:30:00-04:00,297.0299987792969,297.54998779296875,296.5899963378906,296.6206970214844,1838822
2025-05-15 13:30:00-04:00,297.1099853515625,297.29998779296875,296.3699951171875,297.0224914550781,948749
2025-05-15 14:30:00-04:00,297.6300048828125,297.6400146484375,296.8900146484375,297.0950012207031,1358978
2025-05-15 15:30:00-04:00,297.8299865722656,297.8999938964844,297.3800048828125,297.6300048828125,1715409
2025-05-16 09:30:00-04:00,292.6600036621094,293.9599914550781,292.15008544921875,292.6199951171875,5234033
2025-05-16 10:30:00-04:00,292.9200134277344,293.1499938964844,291.7799987792969,292.67999267578125,1818014
2025-05-16 11:30:00-04:00,293.3999938964844,293.739990234375,292.8699951171875,292.8999938964844,1074484
2025-05-16 12:30:00-04:00,293.510009765625,294.2200012207031,293.260009765625,293.3999938964844,1039556
2025-05-16 13:30:00-04:00,294.0199890136719,294.1499938964844,293.4100036621094,293.5199890136719,738444
2025-05-16 14:30:00-04:00,294.3500061035156,294.5299987792969,293.5400085449219,294.0199890136719,1317229
2025-05-16 15:30:00-04:00,294.260009765625,294.57501220703125,294.125,294.3599853515625,1902104
2025-05-19 09:30:00-04:00,297.7799987792969,298.0899963378906,296.48199462890625,297.8450012207031,4445206
2025-05-19 10:30:00-04:00,298.0899963378906,298.25,297.45001220703125,297.7799987792969,1835555
2025-05-19 11:30:00-04:00,297.6000061035156,298.5799865722656,297.5,298.010009765625,1399949
2025-05-19 12:30:00-04:00,297.739990234375,298.1000061035156,297.45001220703125,297.6050109863281,823545
2025-05-19 13:30:00-04:00,298.0799865722656,298.0799865722656,297.2650146484375,297.79998779296875,791621
2025-05-19 14:30:00-04:00,298.0899963378906,298.25,297.92999267578125,298.0799865722656,713146
2025-05-19 15:30:00-04:00,297.989990234375,298.0899963378906,297.8399963378906,298.0899963378906,1384125
2025-05-20 09:30:00-04:00,302.2698974609375,302.80999755859375,298.29998779296875,298.3500061035156,4100725
2025-05-20 10:30:00-04:00,302.1099853515625,302.760009765625,301.69000244140625,302.2688903808594,2226784
2025-05-20 11:30:00-04:00,302.1400146484375,302.510009765625,301.94000244140625,302.1199951171875,974309
2025-05-20 12:30:00-04:00,302.4800109863281,302.760009765625,301.8599853515625,302.1400146484375,739971
2025-05-20 13:30:00-04:00,303.0299987792969,303.1600036621094,302.4700012207031,302.4800109863281,1307671
2025-05-20 14:30:00-04:00,303.1650085449219,303.2900085449219,302.8500061035156,303.0400085449219,1351847
2025-05-20 15:30:00-04:00,303.5899963378906,303.6824951171875,303.1199951171875,303.1700134277344,1547189
2025-05-21 09:30:00-04:00,304.70001220703125,305.0400085449219,303.6700134277344,304.54998779296875,3336178
2025-05-21 10:30:00-04:00,305.2001037597656,305.50201416015625,304.2699890136719,304.6700134277344,1422917
2025-05-21 11:30:00-04:00,305.0199890136719,305.4649963378906,304.9501037597656,305.2200012207031,1399378
2025-05-21 12:30:00-04:00,305.1400146484375,305.55999755859375,304.3599853515625,305.0199890136719,1021942
2025-05-21 13:30:00-04:00,305.4097900390625,305.6499938964844,304.75,305.1400146484375,1172443
2025-05-21 14:30:00-04:00,306.43499755859375,306.4599914550781,305.260009765625,305.4200134277344,1667686
2025-05-21 15:30:00-04:00,305.8399963378906,306.44500732421875,305.67999267578125,306.42999267578125,1943094
2025-05-22 09:30:00-04:00,303.7900085449219,305.2799987792969,302.1000061035156,305.0899963378906,3109653
2025-05-22 10:30:00-04:00,303.5199890136719,304.45001220703125,302.3312072753906,303.8399963378906,1442937
2025-05-22 11:30:00-04:00,304.0299987792969,304.0299987792969,302.9700012207031,303.5799865722656,711868
2025-05-22 12:30:00-04:00,303.6199951171875,304.4800109863281,303.3999938964844,304.0199890136719,441739
2025-05-22 13:30:00-04:00,303.5299987792969,304.0,303.1400146484375,303.6440124511719,1396179
2025-05-22 14:30:00-04:00,303.1099853515625,303.7795104980469,302.989990234375,303.5299987792969,972001
2025-05-22 15:30:00-04:00,303.0799865722656,303.4849853515625,303.0400085449219,303.1099853515625,1183746
2025-05-23 09:30:00-04:00,308.8800048828125,309.1199951171875,307.4700012207031,308.8599853515625,4399576
2025-05-23 10:30:00-04:00,309.4552001953125,309.6600036621094,308.59381103515625,308.8699951171875,2134401
2025-05-23 11:30:00-04:00,309.7200012207031,309.8900146484375,309.239990234375,309.4599914550781,1206314
2025-05-23 12:30:00-04:00,310.17999267578125,310.19000244140625,309.3102111816406,309.70001220703125,1367516
2025-05-23 13:30:00-04:00,310.1700134277344,310.20001220703125,309.7699890136719,310.17999267578125,856661
2025-05-23 14:30:00-04:00,310.0400085449219,310.25,309.7099914550781,310.1492919921875,1409855
2025-05-23 15:30:00-04:00,309.739990234375,310.0567932128906,309.5,310.0567932128906,1422776
2025-05-27 09:30:00-04:00,303.7699890136719,304.6000061035156,302.739990234375,303.80999755859375,3473621
2025-05-27 10:30:00-04:00,303.7799987792969,304.42999267578125,303.6099853515625,303.75,1437303
2025-05-27 11:30:00-04:00,303.9100036621094,304.0097961425781,303.1199951171875,303.760009765625,1008999
2025-05-27 12:30:00-04:00,304.29998779296875,304.3900146484375,303.6499938964844,303.9200134277344,563624
2025-05-27 13:30:00-04:00,304.2300109863281,304.5400085449219,304.04400634765625,304.1499938964844,821045
2025-05-27 14:30:00-04:00,304.5830078125,304.6199951171875,304.2300109863281,304.239990234375,813143
2025-05-27 15:30:00-04:00,304.5199890136719,304.875,304.5,304.5799865722656,899865
2025-05-28 09:30:00-04:00,304.8399963378906,304.989990234375,304.0199890136719,304.6400146484375,2219764
2025-05-28 10:30:00-04:00,303.6600036621094,304.8800048828125,303.6400146484375,304.8299865722656,1007587
2025-05-28 11:30:00-04:00,303.8599853515625,304.0400085449219,303.45001220703125,303.6199951171875,806623
2025-05-28 12:30:00-04:00,303.7900085449219,304.0177001953125,303.05999755859375,303.8599853515625,832557
2025-05-28 13:30:00-04:00,304.239990234375,304.3699951171875,303.6199951171875,303.82000732421875,1029244
2025-05-28 14:30:00-04:00,303.57000732421875,304.4200134277344,303.57000732421875,304.25,1067867
2025-05-28 15:30:00-04:00,303.82000732421875,303.95989990234375,303.54998779296875,303.5799865722656,1214478
2025-05-29 09:30:00-04:00,305.0299987792969,306.0799865722656,304.9436950683594,305.739990234375,2471825
2025-05-29 10:30:00-04:00,305.5268859863281,305.6700134277344,304.4599914550781,305.04998779296875,890559
2025-05-29 11:30:00-04:00,306.42999267578125,306.8900146484375,305.3900146484375,305.510009765625,1457620
2025-05-29 12:30:00-04:00,305.760009765625,306.54998779296875,305.760009765625,306.4599914550781,752730
2025-05-29 13:30:00-04:00,305.7799987792969,306.3900146484375,305.6600036621094,305.7900085449219,2212484
2025-05-29 14:30:00-04:00,305.79998779296875,306.0400085449219,305.6199951171875,305.7900085449219,624386
2025-05-29 15:30:00-04:00,305.5899963378906,305.8299865722656,305.4800109863281,305.82000732421875,742033
2025-05-30 09:30:00-04:00,302.5899963378906,304.0199890136719,301.5,303.6400146484375,2179074
2025-05-30 10:30:00-04:00,302.9100036621094,303.072998046875,301.6400146484375,302.6099853515625,1428184
2025-05-30 11:30:00-04:00,303.1099853515625,303.42999267578125,302.8599853515625,302.8949890136719,1052064
2025-05-30 12:30:00-04:00,303.3299865722656,303.7200012207031,302.6099853515625,303.1099853515625,815502
2025-05-30 13:30:00-04:00,303.6099853515625,303.6600036621094,303.2300109863281,303.30999755859375,1746474
2025-05-30 14:30:00-04:00,303.4989929199219,303.67999267578125,303.4305114746094,303.6000061035156,576334
2025-05-30 15:30:00-04:00,303.6099853515625,303.6499938964844,303.3500061035156,303.510009765625,1298472
2025-06-02 09:30:00-04:00,310.8299865722656,311.32000732421875,308.7200012207031,308.9049987792969,4940090
2025-06-02 10:30:00-04:00,310.8500061035156,311.3900146484375,310.4800109863281,310.8699951171875,2109342
2025-06-02 11:30:00-04:00,310.8399963378906,311.3999938964844,310.55999755859375,310.8599853515625,1228432
2025-06-02 12:30:00-04:00,310.760009765625,311.05999755859375,310.4700012207031,310.8464050292969,945712
2025-06-02 13:30:00-04:00,310.7300109863281,311.1099853515625,310.6199951171875,310.75,917102
2025-06-02 14:30:00-04:00,311.39898681640625,311.510009765625,310.6700134277344,310.7300109863281,1211243
2025-06-02 15:30:00-04:00,311.6199951171875,311.7200012207031,311.3450012207031,311.3900146484375,1686896
2025-06-03 09:30:00-04:00,308.3800048828125,309.55999755859375,307.1499938964844,309.1099853515625,3532638
2025-06-03 10:30:00-04:00,308.69000244140625,308.75,308.1199951171875,308.3815002441406,1374494
2025-06-03 11:30:00-04:00,308.6300048828125,309.0400085449219,308.4200134277344,308.68499755859375,1157047
2025-06-03 12:30:00-04:00,309.0350036621094,309.0350036621094,308.17999267578125,308.6099853515625,880186
2025-06-03 13:30:00-04:00,308.9200134277344,309.1199951171875,308.7200012207031,309.010009765625,630340
2025-06-03 14:30:00-04:00,308.9849853515625,309.2099914550781,308.7950134277344,308.9100036621094,572814
2025-06-03 15:30:00-04:00,308.9200134277344,309.2149963378906,308.79998779296875,308.9801025390625,837039
2025-06-04 09:30:00-04:00,310.5278015136719,310.5299987792969,308.739990234375,309.42999267578125,2194085
2025-06-04 10:30:00-04:00,310.94000244140625,311.8800048828125,310.46881103515625,310.5,1558625
2025-06-04 11:30:00-04:00,310.82000732421875,311.0,310.489990234375,310.94000244140625,641706
2025-06-04 12:30:00-04:00,311.0199890136719,311.1549987792969,310.79998779296875,310.8299865722656,530096
2025-06-04 13:30:00-04:00,311.489990234375,311.67999267578125,311.0199890136719,311.0199890136719,600401
2025-06-04 14:30:00-04:00,310.8550109863281,311.54998779296875,310.7099914550781,311.5,828307
2025-06-04 15:30:00-04:00,310.8900146484375,310.95001220703125,310.7349853515625,310.8599853515625,779130
2025-06-05 09:30:00-04:00,310.9700012207031,312.20001220703125,310.239990234375,311.239990234375,2477582
2025-06-05 10:30:00-04:00,309.7699890136719,311.6700134277344,309.5899963378906,310.989990234375,1706487
2025-06-05 11:30:00-04:00,308.4549865722656,309.82000732421875,307.65008544921875,309.75,1656877
2025-06-05 12:30:00-04:00,308.8900146484375,309.2300109863281,308.3800048828125,308.45001220703125,671120
2025-06-05 13:30:00-04:00,309.1300048828125,309.1300048828125,308.6300048828125,308.864990234375,512961
2025-06-05 14:30:00-04:00,309.30999755859375,309.69000244140625,308.8900146484375,309.1099853515625,926673
2025-06-05 15:30:00-04:00,309.20001220703125,309.4700012207031,308.8500061035156,309.32000732421875,2380049
2025-06-06 09:30:00-04:00,306.32000732421875,309.20001220703125,305.67498779296875,309.04998779296875,2186484
2025-06-06 10:30:00-04:00,306.9100036621094,307.239990234375,306.17999267578125,306.2699890136719,1081116
2025-06-06 11:30:00-04:00,306.2900085449219,307.4599914550781,306.2799987792969,306.94000244140625,813868
2025-06-06 12:30:00-04:00,306.2998962402344,306.5400085449219,306.010009765625,306.30010986328125,574462
2025-06-06 13:30:00-04:00,305.5199890136719,306.3299865722656,305.3500061035156,306.2900085449219,801394
2025-06-06 14:30:00-04:00,305.44000244140625,305.91680908203125,305.32000732421875,305.510009765625,761504
2025-06-06 15:30:00-04:00,305.2200012207031,305.55999755859375,305.1000061035156,305.4800109863281,1093167
2025-06-09 09:30:00-04:00,306.1000061035156,306.5400085449219,305.05999755859375,305.3900146484375,1534808
2025-06-09 10:30:00-04:00,306.8999938964844,306.9198913574219,305.55999755859375,306.1000061035156,962674
2025-06-09 11:30:00-04:00,307.13128662109375,307.3699951171875,306.6199951171875,306.92999267578125,750319
2025-06-09 12:30:00-04:00,307.2200012207031,307.6099853515625,307.0139465332031,307.1000061035156,1425874
2025-06-09 13:30:00-04:00,307.43499755859375,307.489990234375,307.1400146484375,307.2300109863281,828153
2025-06-09 14:30:00-04:00,306.9599914550781,307.5,306.9599914550781,307.43499755859375,848901
2025-06-09 15:30:00-04:00,306.5799865722656,307.0050048828125,306.44000244140625,306.9700012207031,591402
2025-06-10 09:30:00-04:00,307.17999267578125,308.6000061035156,306.94000244140625,308.30999755859375,1510484
2025-06-10 10:30:00-04:00,306.5,307.1700134277344,306.2300109863281,307.1600036621094,1403774
2025-06-10 11:30:00-04:00,306.1700134277344,306.7699890136719,305.989990234375,306.510009765625,909409
2025-06-10 12:30:00-04:00,306.0950012207031,306.3399963378906,305.9100036621094,306.19000244140625,661996
2025-06-10 13:30:00-04:00,306.239990234375,306.4649963378906,306.0506896972656,306.17999267578125,611199
2025-06-10 14:30:00-04:00,306.9800109863281,307.0199890136719,305.8699951171875,306.239990234375,770720
2025-06-10 15:30:00-04:00,306.7099914550781,307.2699890136719,306.6199951171875,306.989990234375,949735
2025-06-11 09:30:00-04:00,307.1200866699219,307.7099914550781,306.55999755859375,307.5,2140651
2025-06-11 10:30:00-04:00,307.75,308.0199890136719,307.05999755859375,307.1400146484375,1160804
2025-06-11 11:30:00-04:00,306.989990234375,307.82000732421875,306.7449951171875,307.7449951171875,814065
2025-06-11 12:30:00-04:00,306.2799987792969,307.07000732421875,306.05999755859375,307.0,792134
2025-06-11 13:30:00-04:00,308.2793884277344,308.2793884277344,305.8500061035156,306.2650146484375,1101197
2025-06-11 14:30:00-04:00,308.2149963378906,308.44000244140625,307.6300048828125,308.29998779296875,1597655
2025-06-11 15:30:00-04:00,308.3800048828125,308.614990234375,308.17999267578125,308.2200012207031,1127702
2025-06-12 09:30:00-04:00,312.1700134277344,313.1000061035156,311.4100036621094,311.6449890136719,3924019
2025-06-12 10:30:00-04:00,312.1099853515625,312.3299865722656,311.1499938964844,312.17999267578125,1641542
2025-06-12 11:30:00-04:00,312.2099914550781,312.30999755859375,311.760009765625,312.1099853515625,966658
2025-06-12 12:30:00-04:00,311.489990234375,312.3949890136719,311.20001220703125,312.2099914550781,1210458
2025-06-12 13:30:00-04:00,311.6499938964844,311.8500061035156,311.260009765625,311.5098876953125,777127
2025-06-12 14:30:00-04:00,312.010009765625,312.0299987792969,311.635009765625,311.6499938964844,1065639
2025-06-12 15:30:00-04:00,312.1099853515625,312.3399963378906,311.94000244140625,312.0,1386382
2025-06-13 09:30:00-04:00,316.5799865722656,317.6000061035156,315.5,317.260009765625,4734888
2025-06-13 10:30:00-04:00,315.6700134277344,316.95001220703125,315.25,316.519287109375,4015977
2025-06-13 11:30:00-04:00,315.7799987792969,315.8599853515625,315.0375061035156,315.6700134277344,1722134
2025-06-13 12:30:00-04:00,316.239990234375,316.3800048828125,315.7298889160156,315.7950134277344,1019684
2025-06-13 13:30:00-04:00,316.2900085449219,316.5799865722656,315.79998779296875,316.25,1364587
2025-06-13 14:30:00-04:00,316.5150146484375,316.9299011230469,316.2300109863281,316.2998962402344,1632480
2025-06-13 15:30:00-04:00,316.2699890136719,316.54998779296875,316.2099914550781,316.5199890136719,1625698
2025-06-16 09:30:00-04:00,312.5199890136719,314.8699951171875,311.6600036621094,314.79998779296875,3677020
2025-06-16 10:30:00-04:00,313.67999267578125,313.74700927734375,312.3299865722656,312.6199951171875,1310993
2025-06-16 11:30:00-04:00,313.2699890136719,313.8500061035156,313.0400085449219,313.69000244140625,917185
2025-06-16 12:30:00-04:00,313.1000061035156,313.3399963378906,312.9700012207031,313.2699890136719,1847887
2025-06-16 13:30:00-04:00,312.3599853515625,313.1099853515625,312.1650085449219,313.0950012207031,863307
2025-06-16 14:30:00-04:00,311.8699951171875,312.42999267578125,311.6600036621094,312.35009765625,1581567
2025-06-16 15:30:00-04:00,311.7900085449219,312.239990234375,311.7300109863281,311.8599853515625,1890331
2025-06-17 09:30:00-04:00,311.739990234375,313.0,311.4200134277344,312.6300048828125,2073776
2025-06-17 10:30:00-04:00,311.4700012207031,312.1400146484375,310.1199951171875,311.70001220703125,1486918
2025-06-17 11:30:00-04:00,311.5400085449219,311.633056640625,310.6600036621094,311.5199890136719,666775
2025-06-17 12:30:00-04:00,312.1564025878906,312.3900146484375,311.3999938964844,311.57000732421875,658902
2025-06-17 13:30:00-04:00,312.2300109863281,312.5050048828125,312.1400146484375,312.2200012207031,783856
2025-06-17 14:30:00-04:00,311.79998779296875,312.44000244140625,311.5899963378906,312.2300109863281,989450
2025-06-17 15:30:00-04:00,311.9100036621094,311.989990234375,311.6700134277344,311.80999755859375,1278863
2025-06-18 09:30:00-04:00,311.6799011230469,312.9710998535156,310.88250732421875,312.8900146484375,1766828
2025-06-18 10:30:00-04:00,312.1629943847656,312.3800048828125,311.57000732421875,311.69000244140625,1957576
2025-06-18 11:30:00-04:00,312.6000061035156,312.7900085449219,312.0600891113281,312.20989990234375,1175572
2025-06-18 12:30:00-04:00,312.3299865722656,312.6700134277344,312.2300109863281,312.6000061035156,313464
2025-06-18 13:30:00-04:00,312.4800109863281,312.9100036621094,311.8800048828125,312.3500061035156,672567
2025-06-18 14:30:00-04:00,310.1199951171875,312.5799865722656,310.1199951171875,312.5,1470931
2025-06-18 15:30:00-04:00,310.2300109863281,310.9800109863281,309.8599853515625,310.1300048828125,1715538
2025-06-20 09:30:00-04:00,310.30999755859375,310.8900146484375,309.25,309.3299865722656,2046681
2025-06-20 10:30:00-04:00,310.3807067871094,310.6300048828125,310.07000732421875,310.32000732421875,1344262
2025-06-20 11:30:00-04:00,310.44000244140625,310.6600036621094,310.1600036621094,310.29998779296875,813820
2025-06-20 12:30:00-04:00,310.4599914550781,310.80999755859375,310.3949890136719,310.42999267578125,1014349
2025-06-20 13:30:00-04:00,310.1199951171875,310.5,310.010009765625,310.4800109863281,788925
2025-06-20 14:30:00-04:00,310.4200134277344,310.55010986328125,309.989990234375,310.1112976074219,580928
2025-06-20 15:30:00-04:00,310.0799865722656,310.44000244140625,310.0,310.4200134277344,1190136
2025-06-23 09:30:00-04:00,311.29998779296875,312.1099853515625,310.30999755859375,310.3399963378906,3002061
2025-06-23 10:30:00-04:00,312.1050109863281,312.2099914550781,311.17999267578125,311.2900085449219,1319820
2025-06-23 11:30:00-04:00,312.4599914550781,312.6700134277344,311.9599914550781,312.1650085449219,950650
2025-06-23 12:30:00-04:00,311.3500061035156,312.57000732421875,311.00421142578125,312.4599914550781,2295614
2025-06-23 13:30:00-04:00,311.85919189453125,312.1600036621094,311.260009765625,311.3399963378906,828061
2025-06-23 14:30:00-04:00,311.44000244140625,311.8500061035156,311.1199951171875,311.8500061035156,2477316
2025-06-23 15:30:00-04:00,311.0799865722656,311.6099853515625,310.989990234375,311.42999267578125,1348260
2025-06-24 09:30:00-04:00,304.4469909667969,305.17999267578125,303.5400085449219,305.07000732421875,4855581
2025-06-24 10:30:00-04:00,305.1199951171875,305.25,303.9800109863281,304.45001220703125,1726899
2025-06-24 11:30:00-04:00,305.1099853515625,305.5799865722656,305.05010986328125,305.1499938964844,812937
2025-06-24 12:30:00-04:00,305.92999267578125,305.95001220703125,305.1099853515625,305.1700134277344,910748
2025-06-24 13:30:00-04:00,305.54998779296875,305.9800109863281,305.3999938964844,305.94000244140625,1135408
2025-06-24 14:30:00-04:00,305.760009765625,305.760009765625,305.4599914550781,305.5249938964844,777863
2025-06-24 15:30:00-04:00,306.19000244140625,306.3399963378906,305.7699890136719,305.7777099609375,1409035
2025-06-25 09:30:00-04:00,306.010009765625,306.1199951171875,305.1199951171875,305.30999755859375,1529884
2025-06-25 10:30:00-04:00,306.1199951171875,306.4200134277344,305.8900146484375,306.0201110839844,630412
2025-06-25 11:30:00-04:00,306.70001220703125,306.7200012207031,306.0799865722656,306.1099853515625,713491
2025-06-25 12:30:00-04:00,306.6700134277344,307.260009765625,306.659912109375,306.70001220703125,846785
2025-06-25 13:30:00-04:00,306.7449951171875,306.802490234375,306.2900085449219,306.69000244140625,1345652
2025-06-25 14:30:00-04:00,307.1300048828125,307.1650085449219,306.7099914550781,306.7300109863281,636369
2025-06-25 15:30:00-04:00,307.1000061035156,307.3599853515625,306.9700927734375,307.1400146484375,772507
2025-06-26 09:30:00-04:00,305.20001220703125,306.5794982910156,304.8550109863281,305.7699890136719,2029319
2025-06-26 10:30:00-04:00,305.9549865722656,306.1199951171875,305.0199890136719,305.2099914550781,1002268
2025-06-26 11:30:00-04:00,306.6549987792969,306.7749938964844,305.8500061035156,306.010009765625,717379
2025-06-26 12:30:00-04:00,307.1199951171875,307.2101135253906,306.6400146484375,306.67999267578125,714737
2025-06-26 13:30:00-04:00,306.93499755859375,307.2799987792969,306.7799987792969,307.1199951171875,596881
2025-06-26 14:30:00-04:00,306.7650146484375,307.1499938964844,306.5199890136719,306.95001220703125,572602
2025-06-26 15:30:00-04:00,306.7900085449219,306.8247985839844,306.6000061035156,306.7799987792969,780070
2025-06-27 09:30:00-04:00,301.6499938964844,301.8900146484375,299.8900146484375,300.0299987792969,4955030
2025-06-27 10:30:00-04:00,301.4049987792969,301.95001220703125,300.6400146484375,301.6700134277344,1796250
2025-06-27 11:30:00-04:00,301.9100036621094,301.95001220703125,301.2900085449219,301.4012145996094,1480244
2025-06-27 12:30:00-04:00,301.7449951171875,301.9700012207031,301.489990234375,301.9100036621094,819819
2025-06-27 13:30:00-04:00,301.5799865722656,302.3599853515625,301.42999267578125,301.7449951171875,1214555
2025-06-27 14:30:00-04:00,301.3299865722656,301.7950134277344,301.0199890136719,301.57000732421875,1241572
2025-06-27 15:30:00-04:00,301.2300109863281,301.385009765625,301.1199951171875,301.3399963378906,1151406
2025-06-30 09:30:00-04:00,302.54998779296875,302.8999938964844,301.95001220703125,302.385009765625,1581886
2025-06-30 10:30:00-04:00,302.625,302.9800109863281,302.3399963378906,302.5299987792969,1054388
2025-06-30 11:30:00-04:00,303.1300048828125,303.28338623046875,302.5299987792969,302.635009765625,665036
2025-06-30 12:30:00-04:00,303.42999267578125,303.7049865722656,303.1300048828125,303.1300048828125,683037
2025-06-30 13:30:00-04:00,303.8399963378906,303.8399963378906,303.04998779296875,303.44000244140625,1183173
2025-06-30 14:30:00-04:00,304.45001220703125,304.56500244140625,303.7149963378906,303.8399963378906,823631
2025-06-30 15:30:00-04:00,304.79998779296875,304.9200134277344,304.4200134277344,304.45001220703125,1657910
2025-07-01 09:30:00-04:00,308.739990234375,309.0,308.07000732421875,308.55499267578125,2557957
2025-07-01 10:30:00-04:00,307.70001220703125,308.82000732421875,307.5400085449219,308.739990234375,1718670
2025-07-01 11:30:00-04:00,307.5299987792969,307.9100036621094,307.3599853515625,307.70001220703125,1166676
2025-07-01 12:30:00-04:00,307.44000244140625,307.9800109863281,307.3699951171875,307.5199890136719,723836
2025-07-01 13:30:00-04:00,307.4649963378906,307.7300109863281,307.4100036621094,307.45001220703125,562618
2025-07-01 14:30:00-04:00,307.510009765625,307.67498779296875,307.364990234375,307.4700012207031,842487
2025-07-01 15:30:00-04:00,307.510009765625,307.5899963378906,307.4100036621094,307.5400085449219,1263845
2025-07-02 09:30:00-04:00,307.3599853515625,308.05999755859375,306.9599914550781,308.0350036621094,1929812
2025-07-02 10:30:00-04:00,307.7300109863281,307.8699951171875,307.2900085449219,307.3599853515625,1095863
2025-07-02 11:30:00-04:00,308.0799865722656,308.2900085449219,307.5350036621094,307.7300109863281,711371
2025-07-02 12:30:00-04:00,308.3599853515625,308.5199890136719,307.92498779296875,308.0799865722656,784559
2025-07-02 13:30:00-04:00,308.6700134277344,308.7300109863281,308.2200012207031,308.3599853515625,1113571
2025-07-02 14:30:00-04:00,309.0400085449219,309.1499938964844,308.6000061035156,308.66009521484375,1031097
2025-07-02 15:30:00-04:00,309.239990234375,309.3949890136719,308.989990234375,309.0400085449219,1246641
2025-07-03 09:30:00-04:00,306.55999755859375,307.55999755859375,306.17999267578125,307.04998779296875,2043227
2025-07-03 10:30:00-04:00,306.7099914550781,306.9200134277344,306.1499938964844,306.57000732421875,847054
2025-07-03 11:30:00-04:00,306.6556091308594,306.79998779296875,306.3999938964844,306.7200012207031,808129
2025-07-07 09:30:00-04:00,305.3299865722656,305.75,304.57000732421875,305.07000732421875,2048955
2025-07-07 10:30:00-04:00,305.7149963378906,305.94500732421875,305.32000732421875,305.32000732421875,602891
2025-07-07 11:30:00-04:00,306.25,306.4800109863281,305.7200012207031,305.7200012207031,708334
2025-07-07 12:30:00-04:00,306.9750061035156,307.1000061035156,306.1449890136719,306.2300109863281,629219
2025-07-07 13:30:00-04:00,306.7699890136719,307.2799987792969,306.6199951171875,306.9800109863281,1172543
2025-07-07 14:30:00-04:00,307.5299987792969,307.5799865722656,306.7550048828125,306.7950134277344,711784
2025-07-07 15:30:00-04:00,307.3900146484375,307.7049865722656,307.3299865722656,307.5248107910156,1187256
2025-07-08 09:30:00-04:00,304.3999938964844,306.44500732421875,304.0199890136719,306.29998779296875,3106085
2025-07-08 10:30:00-04:00,303.6300048828125,304.3900146484375,302.7699890136719,304.3900146484375,2605690
2025-07-08 11:30:00-04:00,303.9700012207031,304.0906982421875,303.4700012207031,303.6499938964844,1114855
2025-07-08 12:30:00-04:00,304.697509765625,304.9200134277344,303.6000061035156,303.8999938964844,1036256
2025-07-08 13:30:00-04:00,304.1199951171875,304.7900085449219,304.0249938964844,304.7200012207031,969893
2025-07-08 14:30:00-04:00,304.2650146484375,304.5899963378906,304.0299987792969,304.125,798688
2025-07-08 15:30:00-04:00,304.20098876953125,304.5,304.1499938964844,304.2650146484375,1509928
2025-07-09 09:30:00-04:00,304.6700134277344,304.7900085449219,303.2300109863281,303.5799865722656,2313486
2025-07-09 10:30:00-04:00,304.760009765625,305.1700134277344,304.6000061035156,304.6300048828125,1128879
2025-07-09 11:30:00-04:00,305.0299987792969,305.0799865722656,304.54998779296875,304.739990234375,790981
2025-07-09 12:30:00-04:00,305.1300048828125,305.3399963378906,304.8699951171875,305.0799865722656,1333548
2025-07-09 13:30:00-04:00,305.05499267578125,305.260009765625,304.7099914550781,305.1300048828125,1539573
2025-07-09 14:30:00-04:00,305.30999755859375,305.5400085449219,304.9237976074219,305.05999755859375,2068147
2025-07-09 15:30:00-04:00,305.45001220703125,305.5199890136719,305.239990234375,305.29998779296875,1061307
2025-07-10 09:30:00-04:00,305.1499938964844,306.510009765625,304.82000732421875,306.1099853515625,2083927
2025-07-10 10:30:00-04:00,305.7974853515625,305.889892578125,305.0799865722656,305.1400146484375,791547
2025-07-10 11:30:00-04:00,305.385009765625,305.8399963378906,305.385009765625,305.79998779296875,733755
2025-07-10 12:30:00-04:00,305.42999267578125,305.6000061035156,305.0,305.3699951171875,957356
2025-07-10 13:30:00-04:00,305.5541076660156,305.6449890136719,305.3974914550781,305.44000244140625,607754
2025-07-10 14:30:00-04:00,306.1400146484375,306.2900085449219,305.4200134277344,305.55499267578125,802116
2025-07-10 15:30:00-04:00,306.2099914550781,306.2650146484375,306.0141906738281,306.1300048828125,731999
2025-07-11 09:30:00-04:00,309.0400085449219,309.42999267578125,308.5700988769531,308.8550109863281,2114526
2025-07-11 10:30:00-04:00,310.0400085449219,310.2799987792969,309.03009033203125,309.0400085449219,1766750
2025-07-11 11:30:00-04:00,309.07501220703125,310.07000732421875,308.8800048828125,310.0513916015625,1394655
2025-07-11 12:30:00-04:00,308.55999755859375,309.1709899902344,308.5199890136719,309.05999755859375,847865
2025-07-11 13:30:00-04:00,309.1099853515625,309.30999755859375,308.5152893066406,308.55999755859375,639884
2025-07-11 14:30:00-04:00,309.3800048828125,309.46038818359375,309.0799865722656,309.1199951171875,846391
2025-07-11 15:30:00-04:00,309.1549987792969,309.4849853515625,309.1099853515625,309.3599853515625,1055670
2025-07-14 09:30:00-04:00,308.7300109863281,309.3800048828125,308.0899963378906,309.07000732421875,1601776
2025-07-14 10:30:00-04:00,308.2950134277344,308.75,307.739990234375,308.75,871102
2025-07-14 11:30:00-04:00,308.4200134277344,308.5199890136719,307.92498779296875,308.29998779296875,784723
2025-07-14 12:30:00-04:00,308.6199951171875,308.67999267578125,308.2300109863281,308.4200134277344,410948
2025-07-14 13:30:00-04:00,308.4800109863281,308.7349853515625,308.375,308.6199951171875,607806
2025-07-14 14:30:00-04:00,308.3900146484375,308.6549987792969,308.3699951171875,308.4800109863281,498007
2025-07-14 15:30:00-04:00,308.010009765625,308.4150085449219,307.92999267578125,308.3900146484375,828959
2025-07-15 09:30:00-04:00,308.2799987792969,308.4700927734375,307.1199951171875,307.7300109863281,1584984
2025-07-15 10:30:00-04:00,307.1099853515625,308.739990234375,306.92999267578125,308.260009765625,1102367
2025-07-15 11:30:00-04:00,306.30999755859375,307.0799865722656,305.7900085449219,307.07000732421875,1794215
2025-07-15 12:30:00-04:00,306.6499938964844,306.8399963378906,306.1700134277344,306.29998779296875,635058
2025-07-15 13:30:00-04:00,306.3900146484375,306.760009765625,306.3399963378906,306.6499938964844,884336
2025-07-15 14:30:00-04:00,306.43499755859375,306.9100036621094,306.3999938964844,306.4100036621094,1225209
2025-07-15 15:30:00-04:00,306.7699890136719,306.8550109863281,306.42999267578125,306.44000244140625,696930
2025-07-16 09:30:00-04:00,306.26348876953125,307.114990234375,305.94000244140625,307.1099853515625,1877483
2025-07-16 10:30:00-04:00,309.7850036621094,310.55999755859375,305.7300109863281,306.2699890136719,5383075
2025-07-16 11:30:00-04:00,308.75,311.0899963378906,307.2699890136719,309.80999755859375,6376203
2025-07-16 12:30:00-04:00,308.7200012207031,309.010009765625,308.4100036621094,308.760009765625,1248993
2025-07-16 13:30:00-04:00,308.8800048828125,309.260009765625,308.6000061035156,308.7200012207031,772235
2025-07-16 14:30:00-04:00,308.32000732421875,308.9700012207031,308.2200012207031,308.8900146484375,907606
2025-07-16 15:30:00-04:00,308.260009765625,308.3900146484375,308.1700134277344,308.3299865722656,884883
2025-07-17 09:30:00-04:00,306.635009765625,306.6549987792969,305.1199951171875,305.5,2449161
2025-07-17 10:30:00-04:00,307.2900085449219,307.3900146484375,306.6000061035156,306.6700134277344,1328151
2025-07-17 11:30:00-04:00,307.4700012207031,307.4800109863281,307.1400146484375,307.260009765625,611510
2025-07-17 12:30:00-04:00,307.55999755859375,307.6650085449219,307.239990234375,307.4601135253906,395471
2025-07-17 13:30:00-04:00,307.2900085449219,307.6499938964844,307.1700134277344,307.6199951171875,528452
2025-07-17 14:30:00-04:00,307.53009033203125,307.59991455078125,307.2799987792969,307.2799987792969,321389
2025-07-17 15:30:00-04:00,307.57000732421875,307.6499938964844,307.4175109863281,307.5491027832031,757368
2025-07-18 09:30:00-04:00,308.9100036621094,309.3699951171875,308.6400146484375,309.239990234375,1468119
2025-07-18 10:30:00-04:00,308.875,309.17999267578125,308.75,308.8999938964844,879806
2025-07-18 11:30:00-04:00,308.8550109863281,309.1000061035156,308.6199951171875,308.8699951171875,700090
2025-07-18 12:30:00-04:00,308.69000244140625,309.21990966796875,308.5799865722656,308.8399963378906,819926
2025-07-18 13:30:00-04:00,308.70001220703125,308.8299865722656,308.5400085449219,308.70001220703125,450425
2025-07-18 14:30:00-04:00,308.6099853515625,308.79998779296875,308.5899963378906,308.69000244140625,516375
2025-07-18 15:30:00-04:00,308.3900146484375,308.6099853515625,308.32000732421875,308.6099853515625,602928
2025-07-21 09:30:00-04:00,312.9100036621094,312.9800109863281,311.6099853515625,311.8800048828125,2627881
2025-07-21 10:30:00-04:00,313.1499938964844,313.30999755859375,312.71148681640625,312.92999267578125,2110809
2025-07-21 11:30:00-04:00,312.885009765625,313.2130126953125,312.79998779296875,313.1600036621094,986085
2025-07-21 12:30:00-04:00,312.440185546875,313.04998779296875,312.3500061035156,312.8869934082031,661955
2025-07-21 13:30:00-04:00,312.6600036621094,312.7200012207031,312.3900146484375,312.4306945800781,437329
2025-07-21 14:30:00-04:00,313.0098876953125,313.0899963378906,312.510009765625,312.65069580078125,881102
2025-07-21 15:30:00-04:00,313.07000732421875,313.1400146484375,312.8811950683594,313.0,2783443
2025-07-22 09:30:00-04:00,315.1600036621094,315.29998779296875,313.6199951171875,314.4800109863281,3299623
2025-07-22 10:30:00-04:00,315.489990234375,315.9700012207031,315.1400146484375,315.1499938964844,2307861
2025-07-22 11:30:00-04:00,315.6499938964844,315.9599914550781,315.32000732421875,315.4800109863281,1185941
2025-07-22 12:30:00-04:00,315.79998779296875,316.239990234375,315.6000061035156,315.6600036621094,1206102
2025-07-22 13:30:00-04:00,315.8900146484375,316.0050048828125,315.6449890136719,315.79010009765625,2630403
2025-07-22 14:30:00-04:00,316.07000732421875,316.1000061035156,315.7699890136719,315.8900146484375,1033604
2025-07-22 15:30:00-04:00,316.05499267578125,316.1700134277344,316.0,316.0799865722656,1620333
2025-07-23 09:30:00-04:00,314.239990234375,314.9599914550781,313.6600036621094,313.9700012207031,1828894
2025-07-23 10:30:00-04:00,314.25,314.6650085449219,314.07000732421875,314.239990234375,923755
2025-07-23 11:30:00-04:00,311.6199951171875,314.3599853515625,311.42999267578125,314.2799987792969,3070885
2025-07-23 12:30:00-04:00,312.07000732421875,312.2699890136719,311.4200134277344,311.6199951171875,985295
2025-07-23 13:30:00-04:00,312.5849914550781,312.760009765625,311.80999755859375,312.0899963378906,1240770
2025-07-23 14:30:00-04:00,312.3389892578125,312.7699890136719,312.28009033203125,312.57501220703125,790483
2025-07-23 15:30:00-04:00,312.2099914550781,312.3999938964844,312.07000732421875,312.30999755859375,815370
2025-07-24 09:30:00-04:00,310.5899963378906,310.715087890625,309.05999755859375,309.2900085449219,2389613
2025-07-24 10:30:00-04:00,310.739990234375,310.989990234375,310.3450012207031,310.6000061035156,1252723
2025-07-24 11:30:00-04:00,310.32000732421875,310.80999755859375,310.2799987792969,310.75,621642
2025-07-24 12:30:00-04:00,310.45001220703125,310.4700012207031,309.9599914550781,310.30999755859375,774022
2025-07-24 13:30:00-04:00,310.260009765625,310.4599914550781,310.0799865722656,310.42999267578125,686878
2025-07-24 14:30:00-04:00,310.4949951171875,310.6099853515625,310.2550048828125,310.260009765625,762441
2025-07-24 15:30:00-04:00,310.30999755859375,310.5400085449219,310.2799987792969,310.5,952266
2025-07-25 09:30:00-04:00,307.3999938964844,308.30999755859375,307.0400085449219,307.9750061035156,2343865
2025-07-25 10:30:00-04:00,306.69500732421875,307.4700012207031,306.5,307.3999938964844,2203685
2025-07-25 11:30:00-04:00,306.57501220703125,306.8800048828125,306.20001220703125,306.69000244140625,1356993
2025-07-25 12:30:00-04:00,307.05999755859375,307.1300048828125,306.32501220703125,306.5799865722656,702709
2025-07-25 13:30:00-04:00,307.45001220703125,307.5299987792969,307.0050048828125,307.07000732421875,832142
2025-07-25 14:30:00-04:00,307.5588073730469,307.6199951171875,307.4100036621094,307.45001220703125,657874
2025-07-25 15:30:00-04:00,307.3999938964844,307.6000061035156,307.32501220703125,307.55999755859375,887047
2025-07-28 09:30:00-04:00,304.9801940917969,306.5799865722656,304.04998779296875,306.44000244140625,3169778
2025-07-28 10:30:00-04:00,305.1600036621094,305.2900085449219,304.4490051269531,304.9800109863281,1139948
2025-07-28 11:30:00-04:00,305.17999267578125,305.4949951171875,304.9700012207031,305.1875,703741
2025-07-28 12:30:00-04:00,304.8599853515625,305.2900085449219,304.7167053222656,305.17999267578125,521673
2025-07-28 13:30:00-04:00,305.1700134277344,305.1700134277344,304.7799987792969,304.8900146484375,487115
2025-07-28 14:30:00-04:00,305.2300109863281,305.42498779296875,305.110107421875,305.1600036621094,1420031
2025-07-28 15:30:00-04:00,305.4700012207031,305.6549987792969,305.2200012207031,305.2200012207031,1441968
2025-07-29 09:30:00-04:00,306.1665954589844,306.19000244140625,304.9849853515625,305.79998779296875,1438278
2025-07-29 10:30:00-04:00,306.239990234375,307.0299987792969,306.010009765625,306.1300048828125,1055692
2025-07-29 11:30:00-04:00,305.94000244140625,306.3599853515625,305.6499938964844,306.2699890136719,879306
2025-07-29 12:30:00-04:00,306.3299865722656,306.4849853515625,305.80999755859375,305.9599914550781,483878
2025-07-29 13:30:00-04:00,306.65960693359375,306.739990234375,306.2318115234375,306.3399963378906,459290
2025-07-29 14:30:00-04:00,306.4200134277344,306.7349853515625,306.2149963378906,306.6549987792969,502287
2025-07-29 15:30:00-04:00,306.19500732421875,306.4100036621094,305.9599914550781,306.4049987792969,686435
2025-07-30 09:30:00-04:00,304.05999755859375,304.6499938964844,303.739990234375,304.4200134277344,2222955
2025-07-30 10:30:00-04:00,303.2200012207031,304.4750061035156,303.0199890136719,304.07000732421875,1614619
2025-07-30 11:30:00-04:00,303.4700012207031,303.67999267578125,302.8299865722656,303.2200012207031,1499535
2025-07-30 12:30:00-04:00,303.7900085449219,303.9200134277344,303.3299865722656,303.4599914550781,932739
2025-07-30 13:30:00-04:00,303.69000244140625,304.3494873046875,303.6199951171875,303.8251037597656,1311479
2025-07-30 14:30:00-04:00,301.4100036621094,303.8299865722656,301.30999755859375,303.7099914550781,3153888
2025-07-30 15:30:00-04:00,301.0299987792969,301.6700134277344,300.9549865722656,301.4100036621094,2035242
2025-07-31 09:30:00-04:00,303.4849853515625,304.6099853515625,303.4100036621094,304.5899963378906,2910472
2025-07-31 10:30:00-04:00,303.4100036621094,303.739990234375,303.010009765625,303.489990234375,1415493
2025-07-31 11:30:00-04:00,303.1199951171875,303.6400146484375,302.8599853515625,303.3999938964844,1167778
2025-07-31 12:30:00-04:00,303.4700012207031,303.6600036621094,303.0299987792969,303.1400146484375,580879
2025-07-31 13:30:00-04:00,303.5,303.54998779296875,303.1499938964844,303.4599914550781,643087
2025-07-31 14:30:00-04:00,303.010009765625,303.510009765625,302.94500732421875,303.5,763608
2025-07-31 15:30:00-04:00,302.9599914550781,303.32501220703125,302.9100036621094,303.0,1017217
2025-08-01 09:30:00-04:00,308.1199951171875,308.95001220703125,307.45001220703125,308.6099853515625,3921554
2025-08-01 10:30:00-04:00,308.4599914550781,308.5899963378906,307.69000244140625,308.114990234375,2345216
2025-08-01 11:30:00-04:00,307.6824951171875,308.625,307.6199951171875,308.4599914550781,1057601
2025-08-01 12:30:00-04:00,308.260009765625,308.4599914550781,307.6199951171875,307.70001220703125,983909
2025-08-01 13:30:00-04:00,308.45001220703125,308.5,308.1199951171875,308.2792053222656,700822
2025-08-01 14:30:00-04:00,308.6199951171875,308.6400146484375,308.2799987792969,308.45001220703125,621728
2025-08-01 15:30:00-04:00,309.1700134277344,309.54998779296875,308.6000061035156,308.6099853515625,2534258
2025-08-04 09:30:00-04:00,311.0199890136719,311.739990234375,310.6099853515625,310.79998779296875,2132628
2025-08-04 10:30:00-04:00,310.5400085449219,311.239990234375,310.44000244140625,311.0199890136719,998152
2025-08-04 11:30:00-04:00,310.67999267578125,311.07000732421875,310.3699951171875,310.5,842542
2025-08-04 12:30:00-04:00,310.55999755859375,310.6700134277344,310.3699951171875,310.6700134277344,476474
2025-08-04 13:30:00-04:00,310.8800048828125,310.95001220703125,310.489990234375,310.55999755859375,477857
2025-08-04 14:30:00-04:00,310.92010498046875,310.9700012207031,310.7900085449219,310.8800048828125,716620
2025-08-04 15:30:00-04:00,310.889892578125,310.9849853515625,310.7200012207031,310.92999267578125,1497958
2025-08-05 09:30:00-04:00,311.260009765625,311.4700012207031,310.2200012207031,310.3699951171875,1741378
2025-08-05 10:30:00-04:00,311.69830322265625,312.0199890136719,311.1400146484375,311.260009765625,1577739
2025-08-05 11:30:00-04:00,311.4800109863281,312.239990234375,311.3999938964844,311.70001220703125,1015705
2025-08-05 12:30:00-04:00,311.239990234375,311.5299987792969,310.9599914550781,311.489990234375,765228
2025-08-05 13:30:00-04:00,311.23724365234375,311.510009765625,311.1199951171875,311.260009765625,402098
2025-08-05 14:30:00-04:00,311.2300109863281,311.3800048828125,311.0950012207031,311.2300109863281,614896
2025-08-05 15:30:00-04:00,311.1400146484375,311.3599853515625,311.1199951171875,311.2300109863281,682842
2025-08-06 09:30:00-04:00,310.8699951171875,310.9100036621094,309.8399963378906,310.32000732421875,1663159
2025-08-06 10:30:00-04:00,310.8999938964844,311.239990234375,310.7300109863281,310.8699951171875,954585
2025-08-06 11:30:00-04:00,310.739990234375,311.1700134277344,310.32000732421875,310.92999267578125,884216
2025-08-06 12:30:00-04:00,310.54998779296875,311.0,310.3999938964844,310.7394104003906,1078786
2025-08-06 13:30:00-04:00,310.2900085449219,310.9200134277344,310.2200012207031,310.55499267578125,901104
2025-08-06 14:30:00-04:00,310.4800109863281,310.7149963378906,310.2799987792969,310.2799987792969,843411
2025-08-06 15:30:00-04:00,310.5,310.5899963378906,310.36090087890625,310.4700012207031,769157
2025-08-07 09:30:00-04:00,311.4049987792969,312.489990234375,310.70001220703125,311.7200012207031,3881914
2025-08-07 10:30:00-04:00,311.739990234375,312.1499938964844,311.2950134277344,311.3999938964844,1148173
2025-08-07 11:30:00-04:00,312.07501220703125,312.3349914550781,311.6700134277344,311.7784118652344,603492
2025-08-07 12:30:00-04:00,312.0,312.125,311.54998779296875,312.090087890625,638183
2025-08-07 13:30:00-04:00,312.0400085449219,312.489990234375,311.92999267578125,312.0,708914
2025-08-07 14:30:00-04:00,312.0950012207031,312.2099914550781,311.8699951171875,312.0400085449219,891247
2025-08-07 15:30:00-04:00,313.05499267578125,313.135009765625,312.1000061035156,312.1000061035156,2409291
2025-08-08 09:30:00-04:00,311.5199890136719,313.260009765625,311.5,312.3500061035156,4488329
2025-08-08 10:30:00-04:00,312.4599914550781,312.6199951171875,311.3500061035156,311.5,1440866
2025-08-08 11:30:00-04:00,312.9100036621094,312.9750061035156,312.2300109863281,312.4599914550781,1352602
2025-08-08 12:30:00-04:00,312.9549865722656,313.1700134277344,312.6499938964844,312.9200134277344,771867
2025-08-08 13:30:00-04:00,312.5199890136719,313.5299987792969,311.0,312.9700012207031,6989443
2025-08-08 14:30:00-04:00,312.55999755859375,313.1700134277344,312.25,312.54998779296875,2640523
2025-08-08 15:30:00-04:00,313.0,313.0799865722656,312.3500061035156,312.54998779296875,1888489
2025-08-11 09:30:00-04:00,308.6499938964844,309.6600036621094,308.45001220703125,308.6199951171875,2706459
2025-08-11 10:30:00-04:00,308.4599914550781,308.70001220703125,307.67999267578125,308.6400146484375,1133227
2025-08-11 11:30:00-04:00,308.1592102050781,308.70001220703125,308.0299987792969,308.4700012207031,924062
2025-08-11 12:30:00-04:00,308.0299987792969,308.2099914550781,307.7300109863281,308.1700134277344,666388
2025-08-11 13:30:00-04:00,308.9800109863281,309.30999755859375,307.6300048828125,308.04998779296875,2902965
2025-08-11 14:30:00-04:00,308.739990234375,309.1361999511719,308.6449890136719,308.989990234375,648968
2025-08-11 15:30:00-04:00,308.5950012207031,308.8800048828125,308.489990234375,308.7300109863281,844919
2025-08-12 09:30:00-04:00,307.1000061035156,309.1000061035156,306.7099914550781,308.2200012207031,3749745
2025-08-12 10:30:00-04:00,308.8900146484375,309.30499267578125,306.82989501953125,307.0899963378906,1558905
2025-08-12 11:30:00-04:00,308.3699951171875,309.2200012207031,308.07501220703125,308.92999267578125,1346066
2025-08-12 12:30:00-04:00,308.2799987792969,308.57989501953125,308.19000244140625,308.4049987792969,905519
2025-08-12 13:30:00-04:00,308.3699951171875,308.5299987792969,308.1199951171875,308.2699890136719,483509
2025-08-12 14:30:00-04:00,308.2950134277344,308.45001220703125,308.05999755859375,308.36920166015625,758224
2025-08-12 15:30:00-04:00,308.239990234375,308.3900146484375,308.1499938964844,308.2900085449219,625437
2025-08-13 09:30:00-04:00,309.8399963378906,310.3900146484375,309.04998779296875,309.1000061035156,1748891
2025-08-13 10:30:00-04:00,308.9849853515625,309.9599914550781,308.9800109863281,309.8323974609375,340222
2025-08-13 11:30:00-04:00,309.3399963378906,309.42498779296875,308.8612060546875,308.9700012207031,607093
2025-08-13 12:30:00-04:00,309.1700134277344,309.45001220703125,309.1000061035156,309.33489990234375,383227
2025-08-13 13:30:00-04:00,308.5400085449219,309.2099914550781,308.45001220703125,309.1600036621094,389605
2025-08-13 14:30:00-04:00,308.9800109863281,309.0899963378906,308.5400085449219,308.5400085449219,279711
2025-08-13 15:30:00-04:00,309.1700134277344,309.2900085449219,308.8800048828125,308.9800109863281,688239
2025-08-14 09:30:00-04:00,307.8800048828125,308.3399963378906,306.94000244140625,307.8999938964844,1523255
2025-08-14 10:30:00-04:00,307.3999938964844,308.0450134277344,307.0299987792969,307.9200134277344,538990
2025-08-14 11:30:00-04:00,306.7650146484375,307.7099914550781,306.5199890136719,307.4200134277344,1160934
2025-08-14 12:30:00-04:00,307.1499938964844,307.30999755859375,306.5899963378906,306.70001220703125,602899
2025-08-14 13:30:00-04:00,307.1499938964844,307.32000732421875,307.0400085449219,307.1499938964844,327043
2025-08-14 14:30:00-04:00,307.489990234375,307.55999755859375,307.1199951171875,307.1499938964844,555138
2025-08-14 15:30:00-04:00,307.239990234375,307.5400085449219,307.239990234375,307.5,845843
2025-08-15 09:30:00-04:00,307.369384765625,307.7799987792969,306.8699951171875,307.4800109863281,1643940
2025-08-15 10:30:00-04:00,307.8346862792969,307.9599914550781,307.3699951171875,307.3800048828125,833252
2025-08-15 11:30:00-04:00,307.4049987792969,308.0,307.2699890136719,307.8500061035156,710445
2025-08-15 12:30:00-04:00,307.19000244140625,307.4798889160156,307.0950012207031,307.4198913574219,303494
2025-08-15 13:30:00-04:00,307.2550048828125,307.3699035644531,307.0299987792969,307.2099914550781,684025
2025-08-15 14:30:00-04:00,307.2900085449219,307.32000732421875,307.0199890136719,307.260009765625,489231
2025-08-15 15:30:00-04:00,307.4599914550781,307.5150146484375,307.2200012207031,307.29998779296875,1137217
2025-08-18 09:30:00-04:00,307.1099853515625,307.889892578125,306.79998779296875,307.7900085449219,1826821
2025-08-18 10:30:00-04:00,307.04998779296875,307.3900146484375,306.79998779296875,307.1000061035156,955819
2025-08-18 11:30:00-04:00,306.82000732421875,307.2200012207031,306.75,307.0386962890625,622974
2025-08-18 12:30:00-04:00,306.82000732421875,307.0299987792969,306.75,306.8399963378906,449245
2025-08-18 13:30:00-04:00,306.8399963378906,307.05499267578125,306.7799987792969,306.82000732421875,286279
2025-08-18 14:30:00-04:00,306.760009765625,306.8999938964844,306.625,306.8599853515625,280226
2025-08-18 15:30:00-04:00,306.9200134277344,307.0,306.7149963378906,306.7650146484375,1065253
2025-08-19 09:30:00-04:00,307.1000061035156,307.4787902832031,306.7200012207031,306.760009765625,828324
2025-08-19 10:30:00-04:00,306.0899963378906,307.19000244140625,305.7449951171875,307.1099853515625,832592
2025-08-19 11:30:00-04:00,305.5987854003906,306.25,305.54998779296875,306.07000732421875,468435
2025-08-19 12:30:00-04:00,305.25,305.7300109863281,305.19000244140625,305.6029968261719,653828
2025-08-19 13:30:00-04:00,305.56500244140625,305.6700134277344,305.2349853515625,305.25,308277
2025-08-19 14:30:00-04:00,305.3546142578125,305.67999267578125,305.32000732421875,305.57000732421875,821406
2025-08-19 15:30:00-04:00,305.2900085449219,305.3999938964844,305.2250061035156,305.3550109863281,925234
2025-08-20 09:30:00-04:00,307.92999267578125,308.260009765625,307.510009765625,307.5400085449219,2249973
2025-08-20 10:30:00-04:00,307.6400146484375,308.4700012207031,307.44000244140625,307.95001220703125,1166349
2025-08-20 11:30:00-04:00,307.84979248046875,308.0299987792969,307.3999938964844,307.6297912597656,354941
2025-08-20 12:30:00-04:00,308.05999755859375,308.1199951171875,307.8598937988281,307.8599853515625,532873
2025-08-20 13:30:00-04:00,307.9237976074219,308.260009765625,307.8999938964844,308.06500244140625,471960
2025-08-20 14:30:00-04:00,308.3276062011719,308.3900146484375,307.9200134277344,307.92120361328125,501417
2025-08-20 15:30:00-04:00,308.3500061035156,308.3900146484375,308.2099914550781,308.32501220703125,1019675
2025-08-21 09:30:00-04:00,307.8599853515625,308.1199951171875,307.0314025878906,307.8599853515625,1455190
2025-08-21 10:30:00-04:00,307.69000244140625,308.1499938964844,307.1700134277344,307.8699951171875,1061045
2025-08-21 11:30:00-04:00,307.489990234375,308.0,307.4200134277344,307.70001220703125,436271
2025-08-21 12:30:00-04:00,307.2699890136719,307.6099853515625,307.2149963378906,307.5126037597656,303341
2025-08-21 13:30:00-04:00,307.25048828125,307.42999267578125,307.0849914550781,307.2699890136719,526914
2025-08-21 14:30:00-04:00,307.55499267578125,307.5799865722656,307.2349853515625,307.2550048828125,410704
2025-08-21 15:30:00-04:00,307.29998779296875,307.5899963378906,307.2250061035156,307.55499267578125,490789
2025-08-22 09:30:00-04:00,309.8399963378906,310.010009765625,306.42999267578125,306.5199890136719,2319846
2025-08-22 10:30:00-04:00,310.8599853515625,310.9800109863281,309.8500061035156,309.8500061035156,2200995
2025-08-22 11:30:00-04:00,310.1000061035156,311.0249938964844,309.9849853515625,310.8599853515625,986084
2025-08-22 12:30:00-04:00,310.6199951171875,310.6199951171875,310.1199951171875,310.1199951171875,277830
2025-08-22 13:30:00-04:00,310.4800109863281,310.75,310.3399963378906,310.6199951171875,520074
2025-08-22 14:30:00-04:00,310.239990234375,310.625,310.1300048828125,310.4800109863281,561875
2025-08-22 15:30:00-04:00,310.55499267578125,310.6080017089844,310.1499938964844,310.2300109863281,1151493
2025-08-25 09:30:00-04:00,310.3500061035156,310.6600036621094,309.6700134277344,309.80999755859375,980907
2025-08-25 10:30:00-04:00,310.6400146484375,310.8399963378906,310.3810119628906,310.3900146484375,512693
2025-08-25 11:30:00-04:00,310.5649108886719,310.69000244140625,310.42999267578125,310.6499938964844,359767
2025-08-25 12:30:00-04:00,310.5249938964844,310.7349853515625,310.4100036621094,310.5451965332031,275500
2025-08-25 13:30:00-04:00,310.5150146484375,310.57000732421875,310.30999755859375,310.5299072265625,382886
2025-08-25 14:30:00-04:00,310.125,310.5299987792969,310.0899963378906,310.489990234375,449365
2025-08-25 15:30:00-04:00,309.83160400390625,310.20001220703125,309.81500244140625,310.1300048828125,708327
2025-08-26 09:30:00-04:00,310.6600036621094,311.0299987792969,310.30499267578125,310.6199951171875,1093993
2025-08-26 10:30:00-04:00,311.3699951171875,311.5400085449219,310.6449890136719,310.6700134277344,1408534
2025-08-26 11:30:00-04:00,311.6195068359375,312.04998779296875,311.3500061035156,311.3699951171875,1510926
2025-08-26 12:30:00-04:00,311.5400085449219,311.739990234375,311.42999267578125,311.6099853515625,537617
2025-08-26 13:30:00-04:00,311.4599914550781,311.5799865722656,311.2300109863281,311.54998779296875,1320713
2025-08-26 14:30:00-04:00,311.9700012207031,312.0400085449219,311.4649963378906,311.4649963378906,1113740
2025-08-26 15:30:00-04:00,312.07000732421875,312.2099914550781,311.9100036621094,311.9800109863281,1190064
2025-08-27 09:30:00-04:00,311.4800109863281,311.5050048828125,310.7699890136719,311.3900146484375,813645
2025-08-27 10:30:00-04:00,311.9100036621094,312.1499938964844,311.27099609375,311.4551086425781,594878
2025-08-27 11:30:00-04:00,312.2196960449219,312.2196960449219,311.7650146484375,311.9200134277344,483833
2025-08-27 12:30:00-04:00,312.7300109863281,312.9100036621094,312.1199951171875,312.2080993652344,714544
2025-08-27 13:30:00-04:00,312.6099853515625,312.7655029296875,312.3299865722656,312.739990234375,426117
2025-08-27 14:30:00-04:00,312.625,312.7049865722656,312.45001220703125,312.6099853515625,394486
2025-08-27 15:30:00-04:00,312.7099914550781,312.7149963378906,312.4800109863281,312.6300048828125,637595
2025-08-28 09:30:00-04:00,313.9410095214844,314.04998779296875,313.07000732421875,313.32000732421875,1557706
2025-08-28 10:30:00-04:00,313.5,314.1499938964844,313.4200134277344,313.9100036621094,1027077
2025-08-28 11:30:00-04:00,314.3399963378906,314.3599853515625,313.3399963378906,313.4992980957031,694628
2025-08-28 12:30:00-04:00,314.30999755859375,314.55999755859375,314.239990234375,314.3500061035156,930790
2025-08-28 13:30:00-04:00,314.6000061035156,314.6499938964844,314.30999755859375,314.32000732421875,742605
2025-08-28 14:30:00-04:00,314.7300109863281,314.82000732421875,314.5299987792969,314.59991455078125,1465757
2025-08-28 15:30:00-04:00,314.9599914550781,315.0799865722656,314.5899963378906,314.7300109863281,1996717
2025-08-29 09:30:00-04:00,316.36700439453125,316.489990234375,314.7101135253906,314.7510070800781,3006657
2025-08-29 10:30:00-04:00,317.19000244140625,317.3399963378906,316.1499938964844,316.3800048828125,3223453
2025-08-29 11:30:00-04:00,317.239990234375,317.5199890136719,316.939208984375,317.20001220703125,1678659
2025-08-29 12:30:00-04:00,317.4700012207031,317.67999267578125,317.2300109863281,317.25,1286186
2025-08-29 13:30:00-04:00,317.19000244140625,317.5,316.7900085449219,317.4800109863281,1224690
2025-08-29 14:30:00-04:00,317.1300048828125,317.2699890136719,316.9100036621094,317.19000244140625,1218461
2025-08-29 15:30:00-04:00,318.04998779296875,318.0899963378906,317.1000061035156,317.1400146484375,3436830
2025-09-02 09:30:00-04:00,322.45001220703125,322.7027893066406,320.239990234375,320.82000732421875,7042326
2025-09-02 10:30:00-04:00,323.4150085449219,323.7699890136719,321.82000732421875,322.4700012207031,3387803
2025-09-02 11:30:00-04:00,324.510009765625,324.6600036621094,323.29998779296875,323.42999267578125,2278625
2025-09-02 12:30:00-04:00,324.80999755859375,324.8800048828125,324.2049865722656,324.5199890136719,1503691
2025-09-02 13:30:00-04:00,324.9945983886719,325.05999755859375,324.489990234375,324.80499267578125,1775895
2025-09-02 14:30:00-04:00,325.6099853515625,325.75,324.55999755859375,324.989990234375,2146028
2025-09-02 15:30:00-04:00,325.6300048828125,325.9200134277344,325.2699890136719,325.6072082519531,2639269
2025-09-03 09:30:00-04:00,328.05999755859375,328.2900085449219,326.7301025390625,327.760009765625,3925648
2025-09-03 10:30:00-04:00,328.16070556640625,328.2149963378906,327.2112121582031,328.07501220703125,1927823
2025-09-03 11:30:00-04:00,328.45001220703125,328.4700012207031,327.8399963378906,328.1719970703125,1511805
2025-09-03 12:30:00-04:00,328.8299865722656,328.92999267578125,328.3800048828125,328.45001220703125,1572453
2025-09-03 13:30:00-04:00,329.1007995605469,329.45001220703125,328.82000732421875,328.82000732421875,2358079
2025-09-03 14:30:00-04:00,328.1000061035156,329.1000061035156,327.8699951171875,329.1000061035156,2530166
2025-09-03 15:30:00-04:00,328.0799865722656,328.2799987792969,327.8399963378906,328.0899963378906,1769297
2025-09-04 09:30:00-04:00,325.92999267578125,327.55999755859375,325.3599853515625,327.0299987792969,3915939
2025-09-04 10:30:00-04:00,326.1600036621094,326.6300048828125,325.7900085449219,325.9176025390625,1814438
2025-09-04 11:30:00-04:00,327.010009765625,327.32000732421875,326.1690979003906,326.1690979003906,1218967
2025-09-04 12:30:00-04:00,326.67999267578125,327.2250061035156,326.489990234375,327.0199890136719,934958
2025-09-04 13:30:00-04:00,326.32000732421875,326.68499755859375,326.0249938964844,326.64068603515625,1268568
2025-09-04 14:30:00-04:00,326.6650085449219,326.760009765625,326.25,326.32989501953125,1147881
2025-09-04 15:30:00-04:00,326.7049865722656,326.8399963378906,326.6099853515625,326.6700134277344,1055951
2025-09-05 09:30:00-04:00,329.42999267578125,331.239990234375,329.0799865722656,329.5299987792969,4942443
2025-09-05 10:30:00-04:00,330.3999938964844,330.70001220703125,328.92999267578125,329.45001220703125,2672609
2025-09-05 11:30:00-04:00,331.3699951171875,331.4100036621094,330.3699951171875,330.4100036621094,2038044
2025-09-05 12:30:00-04:00,331.05999755859375,331.44000244140625,330.5299987792969,331.3800048828125,1498053
2025-09-05 13:30:00-04:00,330.9150085449219,331.18499755859375,330.70001220703125,331.04998779296875,1304957
2025-09-05 14:30:00-04:00,330.8100891113281,331.0899963378906,330.7300109863281,330.8999938964844,1319284
2025-09-05 15:30:00-04:00,330.9100036621094,331.0799865722656,330.7300109863281,330.80999755859375,1805905
2025-09-08 09:30:00-04:00,334.1700134277344,334.8500061035156,333.2300109863281,333.6600036621094,4747198
2025-09-08 10:30:00-04:00,334.7449951171875,335.6700134277344,334.05999755859375,334.1600036621094,3596518
2025-09-08 11:30:00-04:00,335.17999267578125,335.25,334.4381103515625,334.760009765625,2147663
2025-09-08 12:30:00-04:00,334.7300109863281,335.2200012207031,334.4800109863281,335.1918029785156,1562414
2025-09-08 13:30:00-04:00,334.46990966796875,334.7900085449219,334.260009765625,334.7300109863281,1451762
2025-09-08 14:30:00-04:00,334.44000244140625,334.760009765625,334.3699951171875,334.4700012207031,2105756
2025-09-08 15:30:00-04:00,334.7699890136719,334.8699951171875,334.3699951171875,334.44000244140625,2294646
2025-09-09 09:30:00-04:00,336.2550048828125,338.30999755859375,335.2250061035156,336.9728088378906,8495916
2025-09-09 10:30:00-04:00,335.1099853515625,336.3999938964844,333.8500061035156,336.2524108886719,4130277
2025-09-09 11:30:00-04:00,335.6300048828125,335.95001220703125,334.7250061035156,335.1300048828125,2836553
2025-09-09 12:30:00-04:00,335.385009765625,335.79998779296875,335.3399963378906,335.635009765625,1151668
2025-09-09 13:30:00-04:00,335.42999267578125,335.5400085449219,335.1700134277344,335.4100036621094,906558
2025-09-09 14:30:00-04:00,334.6300048828125,335.54998779296875,334.57000732421875,335.435791015625,1375322
2025-09-09 15:30:00-04:00,334.0299987792969,334.7049865722656,333.9700012207031,334.635009765625,1952953
2025-09-10 09:30:00-04:00,336.2200012207031,336.489990234375,335.67999267578125,335.7300109863281,2564881
2025-09-10 10:30:00-04:00,335.45001220703125,336.5,334.92999267578125,336.2099914550781,2086050
2025-09-10 11:30:00-04:00,335.1600036621094,335.8599853515625,335.1099853515625,335.4700012207031,1693328
2025-09-10 12:30:00-04:00,335.29998779296875,335.4389953613281,335.0450134277344,335.1600036621094,777283
2025-09-10 13:30:00-04:00,335.8599853515625,335.95001220703125,335.2799987792969,335.2900085449219,2017008
2025-09-10 14:30:00-04:00,335.0172119140625,335.8699951171875,334.9700012207031,335.8699951171875,928152
2025-09-10 15:30:00-04:00,335.25,335.29998779296875,334.6199951171875,334.956787109375,1713466
2025-09-11 09:30:00-04:00,334.5150146484375,334.7650146484375,332.9700012207031,333.3699951171875,2484056
2025-09-11 10:30:00-04:00,334.6747131347656,334.8800048828125,333.760009765625,334.5130920410156,1365672
2025-09-11 11:30:00-04:00,334.70989990234375,335.1618957519531,334.1650085449219,334.6600036621094,1526467
2025-09-11 12:30:00-04:00,334.489990234375,334.8900146484375,334.2200012207031,334.7349853515625,594512
2025-09-11 13:30:00-04:00,334.2300109863281,334.7087097167969,334.2149963378906,334.510009765625,1009091
2025-09-11 14:30:00-04:00,334.489990234375,334.69989013671875,334.0899963378906,334.239990234375,1008688
2025-09-11 15:30:00-04:00,334.70001220703125,334.75,334.4649963378906,334.4800109863281,718861
2025-09-12 09:30:00-04:00,336.239990234375,336.3900146484375,335.67999267578125,335.8800048828125,1598858
2025-09-12 10:30:00-04:00,335.4800109863281,336.32501220703125,335.2300109863281,336.260009765625,1472813
2025-09-12 11:30:00-04:00,335.6900939941406,335.75,335.32000732421875,335.4649963378906,840640
2025-09-12 12:30:00-04:00,335.760009765625,336.0400085449219,335.6000061035156,335.69000244140625,2779145
2025-09-12 13:30:00-04:00,335.7900085449219,335.9836120605469,335.7049865722656,335.7699890136719,614581
2025-09-12 14:30:00-04:00,335.6050109863281,335.92999267578125,335.6000061035156,335.7799987792969,1061375
2025-09-12 15:30:00-04:00,335.4200134277344,335.6799011230469,335.3599853515625,335.6099853515625,927174
2025-09-15 09:30:00-04:00,336.69000244140625,337.30999755859375,336.2300109863281,336.30999755859375,2069402
2025-09-15 10:30:00-04:00,337.5801086425781,337.61370849609375,336.6050109863281,336.69000244140625,1207660
2025-09-15 11:30:00-04:00,339.1400146484375,339.1700134277344,337.4700012207031,337.5880126953125,2166996
2025-09-15 12:30:00-04:00,338.75,339.2799987792969,338.260009765625,339.1400146484375,1309094
2025-09-15 13:30:00-04:00,338.7507019042969,338.98028564453125,338.510009765625,338.75,809194
2025-09-15 14:30:00-04:00,338.67999267578125,338.8299865722656,338.3550109863281,338.760009765625,1178528
2025-09-15 15:30:00-04:00,338.8500061035156,339.010009765625,338.6600036621094,338.67999267578125,1439013
2025-09-16 09:30:00-04:00,339.9100036621094,340.8800048828125,339.8299865722656,340.0899963378906,3309106
2025-09-16 10:30:00-04:00,338.9200134277344,340.20001220703125,338.7200012207031,339.92999267578125,2729623
2025-09-16 11:30:00-04:00,339.57000732421875,339.6499938964844,338.6199951171875,338.92999267578125,1761050
2025-09-16 12:30:00-04:00,339.5199890136719,339.7699890136719,339.29998779296875,339.57000732421875,1147656
2025-09-16 13:30:00-04:00,339.57000732421875,339.6099853515625,339.3299865722656,339.5249938964844,1225150
2025-09-16 14:30:00-04:00,339.54998779296875,339.7550048828125,339.5144958496094,339.55999755859375,695144
2025-09-16 15:30:00-04:00,339.60931396484375,339.7099914550781,339.44500732421875,339.54998779296875,933764
2025-09-17 09:30:00-04:00,339.0000915527344,339.20001220703125,338.375,338.5299987792969,1526668
2025-09-17 10:30:00-04:00,339.2200012207031,339.3949890136719,338.94500732421875,339.010009765625,959970
2025-09-17 11:30:00-04:00,339.4599914550781,339.51959228515625,338.989990234375,339.2200012207031,861430
2025-09-17 12:30:00-04:00,338.9849853515625,339.4744873046875,338.6099853515625,339.4580078125,588055
2025-09-17 13:30:00-04:00,338.92999267578125,341.239990234375,335.9200134277344,339.0,3664326
2025-09-17 14:30:00-04:00,337.239990234375,339.1400146484375,335.5199890136719,338.95001220703125,6449370
2025-09-17 15:30:00-04:00,337.0899963378906,337.3900146484375,336.5,337.2200012207031,2077605
2025-09-18 09:30:00-04:00,334.5350036621094,336.32000732421875,333.80999755859375,336.2200012207031,5677831
2025-09-18 10:30:00-04:00,334.8949890136719,335.5299987792969,334.510009765625,334.5400085449219,2284715
2025-09-18 11:30:00-04:00,335.3349914550781,335.4800109863281,334.8399963378906,334.8999938964844,1421782
2025-09-18 12:30:00-04:00,335.3900146484375,335.6099853515625,335.260009765625,335.3399963378906,1183070
2025-09-18 13:30:00-04:00,335.17999267578125,335.4649963378906,334.9800109863281,335.3999938964844,1009589
2025-09-18 14:30:00-04:00,335.17999267578125,335.30999755859375,335.0050048828125,335.17999267578125,1521482
2025-09-18 15:30:00-04:00,335.5899963378906,335.635009765625,335.1700134277344,335.1700134277344,1434462
2025-09-19 09:30:00-04:00,337.25,337.2950134277344,336.3118896484375,336.510009765625,2005831
2025-09-19 10:30:00-04:00,337.92999267578125,338.3450012207031,337.0946044921875,337.2699890136719,2334426
2025-09-19 11:30:00-04:00,337.6300048828125,338.1000061035156,337.489990234375,337.92999267578125,2072613
2025-09-19 12:30:00-04:00,337.9800109863281,338.0107116699219,337.57000732421875,337.6300048828125,926319
2025-09-19 13:30:00-04:00,338.92999267578125,338.9757385253906,337.9549865722656,337.9800109863281,1855183
2025-09-19 14:30:00-04:00,339.07000732421875,339.1449890136719,338.7900085449219,338.92999267578125,1380979
2025-09-19 15:30:00-04:00,339.1600036621094,339.2300109863281,338.8500061035156,339.07000732421875,1462722
2025-09-22 09:30:00-04:00,342.5299987792969,342.8900146484375,341.8399963378906,342.75,3399760
2025-09-22 10:30:00-04:00,343.45001220703125,343.489990234375,342.1199951171875,342.57501220703125,1542967
2025-09-22 11:30:00-04:00,343.9652099609375,344.1499938964844,343.375,343.45001220703125,1636246
2025-09-22 12:30:00-04:00,344.2699890136719,344.4049987792969,343.8800048828125,343.9693908691406,989908
2025-09-22 13:30:00-04:00,344.79998779296875,344.93499755859375,344.2699890136719,344.2900085449219,1045725
2025-09-22 14:30:00-04:00,344.5981140136719,345.07000732421875,344.54998779296875,344.79998779296875,1316589
2025-09-22 15:30:00-04:00,344.92999267578125,345.05499267578125,344.4700012207031,344.5899963378906,1789907
2025-09-23 09:30:00-04:00,347.1099853515625,348.75,346.760009765625,348.2300109863281,4214111
2025-09-23 10:30:00-04:00,347.95001220703125,347.9800109863281,347.1000061035156,347.1199951171875,1531456
2025-09-23 11:30:00-04:00,347.4800109863281,348.1099853515625,347.3299865722656,347.9599914550781,1314506
2025-09-23 12:30:00-04:00,348.125,348.4599914550781,346.5299987792969,347.4700012207031,2880452
2025-09-23 13:30:00-04:00,347.82000732421875,348.17999267578125,347.5199890136719,348.1400146484375,1139261
2025-09-23 14:30:00-04:00,345.9175109863281,348.0400085449219,345.32000732421875,347.79998779296875,5331923
2025-09-23 15:30:00-04:00,346.4700012207031,346.8216857910156,345.9100036621094,345.9100036621094,1563977
2025-09-24 09:30:00-04:00,345.94000244140625,346.82989501953125,345.45001220703125,346.70001220703125,2393242
2025-09-24 10:30:00-04:00,345.239990234375,346.05499267578125,345.1000061035156,345.92999267578125,1747774
2025-09-24 11:30:00-04:00,344.4100036621094,345.27978515625,343.9700012207031,345.2300109863281,2156511
2025-09-24 12:30:00-04:00,343.7200012207031,344.4800109863281,343.510009765625,344.42999267578125,1316177
2025-09-24 13:30:00-04:00,343.20001220703125,343.7900085449219,342.9649963378906,343.7099914550781,1577661
2025-09-24 14:30:00-04:00,342.2099914550781,343.3999938964844,342.1400146484375,343.2099914550781,1541588
2025-09-24 15:30:00-04:00,343.29998779296875,343.4700012207031,342.2099914550781,342.2099914550781,1549241
2025-09-25 09:30:00-04:00,343.5398864746094,344.44000244140625,342.4700012207031,344.3900146484375,3277793
2025-09-25 10:30:00-04:00,343.2300109863281,344.0299987792969,342.6000061035156,343.5299987792969,1834052
2025-09-25 11:30:00-04:00,343.8999938964844,344.3900146484375,343.0950012207031,343.2200012207031,1510348
2025-09-25 12:30:00-04:00,344.1300048828125,344.44000244140625,343.42999267578125,343.8999938964844,894651
2025-09-25 13:30:00-04:00,345.05999755859375,345.1099853515625,343.82000732421875,344.1300048828125,1210857
2025-09-25 14:30:00-04:00,345.1888122558594,345.8299865722656,344.9549865722656,345.0740051269531,1487306
2025-09-25 15:30:00-04:00,344.739990234375,345.260009765625,344.54998779296875,345.20001220703125,2001836
2025-09-26 09:30:00-04:00,347.69940185546875,348.25,345.3139953613281,345.8299865722656,2814011
2025-09-26 10:30:00-04:00,347.8500061035156,348.05499267578125,347.260009765625,347.67999267578125,2019415
2025-09-26 11:30:00-04:00,347.3299865722656,348.010009765625,347.1199951171875,347.8518981933594,1343694
2025-09-26 12:30:00-04:00,347.79998779296875,347.9281005859375,347.29998779296875,347.3500061035156,775766
2025-09-26 13:30:00-04:00,347.739990234375,348.2001037597656,347.44000244140625,347.80999755859375,1718307
2025-09-26 14:30:00-04:00,347.239990234375,348.0,347.19000244140625,347.75,981201
2025-09-26 15:30:00-04:00,346.7300109863281,347.30999755859375,346.4700012207031,347.25,1627574
2025-09-29 09:30:00-04:00,352.2099914550781,352.57000732421875,351.2799987792969,351.7900085449219,4572839
2025-09-29 10:30:00-04:00,352.45001220703125,352.7699890136719,351.7900085449219,352.2149963378906,2547209
2025-09-29 11:30:00-04:00,352.6099853515625,352.83050537109375,351.6700134277344,352.4800109863281,1906251
2025-09-29 12:30:00-04:00,352.1499938964844,352.77191162109375,351.95001220703125,352.6050109863281,1200417
2025-09-29 13:30:00-04:00,352.489990234375,352.5899963378906,351.8900146484375,352.1600036621094,1231676
2025-09-29 14:30:00-04:00,352.125,352.5199890136719,351.79998779296875,352.489990234375,2361705
2025-09-29 15:30:00-04:00,352.4150085449219,352.510009765625,352.0799865722656,352.1199951171875,1339617
2025-09-30 09:30:00-04:00,353.8099060058594,354.5899963378906,350.864990234375,351.1300048828125,4075234
2025-09-30 10:30:00-04:00,353.018798828125,354.7799987792969,352.650390625,353.8299865722656,2129697
2025-09-30 11:30:00-04:00,353.81988525390625,353.9100036621094,352.9649963378906,352.989990234375,1121386
2025-09-30 12:30:00-04:00,353.989990234375,354.2799987792969,353.739990234375,353.8550109863281,961366
2025-09-30 13:30:00-04:00,354.05999755859375,354.3399963378906,353.44000244140625,354.010009765625,907175
2025-09-30 14:30:00-04:00,354.7200012207031,354.8800048828125,353.8699951171875,354.04998779296875,942252
2025-09-30 15:30:00-04:00,355.42999267578125,355.57000732421875,354.7200012207031,354.7200012207031,2264783
2025-10-01 09:30:00-04:00,356.6700134277344,356.8900146484375,355.94000244140625,356.1700134277344,3641389
2025-10-01 10:30:00-04:00,355.19000244140625,356.9721984863281,354.9100036621094,356.67999267578125,3968467
2025-10-01 11:30:00-04:00,356.25,356.25,355.04998779296875,355.19000244140625,1588336
2025-10-01 12:30:00-04:00,356.2699890136719,356.3699035644531,356.05059814453125,356.2300109863281,870972
2025-10-01 13:30:00-04:00,355.5199890136719,356.29998779296875,354.7900085449219,356.2799987792969,1353515
2025-10-01 14:30:00-04:00,355.68499755859375,355.8599853515625,355.05999755859375,355.5343017578125,1811732
2025-10-01 15:30:00-04:00,355.9800109863281,356.2699890136719,355.639892578125,355.68499755859375,1724150
2025-10-02 09:30:00-04:00,355.5,358.6700134277344,354.9200134277344,358.260009765625,3823334
2025-10-02 10:30:00-04:00,352.9306945800781,355.70001220703125,351.92010498046875,355.5,4358326
2025-10-02 11:30:00-04:00,353.1241149902344,353.739990234375,351.3999938964844,352.92999267578125,2335689
2025-10-02 12:30:00-04:00,353.7099914550781,354.0199890136719,352.8699951171875,353.07000732421875,1470974
2025-10-02 13:30:00-04:00,353.9801025390625,354.0400085449219,353.3500061035156,353.7099914550781,961482
2025-10-02 14:30:00-04:00,354.8900146484375,355.07000732421875,353.8999938964844,353.9800109863281,1588585
2025-10-02 15:30:00-04:00,354.7650146484375,354.989990234375,354.5199890136719,354.885009765625,1210376
2025-10-03 09:30:00-04:00,357.0,358.0359802246094,355.79998779296875,357.1199951171875,4368690
2025-10-03 10:30:00-04:00,357.80999755859375,357.92999267578125,356.4100036621094,356.989990234375,1827373
2025-10-03 11:30:00-04:00,357.32501220703125,358.1400146484375,357.1050109863281,357.79998779296875,1738922
2025-10-03 12:30:00-04:00,357.44000244140625,357.62969970703125,357.1099853515625,357.30999755859375,1168631
2025-10-03 13:30:00-04:00,357.4776916503906,357.6099853515625,356.79998779296875,357.45001220703125,1306139
2025-10-03 14:30:00-04:00,357.67999267578125,357.94000244140625,357.3599853515625,357.4800109863281,1839986
2025-10-03 15:30:00-04:00,357.6300048828125,357.95001220703125,357.489990234375,357.69000244140625,1517050
2025-10-06 09:30:00-04:00,363.3299865722656,363.510009765625,361.3699951171875,362.1600036621094,4655033
2025-10-06 10:30:00-04:00,363.4898986816406,364.3399963378906,363.2099914550781,363.30999755859375,3280493
2025-10-06 11:30:00-04:00,363.718994140625,365.29998779296875,363.1199951171875,363.4599914550781,2998917
2025-10-06 12:30:00-04:00,363.6600036621094,364.3301086425781,363.5799865722656,363.739990234375,1114492
2025-10-06 13:30:00-04:00,364.2349853515625,364.4100036621094,363.6099853515625,363.6700134277344,1200359
2025-10-06 14:30:00-04:00,364.7799987792969,364.8399963378906,364.04998779296875,364.239990234375,1384341
2025-10-06 15:30:00-04:00,364.3699951171875,364.8599853515625,364.2799987792969,364.7900085449219,1883019
2025-10-07 09:30:00-04:00,366.07000732421875,366.5799865722656,365.19000244140625,366.50799560546875,4792400
2025-10-07 10:30:00-04:00,366.70001220703125,367.2699890136719,366.0199890136719,366.0799865722656,2815815
2025-10-07 11:30:00-04:00,365.2699890136719,366.7699890136719,364.54998779296875,366.7099914550781,3458053
2025-10-07 12:30:00-04:00,366.30999755859375,366.7449951171875,365.17999267578125,365.2749938964844,1365244
2025-10-07 13:30:00-04:00,366.2699890136719,366.9599914550781,365.7099914550781,366.3299865722656,1404223
2025-10-07 14:30:00-04:00,366.2900085449219,366.6000061035156,366.1199951171875,366.2699890136719,1085694
2025-10-07 15:30:00-04:00,366.2900085449219,366.50689697265625,366.17999267578125,366.2900085449219,1409686
2025-10-08 09:30:00-04:00,372.20001220703125,372.3500061035156,370.5,371.6499938964844,6477788
2025-10-08 10:30:00-04:00,372.19000244140625,372.7900085449219,371.5000915527344,372.2149963378906,3762947
2025-10-08 11:30:00-04:00,373.2300109863281,373.32000732421875,372.010009765625,372.2300109863281,2625303
2025-10-08 12:30:00-04:00,372.639892578125,373.57000732421875,372.55999755859375,373.2200012207031,2106497
2025-10-08 13:30:00-04:00,372.57000732421875,373.07000732421875,371.6600036621094,372.6499938964844,3175253
2025-10-08 14:30:00-04:00,372.2099914550781,373.1600036621094,371.0400085449219,372.5799865722656,4860783
2025-10-08 15:30:00-04:00,372.29998779296875,372.3900146484375,371.2200012207031,372.19000244140625,3972264
2025-10-09 09:30:00-04:00,368.54998779296875,373.2200012207031,368.5299987792969,373.135009765625,8442970
2025-10-09 10:30:00-04:00,369.4100036621094,370.6099853515625,368.2900085449219,368.54998779296875,4769567
2025-10-09 11:30:00-04:00,369.1000061035156,369.95001220703125,368.54998779296875,369.3900146484375,2058288
2025-10-09 12:30:00-04:00,364.1700134277344,369.1000061035156,362.8599853515625,369.0899963378906,8605370
2025-10-09 13:30:00-04:00,364.5799865722656,365.1000061035156,362.8299865722656,364.1700134277344,3773604
2025-10-09 14:30:00-04:00,365.92999267578125,365.95001220703125,363.80999755859375,364.55999755859375,2840722
2025-10-09 15:30:00-04:00,365.45001220703125,366.30999755859375,365.30010986328125,365.95001220703125,2519933
2025-10-10 09:30:00-04:00,366.55999755859375,367.989990234375,365.44000244140625,367.5400085449219,4461476
2025-10-10 10:30:00-04:00,369.67999267578125,370.0,366.29998779296875,366.55999755859375,4688586
2025-10-10 11:30:00-04:00,367.0299987792969,370.30999755859375,366.0299987792969,369.67498779296875,4725950
2025-10-10 12:30:00-04:00,366.70001220703125,367.70001220703125,365.8299865722656,367.0,1938791
2025-10-10 13:30:00-04:00,368.5299987792969,368.989990234375,366.1300048828125,366.7099914550781,1997640
2025-10-10 14:30:00-04:00,368.67999267578125,368.9800109863281,367.510009765625,368.510009765625,1905415
2025-10-10 15:30:00-04:00,369.1300048828125,370.17999267578125,368.1358947753906,368.7200012207031,3405160
2025-10-13 09:30:00-04:00,376.82000732421875,377.0299987792969,375.5797119140625,376.5,5102035
2025-10-13 10:30:00-04:00,376.69000244140625,377.6400146484375,376.54998779296875,376.85931396484375,2934639
2025-10-13 11:30:00-04:00,378.20001220703125,378.8599853515625,376.6300048828125,376.6700134277344,2586447
2025-10-13 12:30:00-04:00,378.489990234375,378.7200012207031,377.4599914550781,378.17999267578125,1761527
2025-10-13 13:30:00-04:00,377.75,378.54998779296875,377.2200012207031,378.489990234375,1344932
2025-10-13 14:30:00-04:00,377.71990966796875,377.9599914550781,376.43499755859375,377.7300109863281,2171628
2025-10-13 15:30:00-04:00,378.1199951171875,378.30999755859375,377.4800109863281,377.7099914550781,1819356
2025-10-14 09:30:00-04:00,380.3800048828125,380.739990234375,377.8999938964844,378.2099914550781,5492203
2025-10-14 10:30:00-04:00,380.8019104003906,381.1000061035156,379.7099914550781,380.3399963378906,1795260
2025-10-14 11:30:00-04:00,380.3511962890625,381.25,379.8399963378906,380.7900085449219,2210131
2025-10-14 12:30:00-04:00,381.6300048828125,382.3800048828125,379.95001220703125,380.4100036621094,1782887
2025-10-14 13:30:00-04:00,381.4800109863281,382.1600036621094,381.2300109863281,381.6300048828125,1300250
2025-10-14 14:30:00-04:00,381.8800048828125,381.9800109863281,381.4599914550781,381.5,1967429
2025-10-14 15:30:00-04:00,381.1000061035156,381.92999267578125,380.47039794921875,381.9197998046875,2407989
2025-10-15 09:30:00-04:00,387.033203125,387.6199035644531,384.9200134277344,385.92999267578125,5568169
2025-10-15 10:30:00-04:00,386.6099853515625,387.1499938964844,385.673095703125,387.0299987792969,2606169
2025-10-15 11:30:00-04:00,386.2149963378906,386.6400146484375,384.5899963378906,386.5899963378906,2784083
2025-10-15 12:30:00-04:00,385.44000244140625,386.489990234375,384.8399963378906,386.17999267578125,2379376
2025-10-15 13:30:00-04:00,386.2950134277344,386.9363098144531,385.20001220703125,385.45001220703125,1853616
2025-10-15 14:30:00-04:00,387.4599914550781,387.55999755859375,386.1099853515625,386.31988525390625,1889136
2025-10-15 15:30:00-04:00,387.4800109863281,387.7550048828125,386.989990234375,387.45001220703125,2841953
2025-10-16 09:30:00-04:00,392.239990234375,392.4599914550781,390.3999938964844,391.1499938964844,6902446
2025-10-16 10:30:00-04:00,393.0400085449219,393.20001220703125,391.3999938964844,392.20001220703125,3720047
2025-10-16 11:30:00-04:00,394.6400146484375,394.8900146484375,392.57000732421875,393.04998779296875,4279844
2025-10-16 12:30:00-04:00,394.6400146484375,395.260009765625,392.04998779296875,394.6600036621094,6748137
2025-10-16 13:30:00-04:00,394.2900085449219,395.5400085449219,393.1300048828125,394.6400146484375,3510118
2025-10-16 14:30:00-04:00,395.1400146484375,395.3599853515625,394.05999755859375,394.2699890136719,3203082
2025-10-16 15:30:00-04:00,396.3699951171875,396.8699951171875,394.7900085449219,395.1400146484375,3424399
2025-10-17 09:30:00-04:00,390.25,397.2799987792969,387.95001220703125,397.1400146484375,24009073
2025-10-17 10:30:00-04:00,390.8900146484375,392.55999755859375,389.25,390.2699890136719,8224969
2025-10-17 11:30:00-04:00,387.82000732421875,391.9200134277344,387.70001220703125,390.8900146484375,5345511
2025-10-17 12:30:00-04:00,386.6300048828125,388.42999267578125,385.2200012207031,387.7799987792969,8717145
2025-10-17 13:30:00-04:00,390.5751037597656,390.6000061035156,386.1600036621094,386.6000061035156,6640487
2025-10-17 14:30:00-04:00,387.9200134277344,390.5950012207031,387.55999755859375,390.57501220703125,3661919
2025-10-17 15:30:00-04:00,388.7799987792969,389.2799987792969,387.95001220703125,387.95001220703125,3707533
2025-10-20 09:30:00-04:00,398.11199951171875,398.92999267578125,394.20001220703125,397.45001220703125,11626839
2025-10-20 10:30:00-04:00,399.8599853515625,400.82000732421875,397.2300109863281,398.1199951171875,4322513
2025-10-20 11:30:00-04:00,399.8450927734375,400.42999267578125,399.6199951171875,399.8999938964844,3207845
2025-10-20 12:30:00-04:00,399.5400085449219,400.4200134277344,399.3900146484375,399.8299865722656,2711532
2025-10-20 13:30:00-04:00,401.0299987792969,401.05999755859375,399.1000061035156,399.5400085449219,2349129
2025-10-20 14:30:00-04:00,401.8500061035156,401.8900146484375,400.75,401.0150146484375,4239177
2025-10-20 15:30:00-04:00,403.0,403.29998779296875,401.6400146484375,401.8699951171875,4078607
2025-10-21 09:30:00-04:00,380.6199951171875,388.8900146484375,380.0799865722656,386.5400085449219,18746330
2025-10-21 10:30:00-04:00,379.5893859863281,381.9200134277344,375.6499938964844,380.69000244140625,14111657
2025-10-21 11:30:00-04:00,378.8699951171875,381.6300048828125,378.6600036621094,379.57000732421875,4694665
2025-10-21 12:30:00-04:00,377.04998779296875,379.7099914550781,376.70001220703125,378.92999267578125,4732237
2025-10-21 13:30:00-04:00,378.760009765625,379.489990234375,376.8299865722656,377.0899963378906,3033530
2025-10-21 14:30:00-04:00,377.6600036621094,379.6199951171875,377.2799987792969,378.760009765625,3293715
2025-10-21 15:30:00-04:00,377.8800048828125,378.3500061035156,377.19000244140625,377.6499938964844,3474298
2025-10-22 09:30:00-04:00,373.1000061035156,375.8900146484375,372.30999755859375,372.75,9564835
2025-10-22 10:30:00-04:00,370.6885986328125,373.3999938964844,368.92999267578125,373.17999267578125,7322906
2025-10-22 11:30:00-04:00,372.0517883300781,372.32000732421875,370.1199951171875,370.75,2589347
2025-10-22 12:30:00-04:00,372.6000061035156,373.94000244140625,371.4501037597656,372.0799865722656,2286945
2025-10-22 13:30:00-04:00,374.8399963378906,375.3500061035156,372.2099914550781,372.6600036621094,2788557
2025-10-22 14:30:00-04:00,377.7012939453125,377.7200012207031,374.8599853515625,374.8699951171875,2427542
2025-10-22 15:30:00-04:00,377.3399963378906,378.4700012207031,377.1000061035156,377.7398986816406,2623722
2025-10-23 09:30:00-04:00,381.5350036621094,382.25,380.07000732421875,381.4599914550781,5827954
2025-10-23 10:30:00-04:00,381.2900085449219,381.9634094238281,380.6000061035156,381.4700012207031,2122164
2025-10-23 11:30:00-04:00,380.8599853515625,381.6499938964844,380.1499938964844,381.3577880859375,1309020
2025-10-23 12:30:00-04:00,379.8900146484375,381.1899108886719,379.4601135253906,380.82501220703125,945166
2025-10-23 13:30:00-04:00,381.1199951171875,381.19000244140625,379.6422119140625,379.95001220703125,883287
2025-10-23 14:30:00-04:00,379.7900085449219,381.1199951171875,379.5400085449219,381.1050109863281,946128
2025-10-23 15:30:00-04:00,378.79998779296875,379.8041076660156,378.6499938964844,379.8041076660156,1165565
2025-10-24 09:30:00-04:00,379.3999938964844,380.4800109863281,376.80999755859375,378.510009765625,4396104
2025-10-24 10:30:00-04:00,379.55999755859375,380.1492004394531,378.32000732421875,379.42999267578125,1850751
2025-10-24 11:30:00-04:00,380.5320129394531,380.7699890136719,379.1099853515625,379.57000732421875,1207853
2025-10-24 12:30:00-04:00,379.1449890136719,380.6199951171875,379.0899963378906,380.5199890136719,1198152
2025-10-24 13:30:00-04:00,377.77789306640625,379.4590148925781,377.3599853515625,379.25,1545266
2025-10-24 14:30:00-04:00,378.4186096191406,378.82000732421875,377.55999755859375,377.760009765625,1057805
2025-10-24 15:30:00-04:00,377.4800109863281,378.5198974609375,377.3900146484375,378.3800048828125,1576564
2025-10-27 09:30:00-04:00,367.8699951171875,371.5899963378906,366.5899963378906,371.1300048828125,8628478
2025-10-27 10:30:00-04:00,366.79730224609375,368.0199890136719,365.3399963378906,367.88250732421875,4643413
2025-10-27 11:30:00-04:00,366.7900085449219,367.8537902832031,366.1099853515625,366.79998779296875,2407765
2025-10-27 12:30:00-04:00,368.5,368.5669860839844,366.5199890136719,366.81500244140625,2052038
2025-10-27 13:30:00-04:00,368.7799987792969,368.9305114746094,367.8999938964844,368.4599914550781,1468586
2025-10-27 14:30:00-04:00,367.0299987792969,368.8599853515625,366.989990234375,368.760009765625,1804583
2025-10-27 15:30:00-04:00,367.0199890136719,367.30999755859375,366.6499938964844,367.0400085449219,1916992
2025-10-28 09:30:00-04:00,363.44000244140625,363.4849853515625,360.1199951171875,361.80999755859375,6942448
2025-10-28 10:30:00-04:00,364.20001220703125,364.4100036621094,362.44000244140625,363.4599914550781,2282543
2025-10-28 11:30:00-04:00,364.62249755859375,365.239990234375,363.80999755859375,364.20001220703125,2090647
2025-10-28 12:30:00-04:00,365.04998779296875,365.29998779296875,363.45001220703125,364.6199951171875,1530763
2025-10-28 13:30:00-04:00,363.8800048828125,365.17999267578125,363.6499938964844,365.04998779296875,1264124
2025-10-28 14:30:00-04:00,363.9200134277344,364.25,362.92999267578125,363.8299865722656,2410940
2025-10-28 15:30:00-04:00,364.3299865722656,364.5950012207031,363.489990234375,363.9100036621094,1485452
2025-10-29 09:30:00-04:00,369.5400085449219,370.0799865722656,368.20001220703125,369.6499938964844,3792847
2025-10-29 10:30:00-04:00,368.614990234375,369.9599914550781,368.1099853515625,369.5299987792969,1265750
2025-10-29 11:30:00-04:00,367.8699951171875,368.7799987792969,366.989990234375,368.5899963378906,1389589
2025-10-29 12:30:00-04:00,366.79998779296875,368.0,366.69000244140625,367.85760498046875,2228496
2025-10-29 13:30:00-04:00,366.2218017578125,368.6885070800781,365.79998779296875,366.80999755859375,1666756
2025-10-29 14:30:00-04:00,363.760009765625,367.04400634765625,362.8500061035156,366.2799987792969,4897161
2025-10-29 15:30:00-04:00,363.0199890136719,363.8900146484375,361.360107421875,363.7300109863281,2851429
2025-10-30 09:30:00-04:00,367.7300109863281,369.260009765625,364.5,365.0899963378906,3797100
2025-10-30 10:30:00-04:00,367.7850036621094,368.29998779296875,366.6600036621094,367.739990234375,1503808
2025-10-30 11:30:00-04:00,367.57000732421875,368.760009765625,367.1300048828125,367.7799987792969,2819447
2025-10-30 12:30:00-04:00,368.1600036621094,368.30999755859375,367.45001220703125,367.5299987792969,618764
2025-10-30 13:30:00-04:00,369.1300048828125,369.6199951171875,367.9773864746094,368.1554870605469,1205981
2025-10-30 14:30:00-04:00,369.8299865722656,370.3599853515625,368.6400146484375,369.17999267578125,2421318
2025-10-30 15:30:00-04:00,370.1099853515625,370.3500061035156,369.7850036621094,369.82000732421875,1882654
2025-10-31 09:30:00-04:00,369.4100036621094,370.6625061035156,368.92999267578125,370.4700012207031,2243684
2025-10-31 10:30:00-04:00,369.6400146484375,370.05999755859375,368.80999755859375,369.32000732421875,1910807
2025-10-31 11:30:00-04:00,366.7449951171875,370.0823974609375,365.5,369.6138000488281,2451715
2025-10-31 12:30:00-04:00,366.6099853515625,367.1400146484375,366.0400085449219,366.68499755859375,1008161
2025-10-31 13:30:00-04:00,368.80999755859375,368.9200134277344,366.19000244140625,366.5299987792969,805599
2025-10-31 14:30:00-04:00,368.1496887207031,368.8599853515625,367.1700134277344,368.7300109863281,792691
2025-10-31 15:30:00-04:00,368.1400146484375,368.2300109863281,367.5199890136719,368.0799865722656,1253467
2025-11-03 09:30:00-05:00,369.0299987792969,370.8399963378906,368.09600830078125,368.9100036621094,2218978
2025-11-03 10:30:00-05:00,367.7950134277344,370.19989013671875,367.5400085449219,368.9800109863281,1291429
2025-11-03 11:30:00-05:00,368.6400146484375,369.0899963378906,367.55010986328125,367.760009765625,791575
2025-11-03 12:30:00-05:00,368.1377868652344,368.69000244140625,367.9100036621094,368.614990234375,563443
2025-11-03 13:30:00-05:00,368.3450012207031,368.885009765625,367.57000732421875,368.1199951171875,771078
2025-11-03 14:30:00-05:00,369.0150146484375,369.3299865722656,367.93170166015625,368.30999755859375,531352
2025-11-03 15:30:00-05:00,368.8699951171875,369.0799865722656,368.57000732421875,369.0199890136719,753602
2025-11-04 09:30:00-05:00,363.2699890136719,364.2749938964844,361.3900146484375,363.4800109863281,4229597
2025-11-04 10:30:00-05:00,365.45001220703125,365.739990234375,363.20001220703125,363.260009765625,1101968
2025-11-04 11:30:00-05:00,364.25,365.5799865722656,364.15008544921875,365.3999938964844,855123
2025-11-04 12:30:00-05:00,363.44000244140625,364.8299865722656,362.9700012207031,364.2099914550781,1153752
2025-11-04 13:30:00-05:00,362.6300048828125,363.5199890136719,361.7300109863281,363.45001220703125,1229679
2025-11-04 14:30:00-05:00,362.2300109863281,362.7349853515625,361.6600036621094,362.6300048828125,1429173
2025-11-04 15:30:00-05:00,362.3399963378906,362.67999267578125,362.1099853515625,362.239990234375,948152
2025-11-05 09:30:00-05:00,366.1400146484375,366.6400146484375,364.6499938964844,366.4599914550781,1936568
2025-11-05 10:30:00-05:00,366.2699890136719,366.5799865722656,365.6499938964844,366.1300048828125,1403225
2025-11-05 11:30:00-05:00,366.35577392578125,367.1000061035156,365.9049987792969,366.32000732421875,1198264
2025-11-05 12:30:00-05:00,366.5,366.7200012207031,366.07000732421875,366.3710021972656,573968
2025-11-05 13:30:00-05:00,366.54998779296875,366.70001220703125,366.0799865722656,366.510009765625,1327689
2025-11-05 14:30:00-05:00,366.6549072265625,367.1000061035156,366.44000244140625,366.56500244140625,814896
2025-11-05 15:30:00-05:00,366.5299987792969,366.8999938964844,366.29998779296875,366.6600036621094,806170
2025-11-06 09:30:00-05:00,366.6549987792969,368.17999267578125,365.7601013183594,367.1600036621094,1860992
2025-11-06 10:30:00-05:00,366.406494140625,366.6950988769531,365.5799865722656,366.6950988769531,911399
2025-11-06 11:30:00-05:00,365.1099853515625,366.55499267578125,364.70001220703125,366.3800048828125,1072226
2025-11-06 12:30:00-05:00,366.32000732421875,366.9200134277344,364.8299865722656,365.1000061035156,724727
2025-11-06 13:30:00-05:00,367.2004089355469,367.4779968261719,366.3699951171875,366.3800048828125,508970
2025-11-06 14:30:00-05:00,366.31500244140625,367.2344055175781,366.260009765625,367.2200012207031,578786
2025-11-06 15:30:00-05:00,366.0899963378906,366.70001220703125,365.9700012207031,366.30999755859375,634569
2025-11-07 09:30:00-05:00,367.2601013183594,367.95001220703125,366.4200134277344,367.94000244140625,2088780
2025-11-07 10:30:00-05:00,368.6174011230469,368.7699890136719,366.4599914550781,367.2099914550781,1262852
2025-11-07 11:30:00-05:00,367.7300109863281,370.4200134277344,367.239990234375,368.6300048828125,2110743
2025-11-07 12:30:00-05:00,368.2099914550781,368.760009765625,367.4100036621094,367.7300109863281,1300440
2025-11-07 13:30:00-05:00,368.5199890136719,368.760009765625,368.1101989746094,368.239990234375,642402
2025-11-07 14:30:00-05:00,367.7900085449219,368.69000244140625,367.3999938964844,368.5400085449219,1839763
2025-11-07 15:30:00-05:00,368.29998779296875,368.42999267578125,367.6600036621094,367.7900085449219,1456222
2025-11-10 09:30:00-05:00,376.2200012207031,376.7300109863281,374.7814025878906,375.92999267578125,4585572
2025-11-10 10:30:00-05:00,376.57000732421875,376.6099853515625,375.1600036621094,376.2300109863281,1363223
2025-11-10 11:30:00-05:00,376.9200134277344,377.07000732421875,376.1499938964844,376.5799865722656,1148156
2025-11-10 12:30:00-05:00,378.4818115234375,378.510009765625,376.6300048828125,376.9200134277344,1246815
2025-11-10 13:30:00-05:00,378.54998779296875,378.6600036621094,377.7401123046875,378.4657897949219,1364004
2025-11-10 14:30:00-05:00,378.2799072265625,378.57000732421875,377.8500061035156,378.56500244140625,1131252
2025-11-10 15:30:00-05:00,378.3399963378906,378.44000244140625,377.9800109863281,378.260009765625,1700754
2025-11-11 09:30:00-05:00,377.30999755859375,380.3999938964844,376.8699951171875,379.9800109863281,3083258
2025-11-11 10:30:00-05:00,378.0299987792969,378.57000732421875,376.8988037109375,377.2799987792969,1132027
2025-11-11 11:30:00-05:00,378.4700012207031,378.8099060058594,377.6400146484375,378.0400085449219,753609
2025-11-11 12:30:00-05:00,378.1000061035156,378.67999267578125,378.0199890136719,378.4700012207031,2362735
2025-11-11 13:30:00-05:00,378.7900085449219,378.9200134277344,377.74029541015625,378.1099853515625,515789
2025-11-11 14:30:00-05:00,379.54998779296875,379.8299865722656,378.7900085449219,378.79998779296875,922392
2025-11-11 15:30:00-05:00,379.9100036621094,380.1099853515625,379.3999938964844,379.5299987792969,1327972
2025-11-12 09:30:00-05:00,383.3450012207031,383.8500061035156,379.44000244140625,380.2099914550781,2821327
2025-11-12 10:30:00-05:00,385.1300048828125,385.3800048828125,383.2900085449219,383.32000732421875,3145927
2025-11-12 11:30:00-05:00,386.05999755859375,386.5899963378906,385.0710144042969,385.1099853515625,3031559
2025-11-12 12:30:00-05:00,387.0,387.4599914550781,385.510009765625,386.0899963378906,2443985
2025-11-12 13:30:00-05:00,385.8599853515625,387.3800048828125,385.67999267578125,386.9800109863281,1575967
2025-11-12 14:30:00-05:00,385.947509765625,386.3999938964844,385.510009765625,385.8900146484375,1233113
2025-11-12 15:30:00-05:00,386.010009765625,386.3525085449219,385.6099853515625,385.9599914550781,1416391
2025-11-13 09:30:00-05:00,385.8299865722656,388.17999267578125,384.8299865722656,387.2900085449219,4947915
2025-11-13 10:30:00-05:00,386.8710021972656,387.3599853515625,385.0899963378906,385.8299865722656,2324629
2025-11-13 11:30:00-05:00,386.5199890136719,387.0950012207031,385.6315002441406,386.8710021972656,1221034
2025-11-13 12:30:00-05:00,385.3900146484375,386.92999267578125,385.1199951171875,386.5199890136719,959576
2025-11-13 13:30:00-05:00,382.55999755859375,385.4599914550781,381.2099914550781,385.3699951171875,3433055
2025-11-13 14:30:00-05:00,383.44000244140625,383.5799865722656,382.3800048828125,382.5299987792969,1633812
2025-11-13 15:30:00-05:00,382.9800109863281,383.57000732421875,382.6499938964844,383.4599914550781,942468
2025-11-14 09:30:00-05:00,375.3999938964844,375.7099914550781,370.8900146484375,372.8699951171875,5243803
2025-11-14 10:30:00-05:00,377.3800048828125,377.5,374.5799865722656,375.3699951171875,2398949
2025-11-14 11:30:00-05:00,377.08990478515625,378.20001220703125,376.6163024902344,377.4100036621094,1196011
2025-11-14 12:30:00-05:00,376.510009765625,378.1300048828125,375.3999938964844,377.1099853515625,1345957
2025-11-14 13:30:00-05:00,376.5799865722656,377.5,376.2200927734375,376.510009765625,904277
2025-11-14 14:30:00-05:00,375.67999267578125,376.7998962402344,374.8599853515625,376.5799865722656,1693925
2025-11-14 15:30:00-05:00,375.9700012207031,376.4750061035156,375.489990234375,375.6700134277344,1753848
2025-11-17 09:30:00-05:00,374.59429931640625,375.4552917480469,373.510009765625,374.2699890136719,2194159
2025-11-17 10:30:00-05:00,374.2850036621094,375.1099853515625,372.7200012207031,374.6199951171875,1193566
2025-11-17 11:30:00-05:00,375.0799865722656,375.3599853515625,373.9100036621094,374.3349914550781,2902404
2025-11-17 12:30:00-05:00,374.6400146484375,375.3999938964844,374.1199951171875,375.06500244140625,0
2025-11-17 13:30:00-05:00,373.1199951171875,374.6199951171875,372.80999755859375,374.6199951171875,1136211
2025-11-17 14:30:00-05:00,370.44000244140625,373.2699890136719,368.5199890136719,373.1000061035156,4215638
2025-11-17 15:30:00-05:00,371.6700134277344,371.989990234375,370.25,370.4599914550781,1387879
2025-11-18 09:30:00-05:00,373.90509033203125,375.510009765625,372.8471984863281,374.8320007324219,2383097
2025-11-18 10:30:00-05:00,373.8399963378906,374.6300048828125,371.6199951171875,373.8699951171875,1755036
2025-11-18 11:30:00-05:00,373.5679931640625,374.3869934082031,373.20001220703125,373.9100036621094,805877
2025-11-18 12:30:00-05:00,373.95001220703125,374.9100036621094,373.510009765625,373.56500244140625,537482
2025-11-18 13:30:00-05:00,374.8937072753906,375.3500061035156,373.7699890136719,373.9599914550781,475165
2025-11-18 14:30:00-05:00,374.6000061035156,375.5400085449219,374.32000732421875,374.8699951171875,623238
2025-11-18 15:30:00-05:00,374.30999755859375,374.7200012207031,374.1300048828125,374.6099853515625,874050
2025-11-19 09:30:00-05:00,378.6600036621094,380.1700134277344,377.2799987792969,377.7749938964844,2715955
2025-11-19 10:30:00-05:00,374.7449951171875,379.1000061035156,374.42999267578125,378.6000061035156,2161051
2025-11-19 11:30:00-05:00,374.55999755859375,375.20001220703125,373.0299987792969,374.7200012207031,1402030
2025-11-19 12:30:00-05:00,375.44000244140625,375.9200134277344,373.7300109863281,374.4800109863281,1109622
2025-11-19 13:30:00-05:00,374.5450134277344,376.3399963378906,374.2699890136719,375.3756103515625,1829089
2025-11-19 14:30:00-05:00,375.2200012207031,375.4700012207031,374.30499267578125,374.5350036621094,606625
2025-11-19 15:30:00-05:00,374.9750061035156,375.3299865722656,374.54998779296875,375.2099914550781,629302
2025-11-20 09:30:00-05:00,376.6099853515625,377.6925048828125,374.6700134277344,375.2900085449219,2359488
2025-11-20 10:30:00-05:00,373.8299865722656,376.7200012207031,373.69000244140625,376.6400146484375,978922
2025-11-20 11:30:00-05:00,372.9800109863281,374.1600036621094,371.8514099121094,373.760009765625,1723733
2025-11-20 12:30:00-05:00,373.3500061035156,374.5,372.3599853515625,372.9599914550781,2449522
2025-11-20 13:30:00-05:00,375.489990234375,375.82000732421875,372.9700012207031,373.4100036621094,834891
2025-11-20 14:30:00-05:00,374.8900146484375,375.80499267578125,374.54998779296875,375.5199890136719,918183
2025-11-20 15:30:00-05:00,374.9150085449219,375.1499938964844,374.510009765625,374.8800048828125,899673
2025-11-21 09:30:00-05:00,374.2691955566406,375.0,373.54998779296875,374.0249938964844,2540038
2025-11-21 10:30:00-05:00,374.3900146484375,374.54998779296875,372.95001220703125,374.239990234375,1033844
2025-11-21 11:30:00-05:00,375.4242858886719,377.2300109863281,374.3399963378906,374.3500061035156,1602507
2025-11-21 12:30:00-05:00,375.2300109863281,376.05999755859375,375.17041015625,375.4700012207031,727183
2025-11-21 13:30:00-05:00,376.239990234375,376.3999938964844,374.9100036621094,375.25,568089
2025-11-21 14:30:00-05:00,374.3399963378906,376.42999267578125,374.20001220703125,376.2601013183594,1684970
2025-11-21 15:30:00-05:00,374.2200012207031,374.4700012207031,372.94000244140625,374.32000732421875,3537354
2025-11-24 09:30:00-05:00,376.0249938964844,376.6000061035156,374.19000244140625,374.8800048828125,1931841
2025-11-24 10:30:00-05:00,376.4939880371094,376.760009765625,375.92999267578125,376.0,873614
2025-11-24 11:30:00-05:00,376.5350036621094,377.0899963378906,376.1099853515625,376.4800109863281,993122
2025-11-24 12:30:00-05:00,376.75,377.20001220703125,376.0199890136719,376.54998779296875,644374
2025-11-24 13:30:00-05:00,378.89599609375,379.5400085449219,376.75,376.760009765625,2286742
2025-11-24 14:30:00-05:00,379.464111328125,379.5199890136719,378.3699951171875,378.9100036621094,993825
2025-11-24 15:30:00-05:00,380.1600036621094,380.260009765625,379.4400939941406,379.4700012207031,1803600
2025-11-25 09:30:00-05:00,379.7200012207031,380.57000732421875,378.05999755859375,380.2550048828125,2889124
2025-11-25 10:30:00-05:00,380.8299865722656,380.8900146484375,378.9700012207031,379.67999267578125,971837
2025-11-25 11:30:00-05:00,381.65509033203125,382.07000732421875,380.25,380.84100341796875,1637184
2025-11-25 12:30:00-05:00,381.0299987792969,382.5199890136719,380.94000244140625,381.6499938964844,1161474
2025-11-25 13:30:00-05:00,379.82000732421875,381.2799987792969,379.6600036621094,381.0299987792969,814884
2025-11-25 14:30:00-05:00,380.0675048828125,380.6000061035156,379.67999267578125,379.82000732421875,1415551
2025-11-25 15:30:00-05:00,380.05999755859375,380.409912109375,379.8900146484375,380.04998779296875,518611
2025-11-26 09:30:00-05:00,382.3800048828125,382.45001220703125,380.4599914550781,381.05499267578125,2402831
2025-11-26 10:30:00-05:00,382.8450012207031,383.20001220703125,382.260009765625,382.3399963378906,1409745
2025-11-26 11:30:00-05:00,383.4200134277344,383.6000061035156,382.7799987792969,382.8399963378906,943217
2025-11-26 12:30:00-05:00,383.3699951171875,383.7749938964844,383.17498779296875,383.42999267578125,1520567
2025-11-26 13:30:00-05:00,383.3800048828125,383.6099853515625,382.4700012207031,383.3800048828125,1096554
2025-11-26 14:30:00-05:00,383.19000244140625,383.4599914550781,382.79998779296875,383.4100036621094,536546
2025-11-26 15:30:00-05:00,383.05999755859375,383.4049987792969,382.8599853515625,383.17999267578125,948081
2025-11-28 09:30:00-05:00,386.04998779296875,387.1499938964844,384.989990234375,385.9800109863281,1738343
2025-11-28 10:30:00-05:00,387.239990234375,387.3900146484375,385.7799987792969,386.04998779296875,1344802
2025-11-28 11:30:00-05:00,386.981201171875,387.510009765625,386.6099853515625,387.25,1596752
2025-12-01 09:30:00-05:00,388.8599853515625,390.7001037597656,388.06048583984375,390.6099853515625,4165143
2025-12-01 10:30:00-05:00,389.989990234375,390.0400085449219,388.2900085449219,388.8800048828125,1578086
2025-12-01 11:30:00-05:00,389.53009033203125,390.2799987792969,388.4549865722656,390.0,1474922
2025-12-01 12:30:00-05:00,390.0299987792969,390.1462097167969,389.0799865722656,389.5799865722656,771367
2025-12-01 13:30:00-05:00,390.1400146484375,390.4100036621094,389.5799865722656,390.05999755859375,1030216
2025-12-01 14:30:00-05:00,389.739990234375,390.339599609375,388.9700012207031,390.1199951171875,837549
2025-12-01 15:30:00-05:00,389.7300109863281,390.0799865722656,389.45001220703125,389.75,1024671
2025-12-02 09:30:00-05:00,385.1400146484375,388.9800109863281,385.0199890136719,388.8699951171875,2264966
2025-12-02 10:30:00-05:00,384.1449890136719,385.5199890136719,382.9103088378906,385.1050109863281,1810524
2025-12-02 11:30:00-05:00,385.5849914550781,385.6300048828125,384.1300048828125,384.1300048828125,835637
2025-12-02 12:30:00-05:00,385.29998779296875,385.97698974609375,385.25,385.5799865722656,484720
2025-12-02 13:30:00-05:00,386.0150146484375,386.1199951171875,384.72698974609375,385.2699890136719,735207
2025-12-02 14:30:00-05:00,386.1499938964844,386.3500061035156,385.6600036621094,386.0199890136719,492992
2025-12-02 15:30:00-05:00,387.19000244140625,387.4200134277344,386.1400146484375,386.1400146484375,879527
2025-12-03 09:30:00-05:00,388.2900085449219,390.1293029785156,386.7716064453125,388.4599914550781,2304219
2025-12-03 10:30:00-05:00,387.9700012207031,388.95001220703125,387.4200134277344,388.2200012207031,872727
2025-12-03 11:30:00-05:00,387.05999755859375,388.55999755859375,385.9100036621094,387.9949951171875,820078
2025-12-03 12:30:00-05:00,386.3999938964844,387.6600036621094,386.0899963378906,387.1000061035156,859753
2025-12-03 13:30:00-05:00,386.80499267578125,386.8599853515625,385.8299865722656,386.3999938964844,829946
2025-12-03 14:30:00-05:00,387.20001220703125,387.42999267578125,386.67999267578125,386.80499267578125,529975
2025-12-03 15:30:00-05:00,386.8599853515625,387.2699890136719,386.6099853515625,387.19000244140625,504294
2025-12-04 09:30:00-05:00,386.6700134277344,387.3800048828125,385.3999938964844,386.9200134277344,1988850
2025-12-04 10:30:00-05:00,387.67999267578125,388.0,386.3999938964844,386.69000244140625,888838
2025-12-04 11:30:00-05:00,387.17498779296875,387.7099914550781,386.8399963378906,387.6700134277344,1219358
2025-12-04 12:30:00-05:00,387.3900146484375,387.7900085449219,387.0400085449219,387.1600036621094,823917
2025-12-04 13:30:00-05:00,386.6199951171875,387.38421630859375,386.1300048828125,387.364990234375,738082
2025-12-04 14:30:00-05:00,386.9200134277344,387.1400146484375,386.57000732421875,386.6000061035156,423011
2025-12-04 15:30:00-05:00,387.1000061035156,387.1600036621094,386.69000244140625,386.9100036621094,468165
2025-12-05 09:30:00-05:00,390.79998779296875,390.79998779296875,388.8500061035156,389.1199951171875,2290006
2025-12-05 10:30:00-05:00,387.82000732421875,391.7349853515625,386.19000244140625,390.79998779296875,2628869
2025-12-05 11:30:00-05:00,387.79998779296875,387.9371032714844,386.95001220703125,387.82000732421875,1289445
2025-12-05 12:30:00-05:00,387.4200134277344,388.1199951171875,386.80999755859375,387.9100036621094,672599
2025-12-05 13:30:00-05:00,387.1199951171875,387.6700134277344,386.54998779296875,387.3900146484375,565098
2025-12-05 14:30:00-05:00,386.510009765625,387.2090148925781,386.44000244140625,387.1199951171875,987324
2025-12-05 15:30:00-05:00,386.4599914550781,386.7499084472656,386.17498779296875,386.5,758154
2025-12-08 09:30:00-05:00,385.4750061035156,387.2300109863281,384.010009765625,387.0199890136719,2440900
2025-12-08 10:30:00-05:00,385.7900085449219,385.8999938964844,384.1099853515625,385.4750061035156,964458
2025-12-08 11:30:00-05:00,385.510009765625,386.0199890136719,384.8900146484375,385.79998779296875,537203
2025-12-08 12:30:00-05:00,385.2099914550781,385.8500061035156,385.0299987792969,385.510009765625,659864
2025-12-08 13:30:00-05:00,385.0899963378906,385.5,384.760009765625,385.2099914550781,462638
2025-12-08 14:30:00-05:00,385.25,385.4599914550781,384.8399963378906,385.0899963378906,650471
2025-12-08 15:30:00-05:00,385.4200134277344,385.80999755859375,385.25,385.25,803691
2025-12-09 09:30:00-05:00,386.8200988769531,387.19000244140625,385.2699890136719,385.6199951171875,1709740
2025-12-09 10:30:00-05:00,387.48291015625,388.114990234375,386.1000061035156,386.8599853515625,1291957
2025-12-09 11:30:00-05:00,386.9599914550781,388.2099914550781,386.67999267578125,387.489990234375,861090
2025-12-09 12:30:00-05:00,386.9200134277344,387.0899963378906,386.3299865722656,386.9549865722656,526558
2025-12-09 13:30:00-05:00,387.0299987792969,387.3999938964844,386.5899963378906,386.92999267578125,364416
2025-12-09 14:30:00-05:00,387.2099914550781,387.7349853515625,386.92999267578125,387.0299987792969,479418
2025-12-09 15:30:00-05:00,387.3900146484375,387.510009765625,387.05999755859375,387.20001220703125,526895
2025-12-10 09:30:00-05:00,385.95001220703125,386.4200134277344,385.17999267578125,385.95001220703125,1662403
2025-12-10 10:30:00-05:00,386.2799987792969,386.3299865722656,385.3299865722656,385.92999267578125,543291
2025-12-10 11:30:00-05:00,386.30999755859375,386.7300109863281,386.1099853515625,386.2900085449219,870204
2025-12-10 12:30:00-05:00,385.93499755859375,386.45001220703125,385.6499938964844,386.30999755859375,332005
2025-12-10 13:30:00-05:00,386.1400146484375,388.0899963378906,385.3999938964844,385.9200134277344,1333360
2025-12-10 14:30:00-05:00,389.25250244140625,389.760009765625,384.5,386.07000732421875,2459704
2025-12-10 15:30:00-05:00,388.9800109863281,389.706298828125,388.9800109863281,389.29998779296875,1454107
2025-12-11 09:30:00-05:00,389.685791015625,390.25,388.5,389.0199890136719,2406783
2025-12-11 10:30:00-05:00,391.44000244140625,391.8399963378906,389.69000244140625,389.7099914550781,1894032
2025-12-11 11:30:00-05:00,393.17999267578125,393.7099914550781,391.2699890136719,391.4599914550781,2149942
2025-12-11 12:30:00-05:00,393.67999267578125,394.0899963378906,392.80999755859375,393.19000244140625,959509
2025-12-11 13:30:00-05:00,392.9200134277344,393.864990234375,391.8999938964844,393.69000244140625,1024765
2025-12-11 14:30:00-05:00,392.5199890136719,393.3500061035156,392.0799865722656,392.9150085449219,907645
2025-12-11 15:30:00-05:00,393.2799987792969,393.29998779296875,392.510009765625,392.5199890136719,1359100
2025-12-12 09:30:00-05:00,395.5,400.3900146484375,395.2900085449219,399.1549987792969,6167850
2025-12-12 10:30:00-05:00,394.5,397.4599914550781,392.8500061035156,395.4599914550781,3718771
2025-12-12 11:30:00-05:00,393.78509521484375,394.6199951171875,391.4700012207031,394.4700012207031,2307264
2025-12-12 12:30:00-05:00,395.0400085449219,395.7900085449219,393.7900085449219,393.7900085449219,1109850
2025-12-12 13:30:00-05:00,395.1300048828125,395.4800109863281,394.5199890136719,395.04998779296875,1018281
2025-12-12 14:30:00-05:00,394.85009765625,395.760009765625,394.67999267578125,395.1300048828125,977962
2025-12-12 15:30:00-05:00,395.4200134277344,395.7300109863281,394.4200134277344,394.8500061035156,1218439
2025-12-15 09:30:00-05:00,396.70001220703125,398.7099914550781,396.44500732421875,397.760009765625,2688546
2025-12-15 10:30:00-05:00,395.0199890136719,398.0199890136719,394.7300109863281,396.70001220703125,1929882
2025-12-15 11:30:00-05:00,395.57000732421875,395.70001220703125,394.07379150390625,395.0400085449219,1701820
2025-12-15 12:30:00-05:00,395.9049987792969,396.010009765625,395.3500061035156,395.55999755859375,1234012
2025-12-15 13:30:00-05:00,396.2799987792969,397.04998779296875,395.6499938964844,395.9049987792969,1103940
2025-12-15 14:30:00-05:00,395.8500061035156,396.7799987792969,395.3500061035156,396.2900085449219,953260
2025-12-15 15:30:00-05:00,395.80999755859375,396.1000061035156,395.4200134277344,395.8550109863281,1008382
2025-12-16 09:30:00-05:00,397.3550109863281,398.7099914550781,396.5480041503906,397.75,2605159
2025-12-16 10:30:00-05:00,396.1000061035156,398.2300109863281,395.7301025390625,397.4200134277344,1364561
2025-12-16 11:30:00-05:00,395.6675109863281,396.44000244140625,394.5899963378906,396.1000061035156,1352106
2025-12-16 12:30:00-05:00,395.54998779296875,396.2207946777344,395.19000244140625,395.6400146484375,742518
2025-12-16 13:30:00-05:00,395.9100036621094,396.6600036621094,395.1199951171875,395.54998779296875,939369
2025-12-16 14:30:00-05:00,396.4200134277344,396.885009765625,395.8800048828125,395.93499755859375,1222002
2025-12-16 15:30:00-05:00,395.8450012207031,396.54998779296875,395.6700134277344,396.4200134277344,475796
2025-12-17 09:30:00-05:00,399.43499755859375,399.6199951171875,397.79998779296875,398.0799865722656,2948722
2025-12-17 10:30:00-05:00,397.92999267578125,399.9800109863281,397.25,399.4599914550781,2062294
2025-12-17 11:30:00-05:00,398.82501220703125,399.1300048828125,397.6199951171875,397.885009765625,1356577
2025-12-17 12:30:00-05:00,399.2898864746094,399.75,398.7267150878906,398.8399963378906,972350
2025-12-17 13:30:00-05:00,399.1199951171875,399.4700012207031,398.0899963378906,399.2200012207031,838399
2025-12-17 14:30:00-05:00,399.25,399.3699951171875,398.2200012207031,399.1000061035156,735020
2025-12-17 15:30:00-05:00,399.2550048828125,399.7181091308594,399.0,399.260009765625,1166629
2025-12-18 09:30:00-05:00,398.3699951171875,399.1000061035156,396.04998779296875,398.2799987792969,3214803
2025-12-18 10:30:00-05:00,401.48651123046875,402.2099914550781,398.19500732421875,398.25,2497832
2025-12-18 11:30:00-05:00,397.8865966796875,401.9121398925781,397.3399963378906,401.489990234375,2690879
2025-12-18 12:30:00-05:00,398.2900085449219,399.1300048828125,397.5799865722656,397.8999938964844,1039497
2025-12-18 13:30:00-05:00,398.4110107421875,399.0199890136719,397.67999267578125,398.2799987792969,658920
2025-12-18 14:30:00-05:00,398.25,398.6000061035156,397.3500061035156,398.4143981933594,698654
2025-12-18 15:30:00-05:00,398.5299987792969,398.8599853515625,398.1600036621094,398.25,767598
2025-12-19 09:30:00-05:00,398.8699951171875,399.70001220703125,397.1700134277344,397.9200134277344,1774989
2025-12-19 10:30:00-05:00,399.75,400.489990234375,398.760009765625,398.79998779296875,1844946
2025-12-19 11:30:00-05:00,400.2200012207031,400.3699951171875,399.42999267578125,399.75,1220752
2025-12-19 12:30:00-05:00,400.45001220703125,400.6300048828125,400.0,400.2200012207031,787963
2025-12-19 13:30:00-05:00,399.82000732421875,400.489990234375,399.3900146484375,400.44000244140625,883452
2025-12-19 14:30:00-05:00,399.5799865722656,400.0299987792969,399.20001220703125,399.80999755859375,1502145
2025-12-19 15:30:00-05:00,399.0199890136719,399.57000732421875,398.7900085449219,399.57000732421875,1463213
2025-12-22 09:30:00-05:00,406.2799987792969,407.3299865722656,405.7200012207031,406.9800109863281,4590525
2025-12-22 10:30:00-05:00,408.1199951171875,408.3699951171875,406.1650085449219,406.2900085449219,2453639
2025-12-22 11:30:00-05:00,407.7650146484375,408.5199890136719,407.67999267578125,408.1050109863281,1608913
2025-12-22 12:30:00-05:00,407.7799987792969,408.25,407.5710144042969,407.7650146484375,809056
2025-12-22 13:30:00-05:00,407.6199951171875,408.05999755859375,407.25,407.7900085449219,975349
2025-12-22 14:30:00-05:00,407.57501220703125,408.2099914550781,407.510009765625,407.6199951171875,1052023
2025-12-22 15:30:00-05:00,408.25,408.32000732421875,407.5299987792969,407.57000732421875,1761704
2025-12-23 09:30:00-05:00,408.3299865722656,410.4200134277344,407.1000061035156,410.29998779296875,3858579
2025-12-23 10:30:00-05:00,410.1372985839844,410.4599914550781,408.239990234375,408.2699890136719,1674268
2025-12-23 11:30:00-05:00,411.625,411.8399963378906,409.6199951171875,410.1600036621094,1731715
2025-12-23 12:30:00-05:00,411.6099853515625,411.95001220703125,410.8900146484375,411.6400146484375,1087672
2025-12-23 13:30:00-05:00,412.79998779296875,413.3699951171875,411.1700134277344,411.6300048828125,1386109
2025-12-23 14:30:00-05:00,412.989990234375,413.239990234375,412.6199951171875,412.7950134277344,1172756
2025-12-23 15:30:00-05:00,413.5899963378906,413.760009765625,412.75,412.9989929199219,1454805
2025-12-24 09:30:00-05:00,410.8399963378906,412.6300048828125,409.9599914550781,412.25,2949374
2025-12-24 10:30:00-05:00,410.7478942871094,411.1400146484375,408.8299865722656,410.80999755859375,1819114
2025-12-24 11:30:00-05:00,411.6300048828125,412.5400085449219,410.6014099121094,410.75,1034172
2025-12-26 09:30:00-05:00,416.8901062011719,416.95001220703125,414.95001220703125,416.4800109863281,2640072
2025-12-26 10:30:00-05:00,417.989990234375,418.45001220703125,416.760009765625,416.8699951171875,2125864
2025-12-26 11:30:00-05:00,415.44000244140625,418.04998779296875,415.3299865722656,418.010009765625,1223474
2025-12-26 12:30:00-05:00,415.4800109863281,416.0,414.75,415.4100036621094,1121807
2025-12-26 13:30:00-05:00,416.5450134277344,417.05999755859375,415.3599853515625,415.510009765625,815332
2025-12-26 14:30:00-05:00,415.9700012207031,417.07470703125,415.6499938964844,416.510009765625,748333
2025-12-26 15:30:00-05:00,416.67999267578125,416.9200134277344,415.9100036621094,415.9599914550781,1273868
2025-12-29 09:30:00-05:00,397.1401062011719,403.760009765625,395.3299865722656,403.6600036621094,8002009
2025-12-29 10:30:00-05:00,398.5150146484375,399.32000732421875,396.8699951171875,397.1400146484375,3242563
2025-12-29 11:30:00-05:00,398.05499267578125,399.7799987792969,397.45001220703125,398.5168151855469,1860112
2025-12-29 12:30:00-05:00,397.92999267578125,398.5899963378906,396.75,398.05499267578125,1921614
2025-12-29 13:30:00-05:00,398.20001220703125,398.7699890136719,397.79998779296875,397.9200134277344,992424
2025-12-29 14:30:00-05:00,399.1400146484375,399.4849853515625,398.1700134277344,398.2200012207031,1401599
2025-12-29 15:30:00-05:00,398.56500244140625,399.2099914550781,397.7453308105469,399.1400146484375,2088374
2025-12-30 09:30:00-05:00,401.3500061035156,403.79998779296875,400.3999938964844,403.6000061035156,2879544
2025-12-30 10:30:00-05:00,401.6199951171875,402.0799865722656,400.2900085449219,401.44000244140625,1410300
2025-12-30 11:30:00-05:00,402.1369934082031,402.8299865722656,401.0199890136719,401.614990234375,958954
2025-12-30 12:30:00-05:00,401.6700134277344,402.45001220703125,401.1400146484375,402.1499938964844,786257
2025-12-30 13:30:00-05:00,401.32501220703125,401.75,401.0,401.7099914550781,728288
2025-12-30 14:30:00-05:00,399.8900146484375,401.3699951171875,398.70001220703125,401.3399963378906,1301836
2025-12-30 15:30:00-05:00,399.010009765625,400.32000732421875,398.55999755859375,399.92999267578125,1270508
2025-12-31 09:30:00-05:00,398.6400146484375,400.1300048828125,397.6400146484375,398.6000061035156,2212773
2025-12-31 10:30:00-05:00,397.4150085449219,399.010009765625,397.07000732421875,398.6300048828125,1636196
2025-12-31 11:30:00-05:00,397.0,397.8299865722656,396.6600036621094,397.45001220703125,1061875
2025-12-31 12:30:00-05:00,397.739990234375,397.989990234375,396.8299865722656,396.989990234375,961771
2025-12-31 13:30:00-05:00,396.739990234375,397.760009765625,396.54998779296875,397.75,572350
2025-12-31 14:30:00-05:00,396.54998779296875,396.8800048828125,395.5899963378906,396.75250244140625,1565978
2025-12-31 15:30:00-05:00,396.30999755859375,397.385009765625,395.79998779296875,396.54998779296875,1574995
2026-01-02 09:30:00-05:00,398.69000244140625,401.80999755859375,398.18499755859375,401.6199951171875,3960800
2026-01-02 10:30:00-05:00,397.3900146484375,399.70001220703125,396.75,398.75,1499911
2026-01-02 11:30:00-05:00,398.0400085449219,398.5090026855469,396.7699890136719,397.3599853515625,1356340
2026-01-02 12:30:00-05:00,397.05999755859375,398.25,396.3500061035156,398.05999755859375,907635
2026-01-02 13:30:00-05:00,397.04998779296875,397.4595031738281,396.25,397.07000732421875,691845
2026-01-02 14:30:00-05:00,398.0199890136719,398.1099853515625,396.92999267578125,397.05999755859375,834258
2026-01-02 15:30:00-05:00,398.32501220703125,398.32501220703125,397.7200012207031,398.010009765625,815987
2026-01-05 09:30:00-05:00,408.70001220703125,409.7200012207031,406.1499938964844,406.3900146484375,5082777
2026-01-05 10:30:00-05:00,408.3500061035156,409.3399963378906,407.8500061035156,408.7300109863281,1739091
2026-01-05 11:30:00-05:00,408.885009765625,409.6000061035156,407.55999755859375,408.3500061035156,1763557
2026-01-05 12:30:00-05:00,408.3800048828125,409.05999755859375,408.0199890136719,408.8550109863281,860289
2026-01-05 13:30:00-05:00,408.4100036621094,409.0899963378906,407.7200012207031,408.3500061035156,1062950
2026-01-05 14:30:00-05:00,408.7799987792969,408.8999938964844,408.13238525390625,408.3999938964844,793085
2026-01-05 15:30:00-05:00,408.69000244140625,408.8465881347656,408.0400085449219,408.7799987792969,1437664
2026-01-06 09:30:00-05:00,411.8699951171875,412.8999938964844,411.0299987792969,411.0450134277344,2921906
2026-01-06 10:30:00-05:00,412.1700134277344,412.2300109863281,410.30999755859375,411.6737060546875,1827204
2026-01-06 11:30:00-05:00,412.5150146484375,412.8500061035156,412.1000061035156,412.323486328125,1527311
2026-01-06 12:30:00-05:00,412.45001220703125,413.239990234375,412.0199890136719,412.6300048828125,1289538
2026-01-06 13:30:00-05:00,411.989990234375,412.70001220703125,411.6436767578125,412.45001220703125,1048089
2026-01-06 14:30:00-05:00,412.4800109863281,412.5799865722656,411.75,411.9800109863281,1158093
2026-01-06 15:30:00-05:00,413.3299865722656,413.4800109863281,412.2699890136719,412.29998779296875,1111440
2026-01-07 09:30:00-05:00,408.3999938964844,409.4100036621094,406.6499938964844,408.6300048828125,3087844
2026-01-07 10:30:00-05:00,409.8500061035156,410.1700134277344,408.20001220703125,408.3800048828125,1483857
2026-01-07 11:30:00-05:00,409.8999938964844,410.80999755859375,409.7510070800781,409.82000732421875,1205703
2026-01-07 12:30:00-05:00,409.30999755859375,410.19000244140625,408.8299865722656,409.92999267578125,816266
2026-01-07 13:30:00-05:00,409.1600036621094,409.92999267578125,408.6700134277344,409.3500061035156,721104
2026-01-07 14:30:00-05:00,409.8799133300781,410.19000244140625,409.1600036621094,409.1600036621094,771233
2026-01-07 15:30:00-05:00,409.2300109863281,410.0899963378906,409.1199951171875,409.8800048828125,1232585
2026-01-08 09:30:00-05:00,408.8500061035156,409.42999267578125,406.3999938964844,406.7900085449219,2344595
2026-01-08 10:30:00-05:00,409.3409118652344,409.75799560546875,408.7200012207031,408.82000732421875,995124
2026-01-08 11:30:00-05:00,410.07000732421875,410.45001220703125,409.20001220703125,409.34698486328125,777253
2026-01-08 12:30:00-05:00,409.260009765625,410.3500061035156,408.9725036621094,410.1000061035156,678332
2026-01-08 13:30:00-05:00,408.7699890136719,409.4800109863281,408.510009765625,409.1600036621094,819558
2026-01-08 14:30:00-05:00,410.8500061035156,411.2200012207031,408.760009765625,408.760009765625,974024
2026-01-08 15:30:00-05:00,411.489990234375,411.6400146484375,410.8699951171875,410.8699951171875,1796396
2026-01-09 09:30:00-05:00,414.18011474609375,414.70001220703125,411.79998779296875,413.2149963378906,3092224
2026-01-09 10:30:00-05:00,414.07000732421875,415.2900085449219,413.6700134277344,414.2018127441406,2200665
2026-01-09 11:30:00-05:00,414.07000732421875,414.760009765625,413.7799987792969,414.0350036621094,1953080
2026-01-09 12:30:00-05:00,412.9200134277344,414.6199951171875,412.0350036621094,414.0400085449219,1424845
2026-01-09 13:30:00-05:00,413.6199951171875,414.1499938964844,412.9100036621094,412.94000244140625,1425323
2026-01-09 14:30:00-05:00,414.2300109863281,414.5899963378906,413.3299865722656,413.5899963378906,1380367
2026-01-09 15:30:00-05:00,414.4599914550781,414.6700134277344,413.9599914550781,414.239990234375,1751148
2026-01-12 09:30:00-05:00,424.7200012207031,424.989990234375,421.5199890136719,421.5199890136719,7055957
2026-01-12 10:30:00-05:00,424.7200012207031,425.739990234375,424.54998779296875,424.739990234375,3233122
2026-01-12 11:30:00-05:00,424.4200134277344,425.0299987792969,423.6000061035156,424.7099914550781,2384807
2026-01-12 12:30:00-05:00,423.42999267578125,424.8450012207031,422.9649963378906,424.42498779296875,1258911
2026-01-12 13:30:00-05:00,424.45001220703125,424.489990234375,423.2099914550781,423.44879150390625,1578071
2026-01-12 14:30:00-05:00,423.1199951171875,424.6549987792969,422.860107421875,424.4800109863281,1938733
2026-01-12 15:30:00-05:00,422.18011474609375,423.3399963378906,422.0,423.1199951171875,2709274
2026-01-13 09:30:00-05:00,423.7300109863281,426.1199951171875,422.989990234375,424.5899963378906,4583939
2026-01-13 10:30:00-05:00,422.739990234375,424.8699951171875,422.25,423.7300109863281,1718052
2026-01-13 11:30:00-05:00,423.8399963378906,424.3999938964844,422.6000061035156,422.75,1239592
2026-01-13 12:30:00-05:00,422.1600036621094,424.0400085449219,421.1600036621094,423.82000732421875,2874652
2026-01-13 13:30:00-05:00,422.3299865722656,423.1300048828125,421.4800109863281,422.1600036621094,2196767
2026-01-13 14:30:00-05:00,421.9200134277344,422.8699951171875,421.80999755859375,422.3299865722656,1512044
2026-01-13 15:30:00-05:00,421.6000061035156,421.9700012207031,420.07000732421875,421.92498779296875,2174687
2026-01-14 09:30:00-05:00,424.32989501953125,426.1199951171875,422.8398132324219,426.0299987792969,5227671
2026-01-14 10:30:00-05:00,424.8949890136719,425.20001220703125,423.79998779296875,424.32000732421875,2245739
2026-01-14 11:30:00-05:00,423.94000244140625,425.010009765625,423.3900146484375,424.8699951171875,1917634
2026-01-14 12:30:00-05:00,425.4800109863281,425.6400146484375,422.9700012207031,423.94000244140625,2532046
2026-01-14 13:30:00-05:00,426.12188720703125,426.8599853515625,425.42999267578125,425.4700012207031,1586596
2026-01-14 14:30:00-05:00,426.04998779296875,426.739990234375,425.30999755859375,426.1300048828125,2155186
2026-01-14 15:30:00-05:00,425.94000244140625,426.1600036621094,425.260009765625,426.0400085449219,1989782
2026-01-15 09:30:00-05:00,424.243896484375,424.44000244140625,422.7900085449219,423.0199890136719,5140306
2026-01-15 10:30:00-05:00,423.80999755859375,425.05999755859375,423.5,424.2099914550781,2097078
2026-01-15 11:30:00-05:00,423.760009765625,424.0199890136719,422.8699951171875,423.82000732421875,1305708
2026-01-15 12:30:00-05:00,424.5299987792969,424.70001220703125,423.70001220703125,423.70001220703125,1028894
2026-01-15 13:30:00-05:00,424.4200134277344,424.79998779296875,423.989990234375,424.5400085449219,1218769
2026-01-15 14:30:00-05:00,423.2699890136719,424.5199890136719,422.8299865722656,424.42999267578125,1297043
2026-01-15 15:30:00-05:00,423.30999755859375,423.6600036621094,423.0799865722656,423.260009765625,1878559
2026-01-16 09:30:00-05:00,419.67999267578125,424.79998779296875,419.6600036621094,422.79998779296875,4895823
2026-01-16 10:30:00-05:00,422.1499938964844,422.6499938964844,417.0400085449219,419.6700134277344,6631940
2026-01-16 11:30:00-05:00,420.92999267578125,422.7869873046875,420.75,422.1600036621094,1893582
2026-01-16 12:30:00-05:00,421.94000244140625,422.1199951171875,420.79998779296875,420.9100036621094,1274417
2026-01-16 13:30:00-05:00,421.42999267578125,422.5799865722656,421.1099853515625,421.9599914550781,2551694
2026-01-16 14:30:00-05:00,421.8550109863281,422.54998779296875,421.42999267578125,421.4327087402344,1532444
2026-01-16 15:30:00-05:00,421.2200012207031,421.8999938964844,421.1400146484375,421.8500061035156,1638469
2026-01-20 09:30:00-05:00,434.2699890136719,436.760009765625,434.1000061035156,436.69000244140625,7693350
2026-01-20 10:30:00-05:00,435.7799987792969,436.0799865722656,434.1000061035156,434.239990234375,3711398
2026-01-20 11:30:00-05:00,437.1300048828125,437.32000732421875,435.739990234375,435.75,2505535
2026-01-20 12:30:00-05:00,437.67913818359375,438.12579345703125,436.82000732421875,437.1199951171875,1976914
2026-01-20 13:30:00-05:00,437.5199890136719,438.139892578125,436.8900146484375,437.6700134277344,1283362
2026-01-20 14:30:00-05:00,436.67999267578125,437.9599914550781,436.42010498046875,437.5249938964844,1317299
2026-01-20 15:30:00-05:00,437.2850036621094,437.3999938964844,436.5199890136719,436.6600036621094,1788609
2026-01-21 09:30:00-05:00,444.07000732421875,447.9999084472656,442.4100036621094,446.8699951171875,12019455
2026-01-21 10:30:00-05:00,444.8699951171875,446.3800048828125,443.8699951171875,444.0899963378906,3452996
2026-01-21 11:30:00-05:00,443.1600036621094,445.82000732421875,442.5199890136719,444.8699951171875,4059321
2026-01-21 12:30:00-05:00,443.9100036621094,444.1600036621094,441.3999938964844,443.1991882324219,3037482
2026-01-21 13:30:00-05:00,442.67999267578125,446.2200012207031,441.6300048828125,444.4898986816406,3805087
2026-01-21 14:30:00-05:00,440.9649963378906,443.247802734375,437.1099853515625,442.7300109863281,7636175
2026-01-21 15:30:00-05:00,443.7200012207031,443.7900085449219,440.8500061035156,440.8500061035156,4234412
2026-01-22 09:30:00-05:00,446.1300048828125,446.30999755859375,443.55999755859375,443.8399963378906,5012296
2026-01-22 10:30:00-05:00,448.1650085449219,448.5799865722656,446.0769958496094,446.1300048828125,2727253
2026-01-22 11:30:00-05:00,449.4100036621094,449.7900085449219,447.4800109863281,448.17620849609375,2319921
2026-01-22 12:30:00-05:00,451.2900085449219,451.7699890136719,449.3299865722656,449.4585876464844,2066136
2026-01-22 13:30:00-05:00,451.6700134277344,452.6300048828125,451.0400085449219,451.2900085449219,2211135
2026-01-22 14:30:00-05:00,452.7398986816406,452.9841003417969,450.9100036621094,451.70001220703125,1999649
2026-01-22 15:30:00-05:00,451.9200134277344,452.8699951171875,451.6099853515625,452.739990234375,1881517
2026-01-23 09:30:00-05:00,454.5498962402344,455.6400146484375,453.45440673828125,454.1099853515625,4863347
2026-01-23 10:30:00-05:00,458.31500244140625,458.4200134277344,454.489990234375,454.5849914550781,3543256
2026-01-23 11:30:00-05:00,458.1099853515625,458.57000732421875,457.4200134277344,458.3299865722656,2085373
2026-01-23 12:30:00-05:00,457.69000244140625,458.5799865722656,456.1300048828125,458.1199951171875,2258071
2026-01-23 13:30:00-05:00,457.5700988769531,457.79998779296875,455.7699890136719,457.7300109863281,2541677
2026-01-23 14:30:00-05:00,457.92999267578125,458.75,456.9800109863281,457.5799865722656,2862889
2026-01-23 15:30:00-05:00,457.8399963378906,458.2300109863281,457.45001220703125,457.92999267578125,2709848
2026-01-26 09:30:00-05:00,467.92999267578125,468.5799865722656,466.42999267578125,466.7799987792969,8295928
2026-01-26 10:30:00-05:00,466.5162048339844,469.25,466.0400085449219,467.92999267578125,4610412
2026-01-26 11:30:00-05:00,467.7300109863281,468.54998779296875,465.5535888671875,466.54998779296875,3559933
2026-01-26 12:30:00-05:00,467.42999267578125,469.2799987792969,466.6000061035156,467.7099914550781,3189320
2026-01-26 13:30:00-05:00,462.1199951171875,467.4483947753906,461.5,467.3999938964844,6108239
2026-01-26 14:30:00-05:00,464.7699890136719,464.7799987792969,460.3599853515625,462.05999755859375,4024461
2026-01-26 15:30:00-05:00,464.7099914550781,465.2799987792969,462.7099914550781,464.79998779296875,2755517
2026-01-27 09:30:00-05:00,465.9818115234375,467.1700134277344,463.95001220703125,465.07000732421875,6522292
2026-01-27 10:30:00-05:00,468.67498779296875,469.1099853515625,465.9200134277344,465.9879150390625,2433173
2026-01-27 11:30:00-05:00,467.7300109863281,468.7499084472656,466.94000244140625,468.7099914550781,2324549
2026-01-27 12:30:00-05:00,467.4150085449219,467.8599853515625,466.6099853515625,467.6600036621094,1419107
2026-01-27 13:30:00-05:00,467.639892578125,468.3599853515625,467.010009765625,467.5,1337558
2026-01-27 14:30:00-05:00,472.5799865722656,473.5299987792969,467.6300048828125,467.6400146484375,4842883
2026-01-27 15:30:00-05:00,475.92999267578125,476.489990234375,471.7300109863281,472.55999755859375,6793415
2026-01-28 09:30:00-05:00,484.3900146484375,487.0400085449219,481.2500915527344,483.3900146484375,9802689
2026-01-28 10:30:00-05:00,486.0198974609375,486.6000061035156,484.1300048828125,484.44000244140625,3475487
2026-01-28 11:30:00-05:00,487.42999267578125,487.79998779296875,484.9599914550781,486.0299987792969,3274901
2026-01-28 12:30:00-05:00,487.6600036621094,489.5400085449219,485.610107421875,487.4299011230469,4233349
2026-01-28 13:30:00-05:00,485.6300048828125,487.95001220703125,484.2200012207031,487.6700134277344,4755857
2026-01-28 14:30:00-05:00,492.20001220703125,492.30999755859375,485.3500061035156,485.6099853515625,6787356
2026-01-28 15:30:00-05:00,494.3500061035156,495.8800048828125,492.0400085449219,492.1700134277344,6735702
2026-01-29 09:30:00-05:00,476.9200134277344,509.70001220703125,469.04998779296875,509.510009765625,28235988
2026-01-29 10:30:00-05:00,486.0150146484375,486.7099914550781,468.510009765625,476.9200134277344,14674250
2026-01-29 11:30:00-05:00,492.75,493.260009765625,480.3265075683594,485.9700012207031,6679528
2026-01-29 12:30:00-05:00,489.7300109863281,494.1199951171875,487.80999755859375,492.5400085449219,5145179
2026-01-29 13:30:00-05:00,488.7099914550781,492.8699951171875,487.2699890136719,489.8450012207031,4877614
2026-01-29 14:30:00-05:00,488.6700134277344,489.6000061035156,485.3599853515625,488.7349853515625,4492414
2026-01-29 15:30:00-05:00,495.73529052734375,496.8999938964844,487.8699951171875,488.7200012207031,3637236
2026-01-30 09:30:00-05:00,464.1400146484375,470.05999755859375,457.67999267578125,466.2449951171875,16693438
2026-02-02 13:30:00-05:00,426.75,429.31500244140625,425.7250061035156,428.7301025390625,17296801
2026-02-02 14:30:00-05:00,429.260009765625,433.18499755859375,426.10009765625,426.75,3418244
2026-02-02 15:30:00-05:00,427.5799865722656,431.3999938964844,427.07501220703125,429.2699890136719,2565963
2026-02-03 09:30:00-05:00,452.6900939941406,454.8999938964844,449.7699890136719,452.6300048828125,9086391
2026-02-03 10:30:00-05:00,457.125,457.82000732421875,451.07000732421875,452.7799987792969,3101163
2026-02-03 11:30:00-05:00,454.8699951171875,459.0,452.510009765625,457.0799865722656,3871054
2026-02-03 12:30:00-05:00,451.25,456.3074951171875,450.85009765625,454.8500061035156,3441734
2026-02-03 13:30:00-05:00,453.1199951171875,453.45001220703125,448.30999755859375,451.2200012207031,3970392
2026-02-03 14:30:00-05:00,453.99249267578125,454.8699951171875,450.54998779296875,453.0799865722656,2311761
2026-02-03 15:30:00-05:00,454.45001220703125,455.6199951171875,453.29998779296875,453.94000244140625,1700191
2026-02-04 09:30:00-05:00,455.65948486328125,463.1000061035156,454.69000244140625,462.4700012207031,7526827
2026-02-04 10:30:00-05:00,452.5450134277344,456.0899963378906,449.19000244140625,455.7300109863281,4339706
2026-02-04 11:30:00-05:00,452.0400085449219,453.5,445.7099914550781,452.5400085449219,4529209
2026-02-04 12:30:00-05:00,452.7950134277344,453.5799865722656,447.8500061035156,451.989990234375,3065930
2026-02-04 13:30:00-05:00,453.4700012207031,455.0,450.6311950683594,452.7699890136719,1465328
2026-02-04 14:30:00-05:00,452.3999938964844,455.69000244140625,452.20001220703125,453.4800109863281,1441139
2026-02-04 15:30:00-05:00,453.8699951171875,455.04998779296875,451.69000244140625,452.4599914550781,1191510
2026-02-05 09:30:00-05:00,442.8550109863281,447.4898986816406,441.5,444.2900085449219,5828713
2026-02-05 10:30:00-05:00,445.6400146484375,446.4100036621094,441.0,442.80999755859375,2346123
2026-02-05 11:30:00-05:00,447.260009765625,450.8999938964844,445.1099853515625,445.9100036621094,2394283
2026-02-05 12:30:00-05:00,447.45001220703125,448.8399963378906,445.70001220703125,447.1400146484375,1026155
2026-02-05 13:30:00-05:00,445.7900085449219,447.7799987792969,444.5799865722656,447.3599853515625,1158576
2026-02-05 14:30:00-05:00,443.3299865722656,445.95001220703125,441.989990234375,445.7900085449219,1360151
2026-02-05 15:30:00-05:00,442.0,443.9800109863281,440.3500061035156,443.3699951171875,1876503
2026-02-06 09:30:00-05:00,455.1549987792969,456.21990966796875,450.17498779296875,450.6099853515625,4246780
2026-02-06 10:30:00-05:00,453.82000732421875,454.9399108886719,452.2300109863281,454.8399963378906,1388674
2026-02-06 11:30:00-05:00,455.3949890136719,455.9599914550781,452.9700012207031,453.8800048828125,1236147
2026-02-06 12:30:00-05:00,455.5,456.92999267578125,454.3205871582031,455.4599914550781,615382
2026-02-06 13:30:00-05:00,455.6449890136719,456.6000061035156,455.0603942871094,455.44000244140625,997059
2026-02-06 14:30:00-05:00,455.3800048828125,456.1499938964844,454.5799865722656,455.6199951171875,1324862
2026-02-06 15:30:00-05:00,455.3500061035156,455.3800048828125,453.6600036621094,455.3800048828125,2227398
2026-02-09 09:30:00-05:00,462.6899108886719,463.4599914550781,460.8500061035156,461.3900146484375,3519627
2026-02-09 10:30:00-05:00,466.239990234375,466.9599914550781,462.6700134277344,462.69000244140625,2192951
2026-02-09 11:30:00-05:00,465.8500061035156,467.07000732421875,465.1499938964844,466.3349914550781,991752
2026-02-09 12:30:00-05:00,464.55999755859375,466.1000061035156,463.30999755859375,465.8999938964844,797381
2026-02-09 13:30:00-05:00,466.3999938964844,466.44000244140625,464.0400085449219,464.5899963378906,671200
2026-02-09 14:30:00-05:00,466.99951171875,467.1099853515625,466.29998779296875,466.45001220703125,1547867
2026-02-09 15:30:00-05:00,466.92999267578125,467.55999755859375,466.2300109863281,466.9851989746094,1604208
2026-02-10 09:30:00-05:00,462.5,466.75,461.3699951171875,465.9599914550781,2635327
2026-02-10 10:30:00-05:00,460.489990234375,462.9700012207031,459.5199890136719,462.489990234375,1557359
2026-02-10 11:30:00-05:00,462.9800109863281,463.1885986328125,460.2799987792969,460.4599914550781,617620
2026-02-10 12:30:00-05:00,460.2900085449219,463.2300109863281,459.8999938964844,462.930908203125,626663
2026-02-10 13:30:00-05:00,461.5299987792969,461.6000061035156,459.9200134277344,460.30499267578125,494850
2026-02-10 14:30:00-05:00,462.20001220703125,462.67999267578125,461.44000244140625,461.55999755859375,529868
2026-02-10 15:30:00-05:00,462.3900146484375,463.760009765625,462.0799865722656,462.1300048828125,964484
2026-02-11 09:30:00-05:00,464.0,467.1000061035156,462.82000732421875,466.0,4040348
2026-02-11 10:30:00-05:00,465.19000244140625,465.510009765625,463.1400146484375,463.9700012207031,1451378
2026-02-11 11:30:00-05:00,467.6099853515625,468.0,464.5899963378906,465.1700134277344,974694
2026-02-11 12:30:00-05:00,466.3399963378906,468.6099853515625,465.6700134277344,467.5899963378906,1479757
2026-02-11 13:30:00-05:00,468.0249938964844,468.2699890136719,466.0899963378906,466.29998779296875,956841
2026-02-11 14:30:00-05:00,467.3999938964844,468.0249938964844,466.6300048828125,468.0249938964844,897936
2026-02-11 15:30:00-05:00,467.5199890136719,467.8900146484375,466.760009765625,467.3900146484375,981360
2026-02-12 09:30:00-05:00,465.5199890136719,466.0,462.94000244140625,464.8999938964844,2705440
2026-02-12 10:30:00-05:00,449.8999938964844,466.3799133300781,448.05999755859375,465.489990234375,6612310
2026-02-12 11:30:00-05:00,456.1000061035156,457.6600036621094,449.6000061035156,449.7699890136719,4566869
2026-02-12 12:30:00-05:00,452.7099914550781,457.0,450.75,456.0799865722656,1863149
2026-02-12 13:30:00-05:00,453.010009765625,454.92999267578125,452.54998779296875,452.7699890136719,1006937
2026-02-12 14:30:00-05:00,452.1499938964844,455.4599914550781,452.07000732421875,453.07000732421875,1391856
2026-02-12 15:30:00-05:00,451.55999755859375,452.6549987792969,451.1199951171875,452.1199951171875,1543561
2026-02-13 09:30:00-05:00,460.44171142578125,460.7300109863281,456.25,459.7300109863281,3138149
2026-02-13 10:30:00-05:00,462.1300048828125,462.7298889160156,457.1000061035156,460.44000244140625,3223575
2026-02-13 11:30:00-05:00,461.2099914550781,462.1600036621094,460.1199951171875,462.1300048828125,1119734
2026-02-13 12:30:00-05:00,461.5799865722656,462.4100036621094,460.94000244140625,461.1700134277344,760651
2026-02-13 13:30:00-05:00,463.4100036621094,463.83990478515625,461.4444885253906,461.55999755859375,1150098
2026-02-13 14:30:00-05:00,462.2099914550781,463.55999755859375,461.75,463.3999938964844,1152513
2026-02-13 15:30:00-05:00,462.6000061035156,462.79998779296875,461.5400085449219,462.19000244140625,1181244
2026-02-17 09:30:00-05:00,446.69000244140625,450.9898986816406,445.5299987792969,450.260009765625,4034233
2026-02-17 10:30:00-05:00,448.82000732421875,449.75,445.8800048828125,446.7699890136719,1639369
2026-02-17 11:30:00-05:00,447.1099853515625,449.20001220703125,445.7699890136719,448.8599853515625,1360371
2026-02-17 12:30:00-05:00,449.1099853515625,449.4800109863281,446.1000061035156,447.07000732421875,817118
2026-02-17 13:30:00-05:00,448.75,451.3699951171875,448.489990234375,449.00750732421875,1055987
2026-02-17 14:30:00-05:00,448.2699890136719,449.19000244140625,447.8299865722656,448.718505859375,758912
2026-02-17 15:30:00-05:00,448.2300109863281,448.8500061035156,447.8937072753906,448.239990234375,858447
2026-02-18 09:30:00-05:00,459.94500732421875,460.4200134277344,455.3240051269531,455.80999755859375,4223948
2026-02-18 10:30:00-05:00,459.2200012207031,459.989990234375,458.67999267578125,459.9525146484375,916628
2026-02-18 11:30:00-05:00,459.42999267578125,460.510009765625,458.989990234375,459.1700134277344,945273
2026-02-18 12:30:00-05:00,458.3900146484375,459.7900085449219,458.2699890136719,459.44000244140625,723022
2026-02-18 13:30:00-05:00,457.54998779296875,459.0685119628906,456.9200134277344,458.3900146484375,1224364
2026-02-18 14:30:00-05:00,457.3800048828125,458.0997009277344,457.010009765625,457.539306640625,840116
2026-02-18 15:30:00-05:00,458.1400146484375,458.3500061035156,457.32000732421875,457.3699951171875,860020
2026-02-19 09:30:00-05:00,460.9100036621094,460.94000244140625,456.0299987792969,457.3399963378906,2635743
2026-02-19 10:30:00-05:00,459.2799987792969,461.5050048828125,458.5899963378906,460.8900146484375,1259183
2026-02-19 11:30:00-05:00,458.8399963378906,460.29998779296875,458.5299987792969,459.30999755859375,904918
2026-02-19 12:30:00-05:00,457.3800048828125,459.05499267578125,457.20001220703125,458.82000732421875,752823
2026-02-19 13:30:00-05:00,458.4100036621094,458.5400085449219,457.0899963378906,457.3399963378906,606791
2026-02-19 14:30:00-05:00,458.989990234375,459.1099853515625,457.427001953125,458.3900146484375,683918
2026-02-19 15:30:00-05:00,459.55999755859375,459.67999267578125,458.9100036621094,458.9800109863281,914559
2026-02-20 09:30:00-05:00,461.82000732421875,465.3699951171875,458.3399963378906,463.25,4628279
2026-02-20 10:30:00-05:00,464.3999938964844,464.7099914550781,461.135009765625,461.95001220703125,1176214
2026-02-20 11:30:00-05:00,465.4164123535156,466.25,464.3399963378906,464.3800048828125,1487469
2026-02-20 12:30:00-05:00,464.92999267578125,466.5299987792969,464.45001220703125,465.3999938964844,898256
2026-02-20 13:30:00-05:00,465.9200134277344,466.4599914550781,464.75,464.9200134277344,1362087
2026-02-20 14:30:00-05:00,467.32501220703125,467.5,465.92999267578125,465.9599914550781,1573547
2026-02-20 15:30:00-05:00,468.4800109863281,468.5899963378906,467.1300048828125,467.32000732421875,2562216
2026-02-23 09:30:00-05:00,477.69000244140625,478.2699890136719,474.6099853515625,474.6499938964844,4888585
2026-02-23 10:30:00-05:00,479.2300109863281,479.6499938964844,475.6300048828125,477.7099914550781,2341998
2026-02-23 11:30:00-05:00,478.8299865722656,479.57940673828125,477.8699951171875,479.2699890136719,2213644
2026-02-23 12:30:00-05:00,478.4200134277344,479.3299865722656,477.1000061035156,478.8804016113281,1580818
2026-02-23 13:30:00-05:00,478.7699890136719,479.2699890136719,478.4100036621094,478.4599914550781,938739
2026-02-23 14:30:00-05:00,480.1951904296875,480.29998779296875,478.6700134277344,478.760009765625,2106638
2026-02-23 15:30:00-05:00,481.30999755859375,481.4599914550781,480.1499938964844,480.20001220703125,2738335
2026-02-24 09:30:00-05:00,472.19000244140625,472.9800109863281,469.54998779296875,470.0849914550781,4488337
2026-02-24 10:30:00-05:00,472.70001220703125,473.809814453125,471.82000732421875,472.1700134277344,1695141
2026-02-24 11:30:00-05:00,474.05999755859375,474.5400085449219,471.5199890136719,472.7200012207031,2272847
2026-02-24 12:30:00-05:00,474.0799865722656,475.1700134277344,473.8500061035156,474.0400085449219,1331667
2026-02-24 13:30:00-05:00,473.44000244140625,474.510009765625,472.9700012207031,474.0799865722656,983511
2026-02-24 14:30:00-05:00,474.9690856933594,475.1199951171875,472.9599914550781,473.4800109863281,862046
2026-02-24 15:30:00-05:00,474.5799865722656,475.44000244140625,474.0199890136719,474.9800109863281,1794329
2026-02-25 09:30:00-05:00,476.0,478.1099853515625,474.1000061035156,475.739990234375,4223395
2026-02-25 10:30:00-05:00,478.1600036621094,478.4599914550781,475.2799987792969,476.010009765625,1117063
2026-02-25 11:30:00-05:00,479.0400085449219,479.5299987792969,477.82000732421875,478.1400146484375,1361201
2026-02-25 12:30:00-05:00,478.52288818359375,479.2398986816406,478.2099914550781,479.1300048828125,673713
2026-02-25 13:30:00-05:00,478.0899963378906,478.6000061035156,477.1099853515625,478.5249938964844,741622
2026-02-25 14:30:00-05:00,476.63250732421875,478.70001220703125,476.29998779296875,478.1199951171875,1872937
2026-02-25 15:30:00-05:00,473.455810546875,476.9800109863281,472.8999938964844,476.6600036621094,1909809
2026-02-26 09:30:00-05:00,472.3599853515625,475.55999755859375,471.2300109863281,474.95001220703125,2975553
2026-02-26 10:30:00-05:00,476.0299987792969,477.1499938964844,472.226806640625,472.29998779296875,2064501
2026-02-26 11:30:00-05:00,475.3999938964844,476.9198913574219,475.3299865722656,475.9599914550781,1012388
2026-02-26 12:30:00-05:00,475.6050109863281,475.75,474.25,475.3599853515625,931565
2026-02-26 13:30:00-05:00,476.4100036621094,476.7300109863281,474.07000732421875,475.6300048828125,1152630
2026-02-26 14:30:00-05:00,477.1536865234375,477.5299987792969,476.2200012207031,476.4700012207031,1173161
2026-02-26 15:30:00-05:00,477.4700012207031,477.8299865722656,476.7737121582031,477.1524963378906,989669
2026-02-27 09:30:00-05:00,480.760009765625,481.5799865722656,479.1099853515625,480.75,4269139
2026-02-27 10:30:00-05:00,481.05999755859375,483.1730041503906,479.8900146484375,480.7799987792969,2860101
2026-02-27 11:30:00-05:00,480.510009765625,481.44000244140625,480.0150146484375,481.07000732421875,1867713
2026-02-27 12:30:00-05:00,480.70001220703125,481.3800048828125,479.7099914550781,480.4599914550781,1228670
2026-02-27 13:30:00-05:00,482.2799987792969,482.6700134277344,480.32000732421875,480.69000244140625,1487649
2026-02-27 14:30:00-05:00,483.1000061035156,483.6000061035156,481.8999938964844,482.3349914550781,1191588
2026-02-27 15:30:00-05:00,483.739990234375,483.8999938964844,482.8800048828125,483.0799865722656,2344890
2026-03-02 09:30:00-05:00,489.7699890136719,492.1499938964844,487.5,490.0950012207031,7903796
2026-03-02 10:30:00-05:00,487.93499755859375,491.4800109863281,483.2799987792969,489.7550048828125,3987035
2026-03-02 11:30:00-05:00,487.4800109863281,488.1300048828125,485.37310791015625,487.9100036621094,2791355
2026-03-02 12:30:00-05:00,486.8399963378906,488.8999938964844,486.05010986328125,487.4599914550781,1186435
2026-03-02 13:30:00-05:00,489.8699951171875,490.1000061035156,486.1600036621094,486.8500061035156,946826
2026-03-02 14:30:00-05:00,490.0799865722656,491.3299865722656,489.1449890136719,489.9100036621094,1389116
2026-03-02 15:30:00-05:00,489.9800109863281,491.14849853515625,489.8800048828125,490.1499938964844,1206822
2026-03-03 09:30:00-05:00,463.4100036621094,472.8800048828125,458.92999267578125,472.8299865722656,9930361
2026-03-03 10:30:00-05:00,469.79998779296875,471.0400085449219,462.7701110839844,463.3699951171875,3784136
2026-03-03 11:30:00-05:00,467.17498779296875,471.7300109863281,466.8500061035156,469.7749938964844,1935793
2026-03-03 12:30:00-05:00,469.7799072265625,470.1700134277344,465.4100036621094,467.19000244140625,1536252
2026-03-03 13:30:00-05:00,469.239990234375,473.20001220703125,468.80999755859375,469.67999267578125,1671328
2026-03-03 14:30:00-05:00,470.7200012207031,471.44000244140625,468.57000732421875,469.25,1114335
2026-03-03 15:30:00-05:00,468.2200012207031,471.0400085449219,467.32000732421875,470.760009765625,1819404
2026-03-04 09:30:00-05:00,473.8599853515625,476.4150085449219,471.44000244140625,474.82000732421875,3341769
2026-03-04 10:30:00-05:00,472.92999267578125,474.79998779296875,471.614990234375,473.8599853515625,1340137
2026-03-04 11:30:00-05:00,471.6300048828125,474.0799865722656,470.3999938964844,472.8999938964844,1626696
2026-03-04 12:30:00-05:00,470.7099914550781,472.95001220703125,469.54998779296875,471.6600036621094,994643
2026-03-04 13:30:00-05:00,470.8500061035156,472.0,469.3900146484375,470.739990234375,581817
2026-03-04 14:30:00-05:00,472.0,472.2799987792969,470.739990234375,470.8399963378906,722464
2026-03-04 15:30:00-05:00,471.75,472.8999938964844,471.55999755859375,472.1600036621094,949591
2026-03-05 09:30:00-05:00,467.19000244140625,470.6700134277344,464.7799987792969,470.45001220703125,4214412
2026-03-05 10:30:00-05:00,465.1050109863281,468.82000732421875,464.7300109863281,467.20001220703125,1204305
2026-03-05 11:30:00-05:00,466.1300048828125,467.4700012207031,464.239990234375,465.1700134277344,1157714
2026-03-05 12:30:00-05:00,465.79998779296875,466.3291015625,463.9100036621094,466.19000244140625,1226433
2026-03-05 13:30:00-05:00,465.3999938964844,467.07000732421875,464.94000244140625,465.739990234375,889817
2026-03-05 14:30:00-05:00,466.62249755859375,467.9599914550781,464.4100036621094,465.3800048828125,1158109
2026-03-05 15:30:00-05:00,466.2099914550781,466.80999755859375,465.9200134277344,466.6600036621094,1244008
2026-03-06 09:30:00-05:00,474.260009765625,475.1400146484375,467.07000732421875,469.0400085449219,4231926
2026-03-06 10:30:00-05:00,472.44500732421875,474.6400146484375,471.7300109863281,474.25,1212193
2026-03-06 11:30:00-05:00,472.4649963378906,472.989990234375,470.92999267578125,472.5,1250419
2026-03-06 12:30:00-05:00,473.239990234375,473.3999938964844,471.6000061035156,472.510009765625,789358
2026-03-06 13:30:00-05:00,474.6000061035156,475.4599914550781,473.07000732421875,473.19000244140625,880995
2026-03-06 14:30:00-05:00,473.510009765625,474.8349914550781,473.4100036621094,474.57000732421875,772678
2026-03-06 15:30:00-05:00,473.5199890136719,474.25,473.1099853515625,473.5299987792969,926446
2026-03-09 09:30:00-04:00,466.8900146484375,469.5899963378906,464.7900085449219,468.0899963378906,3227577
2026-03-09 10:30:00-04:00,468.5,470.043701171875,466.6300048828125,466.8299865722656,1164117
2026-03-09 11:30:00-04:00,468.9800109863281,469.4200134277344,467.95001220703125,468.4700012207031,771295
2026-03-09 12:30:00-04:00,468.0799865722656,469.5199890136719,467.70001220703125,468.92999267578125,685897
2026-03-09 13:30:00-04:00,469.0299987792969,469.2099914550781,467.5899963378906,468.1099853515625,583260
2026-03-09 14:30:00-04:00,472.2500915527344,472.6300048828125,468.95001220703125,469.010009765625,1176119
2026-03-09 15:30:00-04:00,472.45001220703125,472.67999267578125,470.92999267578125,472.260009765625,936834
2026-03-10 09:30:00-04:00,478.6000061035156,479.7699890136719,476.4200134277344,479.739990234375,2413053
2026-03-10 10:30:00-04:00,480.1189880371094,480.3900146484375,478.0,478.6499938964844,1471164
2026-03-10 11:30:00-04:00,480.739990234375,481.30999755859375,479.8999938964844,480.1400146484375,1099024
2026-03-10 12:30:00-04:00,480.8599853515625,481.04998779296875,479.9674987792969,480.7650146484375,883981
2026-03-10 13:30:00-04:00,478.14990234375,481.010009765625,474.2099914550781,480.8800048828125,1424048
2026-03-10 14:30:00-04:00,477.8699951171875,478.5599060058594,476.3622131347656,478.125,716358
2026-03-10 15:30:00-04:00,477.7300109863281,477.8999938964844,475.9599914550781,477.8949890136719,1145427
2026-03-11 09:30:00-04:00,477.2799987792969,477.3900146484375,473.1300048828125,476.1300048828125,2159498
2026-03-11 10:30:00-04:00,475.25,477.45001220703125,474.8800048828125,477.25,1410704
2026-03-11 11:30:00-04:00,474.7799987792969,475.5400085449219,474.4800109863281,475.25,762459
2026-03-11 12:30:00-04:00,475.2200012207031,476.05999755859375,474.69000244140625,474.7699890136719,787927
2026-03-11 13:30:00-04:00,475.75,475.80999755859375,473.4800109863281,475.2300109863281,828017
2026-03-11 14:30:00-04:00,475.7099914550781,475.8299865722656,474.9599914550781,475.75,650309
2026-03-11 15:30:00-04:00,476.260009765625,476.29998779296875,475.6000061035156,475.7200012207031,682912
2026-03-12 09:30:00-04:00,473.30499267578125,475.0199890136719,472.7250061035156,475.0199890136719,1572869
2026-03-12 10:30:00-04:00,471.1099853515625,473.42999267578125,469.3500061035156,473.29998779296875,2006396
2026-03-12 11:30:00-04:00,471.3599853515625,471.94000244140625,470.1099853515625,471.114990234375,1088068
2026-03-12 12:30:00-04:00,470.17999267578125,471.8799133300781,469.67999267578125,471.3500061035156,1442539
2026-03-12 13:30:00-04:00,468.8900146484375,470.2950134277344,468.5199890136719,470.19000244140625,1764235
2026-03-12 14:30:00-04:00,467.8399963378906,468.8800048828125,466.6000061035156,468.8500061035156,1860118
2026-03-12 15:30:00-04:00,466.9800109863281,468.1300048828125,466.6600036621094,467.8450012207031,1582631
2026-03-13 09:30:00-04:00,467.4800109863281,470.10198974609375,466.9200134277344,469.30999755859375,1947439
2026-03-13 10:30:00-04:00,465.1499938964844,467.79998779296875,462.6044006347656,467.4700927734375,2295759
2026-03-13 11:30:00-04:00,463.1199951171875,465.6000061035156,461.1099853515625,465.114990234375,2323677
2026-03-13 12:30:00-04:00,464.4599914550781,465.04998779296875,463.0799865722656,463.1199951171875,1348138
2026-03-13 13:30:00-04:00,463.17999267578125,465.20001220703125,462.70001220703125,464.5299987792969,941638
2026-03-13 14:30:00-04:00,462.55999755859375,463.9100036621094,462.30999755859375,463.0899963378906,893984
2026-03-13 15:30:00-04:00,460.79998779296875,462.7499084472656,460.2200012207031,462.5400085449219,1514718
2026-03-16 09:30:00-04:00,460.6400146484375,462.79998779296875,460.6199951171875,461.2650146484375,2498885
2026-03-16 10:30:00-04:00,458.54998779296875,460.6700134277344,457.9100036621094,460.6199951171875,1873408
2026-03-16 11:30:00-04:00,457.5,459.6300048828125,457.2799987792969,458.54998779296875,1269940
2026-03-16 12:30:00-04:00,458.9200134277344,459.70001220703125,456.9049987792969,457.4393005371094,844981
2026-03-16 13:30:00-04:00,459.8699951171875,460.0599060058594,457.8699951171875,458.94000244140625,619149
2026-03-16 14:30:00-04:00,460.239990234375,461.1700134277344,459.7900085449219,459.8800048828125,834625
2026-03-16 15:30:00-04:00,460.45001220703125,460.8299865722656,460.07000732421875,460.2300109863281,666503
2026-03-17 09:30:00-04:00,460.1199951171875,462.2099914550781,459.79998779296875,460.510009765625,2589551
2026-03-17 10:30:00-04:00,458.8500061035156,461.1199951171875,458.7200012207031,460.05999755859375,976071
2026-03-17 11:30:00-04:00,459.7200012207031,459.8399963378906,456.8699951171875,458.80999755859375,1187014
2026-03-17 12:30:00-04:00,459.54998779296875,460.114990234375,459.0899963378906,459.7200012207031,521285
2026-03-17 13:30:00-04:00,459.6831970214844,460.20001220703125,458.9549865722656,459.57000732421875,461679
2026-03-17 14:30:00-04:00,459.2980041503906,460.1400146484375,459.1499938964844,459.69000244140625,757546
2026-03-17 15:30:00-04:00,459.29998779296875,459.6499938964844,458.989990234375,459.30999755859375,863893
2026-03-18 09:30:00-04:00,446.510009765625,449.6300048828125,445.54998779296875,446.6600036621094,6429946
2026-03-18 10:30:00-04:00,447.510009765625,448.2799987792969,446.1000061035156,446.5,1926798
2026-03-18 11:30:00-04:00,448.4898986816406,448.5398864746094,446.4800109863281,447.510009765625,1524884
2026-03-18 12:30:00-04:00,449.29998779296875,449.95001220703125,447.6600036621094,448.4700012207031,2089178
2026-03-18 13:30:00-04:00,448.8900146484375,450.05999755859375,448.05999755859375,449.2900085449219,1329833
2026-03-18 14:30:00-04:00,445.4100036621094,449.0799865722656,444.8999938964844,448.7900085449219,2744565
2026-03-18 15:30:00-04:00,444.8299865722656,446.4800109863281,444.3900146484375,445.4200134277344,1521989
2026-03-19 09:30:00-04:00,421.1300048828125,426.9599914550781,416.79998779296875,420.3599853515625,13466957
2026-03-19 10:30:00-04:00,422.7698059082031,426.0199890136719,420.7513122558594,421.1300048828125,3407273
2026-03-19 11:30:00-04:00,422.3900146484375,424.8500061035156,419.29998779296875,422.67999267578125,2932708
2026-03-19 12:30:00-04:00,422.75,423.75,420.05999755859375,422.42498779296875,2600879
2026-03-19 13:30:00-04:00,423.30999755859375,425.1600036621094,422.42999267578125,422.79998779296875,1896568
2026-03-19 14:30:00-04:00,426.5199890136719,428.2677001953125,422.1099853515625,423.2799987792969,2961686
2026-03-19 15:30:00-04:00,426.4649963378906,427.07000732421875,425.3999938964844,426.510009765625,1852610
2026-03-20 09:30:00-04:00,418.69000244140625,428.5899963378906,418.0199890136719,428.0899963378906,5174368
2026-03-20 10:30:00-04:00,419.1050109863281,421.1600036621094,417.04998779296875,418.67999267578125,3530207
2026-03-20 11:30:00-04:00,421.1600036621094,423.80999755859375,417.3901062011719,419.07000732421875,3029382
2026-03-20 12:30:00-04:00,419.95001220703125,422.5199890136719,419.54998779296875,421.1700134277344,4135870
2026-03-20 13:30:00-04:00,418.3599853515625,420.5199890136719,416.71270751953125,419.9599914550781,2513450
2026-03-20 14:30:00-04:00,413.17999267578125,418.55999755859375,411.2300109863281,418.32000732421875,4723278
2026-03-20 15:30:00-04:00,413.54998779296875,414.8599853515625,412.6300048828125,413.25,3003985
2026-03-23 09:30:00-04:00,412.1199951171875,414.5400085449219,404.0,405.1199951171875,12295257
2026-03-23 10:30:00-04:00,408.5299987792969,413.7799987792969,406.75,412.0899963378906,4303426
2026-03-23 11:30:00-04:00,400.03741455078125,409.29998779296875,399.6401062011719,408.4599914550781,5311720
2026-03-23 12:30:00-04:00,404.614990234375,405.489990234375,399.8900146484375,400.04998779296875,3393830
2026-03-23 13:30:00-04:00,406.5299987792969,407.7300109863281,404.3699951171875,404.6499938964844,2894029
2026-03-23 14:30:00-04:00,405.1300048828125,410.3299865722656,403.54998779296875,406.5299987792969,3913848
2026-03-23 15:30:00-04:00,404.0379943847656,406.69000244140625,403.94000244140625,405.1400146484375,3134458
2026-03-24 09:30:00-04:00,405.0400085449219,405.5799865722656,399.20001220703125,400.239990234375,5488977
2026-03-24 10:30:00-04:00,405.3550109863281,407.2900085449219,403.79998779296875,404.9599914550781,2782504
2026-03-24 11:30:00-04:00,406.0899963378906,407.010009765625,404.42999267578125,405.3399963378906,1816150
2026-03-24 12:30:00-04:00,404.1499938964844,406.75,403.07000732421875,406.0899963378906,2059277
2026-03-24 13:30:00-04:00,404.8399963378906,405.1099853515625,401.6000061035156,404.1300048828125,1863414
2026-03-24 14:30:00-04:00,404.8399963378906,406.3500061035156,402.7099914550781,404.8900146484375,1395964
2026-03-24 15:30:00-04:00,404.1799011230469,404.8800048828125,403.739990234375,404.8800048828125,1128321
2026-03-25 09:30:00-04:00,419.1300048828125,420.42999267578125,416.3900146484375,419.7049865722656,4028242
2026-03-25 10:30:00-04:00,418.8912048339844,420.6600036621094,415.6000061035156,419.1866149902344,2337196
2026-03-25 11:30:00-04:00,418.4800109863281,419.30999755859375,417.4599914550781,418.9200134277344,1363901
2026-03-25 12:30:00-04:00,418.2799987792969,418.989990234375,417.30999755859375,418.42999267578125,1717784
2026-03-25 13:30:00-04:00,418.19000244140625,419.7799987792969,417.57000732421875,418.3500061035156,2314526
2026-03-25 14:30:00-04:00,414.6199951171875,418.75,412.25,418.17999267578125,2126637
2026-03-25 15:30:00-04:00,416.2850036621094,416.4800109863281,413.9700012207031,414.6300048828125,1292946
2026-03-26 09:30:00-04:00,409.4599914550781,410.4800109863281,406.76141357421875,408.5299987792969,3954486
2026-03-26 10:30:00-04:00,409.15838623046875,411.3699951171875,408.32000732421875,409.489990234375,1440829
2026-03-26 11:30:00-04:00,403.7799987792969,409.07000732421875,402.80999755859375,409.0299987792969,2097994
2026-03-26 12:30:00-04:00,402.5,404.29998779296875,401.010009765625,403.7099914550781,2225858
2026-03-26 13:30:00-04:00,401.6700134277344,403.3800048828125,401.1000061035156,402.54998779296875,1681530
2026-03-26 14:30:00-04:00,402.2799987792969,403.989990234375,401.5976867675781,401.69000244140625,1382715
2026-03-26 15:30:00-04:00,400.6400146484375,402.96929931640625,400.260009765625,402.2900085449219,1941317
2026-03-27 09:30:00-04:00,409.2850036621094,410.69000244140625,405.4100036621094,406.20001220703125,3631761
2026-03-27 10:30:00-04:00,417.3399963378906,418.3999938964844,408.9049987792969,409.20001220703125,3988819
2026-03-27 11:30:00-04:00,415.92999267578125,418.17999267578125,414.94000244140625,417.3699951171875,1805396
2026-03-27 12:30:00-04:00,412.7900085449219,415.989990234375,412.1300048828125,415.9800109863281,2398133
2026-03-27 13:30:00-04:00,414.239990234375,414.4100036621094,412.04998779296875,412.7699890136719,1485071
2026-03-27 14:30:00-04:00,415.489990234375,415.989990234375,414.0400085449219,414.2699890136719,1341332
2026-03-27 15:30:00-04:00,414.6899108886719,415.7799072265625,413.45001220703125,415.5299987792969,1201093
2026-03-30 09:30:00-04:00,415.05999755859375,420.1000061035156,414.44000244140625,419.5400085449219,3932538
2026-03-30 10:30:00-04:00,416.260009765625,417.3699951171875,414.8900146484375,415.0299987792969,1673538
2026-03-30 11:30:00-04:00,416.7149963378906,418.5400085449219,415.8999938964844,416.25,1399348
2026-03-30 12:30:00-04:00,415.8500061035156,417.8299865722656,415.0899963378906,416.70001220703125,1242471
2026-03-30 13:30:00-04:00,414.54998779296875,415.9200134277344,414.25,415.82000732421875,2022214
2026-03-30 14:30:00-04:00,413.489990234375,415.1000061035156,412.6600036621094,414.5899963378906,1540748
2026-03-30 15:30:00-04:00,414.5899963378906,415.0299987792969,413.1499938964844,413.5,924365
2026-03-31 09:30:00-04:00,424.3194885253906,424.8699951171875,419.5899963378906,420.07501220703125,3072946
2026-03-31 10:30:00-04:00,423.4800109863281,425.3699951171875,422.1014099121094,424.3500061035156,2065735
2026-03-31 11:30:00-04:00,424.2099914550781,424.75,423.1700134277344,423.489990234375,1306251
2026-03-31 12:30:00-04:00,426.9800109863281,427.9200134277344,423.9599914550781,424.25,2346618
2026-03-31 13:30:00-04:00,428.5,428.94000244140625,426.70001220703125,427.0,1281347
2026-03-31 14:30:00-04:00,429.3299865722656,430.05999755859375,428.1499938964844,428.4800109863281,1709406
2026-03-31 15:30:00-04:00,430.2449951171875,430.57000732421875,429.2799987792969,429.3399963378906,2075708
2026-04-01 09:30:00-04:00,435.5,436.6000061035156,433.760009765625,435.0,3819381
2026-04-01 10:30:00-04:00,438.32000732421875,438.6300048828125,434.8299865722656,435.4849853515625,2254395
2026-04-01 11:30:00-04:00,438.6099853515625,439.9849853515625,438.0199890136719,438.3399963378906,1573066
2026-04-01 12:30:00-04:00,439.4800109863281,440.19000244140625,438.510009765625,438.6099853515625,1026045
2026-04-01 13:30:00-04:00,436.5350036621094,439.54998779296875,436.3399963378906,439.4800109863281,1448925
2026-04-01 14:30:00-04:00,437.6449890136719,437.9590148925781,435.42999267578125,436.5400085449219,1347841
2026-04-01 15:30:00-04:00,437.7699890136719,438.8399963378906,436.94000244140625,437.6449890136719,1885927
2026-04-02 09:30:00-04:00,428.55999755859375,429.5199890136719,421.1700134277344,422.2900085449219,3833204
2026-04-02 10:30:00-04:00,429.17999267578125,431.6700134277344,427.9100036621094,428.6000061035156,2117558
2026-04-02 11:30:00-04:00,427.1639099121094,429.55999755859375,426.3900146484375,429.2300109863281,1050050
2026-04-02 12:30:00-04:00,427.2799987792969,429.1099853515625,427.1499938964844,427.1499938964844,950396
2026-04-02 13:30:00-04:00,427.30999755859375,427.989990234375,426.760009765625,427.3699951171875,664126
2026-04-02 14:30:00-04:00,428.5400085449219,430.0400085449219,427.32000732421875,427.32000732421875,861497
2026-04-02 15:30:00-04:00,429.239990234375,429.6300048828125,428.20001220703125,428.55999755859375,899022
2026-04-06 09:30:00-04:00,430.4895935058594,430.8599853515625,428.0,428.8699951171875,1694020
2026-04-06 10:30:00-04:00,428.7300109863281,431.489990234375,427.6000061035156,430.489990234375,812463
2026-04-06 11:30:00-04:00,428.6199951171875,429.239990234375,427.3500061035156,428.7300109863281,458617
2026-04-06 12:30:00-04:00,427.7699890136719,429.1300048828125,426.7699890136719,428.6199951171875,551504
2026-04-06 13:30:00-04:00,428.0899963378906,428.67999267578125,427.2099914550781,427.75,401380
2026-04-06 14:30:00-04:00,427.1199951171875,428.3900146484375,426.7099914550781,428.0799865722656,883660
2026-04-06 15:30:00-04:00,427.67999267578125,427.8500061035156,426.989990234375,427.1199951171875,442370
2026-04-07 09:30:00-04:00,426.6199951171875,428.3399963378906,423.1000061035156,427.8949890136719,1740286
2026-04-07 10:30:00-04:00,427.3699951171875,428.1499938964844,424.739990234375,426.6300048828125,1047012
2026-04-07 11:30:00-04:00,428.30499267578125,428.79998779296875,426.1499938964844,427.385009765625,802402
2026-04-07 12:30:00-04:00,428.04998779296875,429.20001220703125,427.44000244140625,428.3215026855469,541108
2026-04-07 13:30:00-04:00,429.875,430.4299011230469,428.0450134277344,428.1000061035156,708540
2026-04-07 14:30:00-04:00,430.54998779296875,431.9100036621094,427.7698059082031,430.0,718061
2026-04-07 15:30:00-04:00,431.7950134277344,433.42999267578125,430.0,430.5849914550781,1086648
2026-04-08 09:30:00-04:00,437.95001220703125,440.44000244140625,437.3699951171875,439.9800109863281,3166865
2026-04-08 10:30:00-04:00,436.3800048828125,438.1083068847656,434.5801086425781,437.92999267578125,1480998
2026-04-08 11:30:00-04:00,436.2749938964844,437.489990234375,435.8699951171875,436.3999938964844,940196
2026-04-08 12:30:00-04:00,436.3900146484375,437.7200012207031,435.8800048828125,436.29998779296875,476947
2026-04-08 13:30:00-04:00,433.7699890136719,436.6400146484375,433.2200012207031,436.3800048828125,949132
2026-04-08 14:30:00-04:00,432.3800048828125,434.0199890136719,431.30999755859375,433.82000732421875,1097850
2026-04-08 15:30:00-04:00,434.510009765625,434.6499938964844,432.3800048828125,432.3800048828125,802723
2026-04-09 09:30:00-04:00,437.5899963378906,438.69000244140625,436.25,436.4700012207031,1486418
2026-04-09 10:30:00-04:00,438.8299865722656,439.6000061035156,435.8699951171875,437.55999755859375,1191866
2026-04-09 11:30:00-04:00,440.0849914550781,440.82000732421875,438.7300109863281,438.79998779296875,885054
2026-04-09 12:30:00-04:00,440.1199951171875,440.67999267578125,439.32000732421875,440.05999755859375,525439
2026-04-09 13:30:00-04:00,439.1300048828125,440.9049987792969,438.69000244140625,440.19000244140625,872923
2026-04-09 14:30:00-04:00,438.3699951171875,439.260009765625,437.8599853515625,439.0299987792969,642719
2026-04-09 15:30:00-04:00,437.8500061035156,438.7699890136719,437.70001220703125,438.3699951171875,636245
2026-04-10 09:30:00-04:00,439.989990234375,440.1700134277344,437.57000732421875,438.5899963378906,1941545
2026-04-10 10:30:00-04:00,438.69500732421875,440.3500061035156,438.1400146484375,439.9800109863281,884378
2026-04-10 11:30:00-04:00,437.0398864746094,438.8999938964844,436.0,438.6499938964844,842361
2026-04-10 12:30:00-04:00,437.44000244140625,438.00250244140625,436.8900146484375,437.0299987792969,483596
2026-04-10 13:30:00-04:00,437.6600036621094,438.0299987792969,436.30999755859375,437.3999938964844,908187
2026-04-10 14:30:00-04:00,437.54998779296875,438.3800048828125,437.4700012207031,437.760009765625,398392
2026-04-10 15:30:00-04:00,437.1700134277344,437.6991882324219,436.9750061035156,437.510009765625,500755
2026-04-13 09:30:00-04:00,433.1000061035156,435.7300109863281,432.4601135253906,434.7749938964844,1396541
2026-04-13 10:30:00-04:00,432.0350036621094,433.79949951171875,431.6300048828125,433.04998779296875,644733
2026-04-13 11:30:00-04:00,434.5400085449219,434.8500061035156,431.8800048828125,432.0201110839844,604943
2026-04-13 12:30:00-04:00,435.6099853515625,436.2200012207031,434.010009765625,434.44500732421875,809563
2026-04-13 13:30:00-04:00,434.1700134277344,436.0,433.80999755859375,435.5799865722656,532749
2026-04-13 14:30:00-04:00,435.5799865722656,435.6700134277344,434.1300048828125,434.1300048828125,423324
2026-04-13 15:30:00-04:00,435.3399963378906,436.010009765625,435.2099914550781,435.5799865722656,816983
2026-04-14 09:30:00-04:00,441.7799987792969,441.889892578125,439.0199890136719,439.32000732421875,1947506
2026-04-14 10:30:00-04:00,441.1300048828125,442.5400085449219,440.07000732421875,441.7799987792969,1171814
2026-04-14 11:30:00-04:00,442.3949890136719,442.67999267578125,441.1199951171875,441.135009765625,1340401
2026-04-14 12:30:00-04:00,443.19940185546875,444.04998779296875,441.75,442.42999267578125,867939
2026-04-14 13:30:00-04:00,444.3900146484375,444.8599853515625,443.2200012207031,443.2200012207031,682252
2026-04-14 14:30:00-04:00,444.6300048828125,444.8074035644531,443.70001220703125,444.3599853515625,540184
2026-04-14 15:30:00-04:00,445.0299987792969,445.17999267578125,444.44000244140625,444.6199951171875,1510208
2026-04-15 09:30:00-04:00,443.1700134277344,443.739990234375,442.2799987792969,442.8800048828125,1996773
2026-04-15 10:30:00-04:00,440.6700134277344,443.2099914550781,440.6400146484375,443.17999267578125,1084311
2026-04-15 11:30:00-04:00,441.8800048828125,442.0400085449219,439.6000061035156,440.7200012207031,950507
2026-04-15 12:30:00-04:00,441.0400085449219,441.9599914550781,440.70001220703125,441.9200134277344,447534
2026-04-15 13:30:00-04:00,440.3900146484375,441.135009765625,440.0,441.0,392889
2026-04-15 14:30:00-04:00,441.19000244140625,441.20001220703125,440.3599853515625,440.44000244140625,479182
2026-04-15 15:30:00-04:00,440.45001220703125,441.1700134277344,440.30999755859375,441.1300048828125,744224
2026-04-16 09:30:00-04:00,440.69000244140625,442.9800109863281,439.3299865722656,442.1499938964844,1935994
2026-04-16 10:30:00-04:00,441.0199890136719,441.95001220703125,438.17999267578125,440.739990234375,695609
2026-04-16 11:30:00-04:00,440.69500732421875,441.80999755859375,440.4800109863281,440.9200134277344,519108
2026-04-16 12:30:00-04:00,439.3999938964844,440.75,439.3710021972656,440.74029541015625,446649
2026-04-16 13:30:00-04:00,439.5899963378906,440.2300109863281,439.05999755859375,439.3900146484375,397467
2026-04-16 14:30:00-04:00,439.8900146484375,440.32000732421875,439.54998779296875,439.5899963378906,362781
2026-04-16 15:30:00-04:00,440.1600036621094,440.635009765625,439.0,440.0,511553
2026-04-17 09:30:00-04:00,447.4649963378906,448.70001220703125,445.32000732421875,445.6499938964844,3133213
2026-04-17 10:30:00-04:00,446.8900146484375,448.489990234375,446.5899963378906,447.4800109863281,1436668
2026-04-17 11:30:00-04:00,447.1000061035156,447.6485900878906,445.92999267578125,446.92999267578125,876869
2026-04-17 12:30:00-04:00,446.25,447.5799865722656,445.7799987792969,447.2200012207031,783683
2026-04-17 13:30:00-04:00,446.489990234375,447.1700134277344,445.8399963378906,446.25,835931
2026-04-17 14:30:00-04:00,446.1000061035156,447.0299987792969,445.8450012207031,446.510009765625,974819
2026-04-17 15:30:00-04:00,445.8800048828125,446.5400085449219,445.74090576171875,446.1000061035156,1050100
2026-04-20 09:30:00-04:00,443.0199890136719,443.3599853515625,441.4200134277344,443.1300048828125,2476487
2026-04-20 10:30:00-04:00,441.6499938964844,443.4200134277344,440.05999755859375,443.01031494140625,1649878
2026-04-20 11:30:00-04:00,440.9150085449219,441.69000244140625,440.1839904785156,441.6199951171875,690400
2026-04-20 12:30:00-04:00,441.80499267578125,441.9200134277344,440.7250061035156,440.94000244140625,1295573
2026-04-20 13:30:00-04:00,442.1300048828125,442.3399963378906,441.32000732421875,441.7799987792969,661951
2026-04-20 14:30:00-04:00,442.4599914550781,442.82000732421875,441.8900146484375,442.1600036621094,575938
2026-04-20 15:30:00-04:00,442.1698913574219,442.4700012207031,441.69000244140625,442.4599914550781,764079
2026-04-21 09:30:00-04:00,438.44000244140625,440.2449951171875,438.010009765625,438.54998779296875,1368555
2026-04-21 10:30:00-04:00,435.510009765625,438.5299987792969,433.760009765625,438.4200134277344,1903347
2026-04-21 11:30:00-04:00,433.54998779296875,436.20001220703125,433.3800048828125,435.489990234375,721265
2026-04-21 12:30:00-04:00,431.6600036621094,434.1400146484375,431.3399963378906,433.5299987792969,738216
2026-04-21 13:30:00-04:00,431.32000732421875,433.7099914550781,430.94000244140625,431.6400146484375,1832757
2026-04-21 14:30:00-04:00,432.9150085449219,433.0,431.3599853515625,431.3599853515625,588376
2026-04-21 15:30:00-04:00,429.7099914550781,433.0199890136719,428.7099914550781,432.95001220703125,1564202
2026-04-22 09:30:00-04:00,435.6099853515625,437.1700134277344,435.3900146484375,436.2699890136719,1267079
2026-04-22 10:30:00-04:00,434.8999938964844,435.739990234375,434.2799987792969,435.67999267578125,1216870
2026-04-22 11:30:00-04:00,434.04998779296875,434.91839599609375,433.79998779296875,434.8299865722656,617683
2026-04-22 12:30:00-04:00,434.8450012207031,435.2099914550781,433.7799987792969,434.07000732421875,262791
2026-04-22 13:30:00-04:00,434.3800048828125,435.1499938964844,434.30999755859375,434.8500061035156,480726
2026-04-22 14:30:00-04:00,435.7099914550781,436.20001220703125,434.3699951171875,434.3999938964844,541218
2026-04-22 15:30:00-04:00,435.3179931640625,435.7349853515625,435.0150146484375,435.7300109863281,549595
2026-04-23 09:30:00-04:00,434.3500061035156,435.2912902832031,433.0299987792969,433.9599914550781,1241927
2026-04-23 10:30:00-04:00,434.5400085449219,435.25,433.8797912597656,434.29998779296875,490581
2026-04-23 11:30:00-04:00,433.6099853515625,434.70001220703125,432.95001220703125,434.510009765625,301289
2026-04-23 12:30:00-04:00,432.1600036621094,434.8450012207031,431.8800048828125,433.57000732421875,635912
2026-04-23 13:30:00-04:00,433.0350036621094,433.5400085449219,428.239990234375,432.1300048828125,746248
2026-04-23 14:30:00-04:00,431.4800109863281,433.3699951171875,430.7900085449219,433.07000732421875,593835
2026-04-23 15:30:00-04:00,431.07000732421875,431.6300048828125,430.4800109863281,431.4949951171875,663965
2026-04-24 09:30:00-04:00,433.9599914550781,435.2799987792969,430.65008544921875,431.3349914550781,3040403
2026-04-24 10:30:00-04:00,433.55999755859375,434.6499938964844,433.2980041503906,433.95001220703125,541984
2026-04-24 11:30:00-04:00,433.7900085449219,434.69000244140625,432.9100036621094,433.5849914550781,433294
2026-04-24 12:30:00-04:00,433.697509765625,434.3999938964844,433.3399963378906,433.7900085449219,281595
2026-04-24 13:30:00-04:00,433.20001220703125,434.1600036621094,433.1700134277344,433.67999267578125,325245
2026-04-24 14:30:00-04:00,433.3534240722656,433.9700012207031,433.1449890136719,433.17498779296875,241369
2026-04-24 15:30:00-04:00,433.1300048828125,433.4700012207031,432.75,433.3550109863281,814163
2026-04-27 09:30:00-04:00,430.6400146484375,431.79998779296875,430.29998779296875,431.6600036621094,898516
2026-04-27 10:30:00-04:00,429.82000732421875,431.2799987792969,428.5199890136719,430.510009765625,1230308
2026-04-27 11:30:00-04:00,429.3299865722656,429.9800109863281,428.5400085449219,429.80499267578125,724024
2026-04-27 12:30:00-04:00,429.69000244140625,429.69000244140625,428.6400146484375,429.3699951171875,514448
2026-04-27 13:30:00-04:00,430.1499938964844,430.29998779296875,429.635009765625,429.70001220703125,580541
2026-04-27 14:30:00-04:00,429.95001220703125,430.2200012207031,429.6099853515625,430.1300048828125,291257
2026-04-27 15:30:00-04:00,429.8699951171875,429.94000244140625,429.42999267578125,429.9200134277344,806910
2026-04-28 09:30:00-04:00,419.739990234375,421.7200012207031,419.0299987792969,420.7200012207031,2605558
2026-04-28 10:30:00-04:00,420.2200012207031,420.6549987792969,418.3999938964844,419.79998779296875,1892711
2026-04-28 11:30:00-04:00,420.82000732421875,421.17999267578125,419.6600036621094,420.1499938964844,988180
2026-04-28 12:30:00-04:00,421.82000732421875,422.139892578125,420.6099853515625,420.82000732421875,694495
2026-04-28 13:30:00-04:00,422.32000732421875,422.5199890136719,421.6499938964844,421.8299865722656,378797
2026-04-28 14:30:00-04:00,422.0199890136719,422.3500061035156,421.7799987792969,422.3299865722656,346800
2026-04-28 15:30:00-04:00,422.0,422.3919982910156,421.739990234375,422.0299987792969,579552
2026-04-29 09:30:00-04:00,416.2300109863281,416.8800048828125,414.1600036621094,416.04998779296875,1738901
2026-04-29 10:30:00-04:00,417.3299865722656,417.5,416.0246887207031,416.2449951171875,773538
2026-04-29 11:30:00-04:00,418.7900085449219,419.1705017089844,416.8999938964844,417.2699890136719,640649
2026-04-29 12:30:00-04:00,417.55999755859375,418.7200012207031,417.16009521484375,418.7200012207031,389059
2026-04-29 13:30:00-04:00,416.20001220703125,418.0199890136719,415.5400085449219,417.6199035644531,802647
2026-04-29 14:30:00-04:00,417.14849853515625,417.8900146484375,414.79998779296875,416.2200012207031,966890
2026-04-29 15:30:00-04:00,417.45001220703125,417.79998779296875,416.6400146484375,417.1300048828125,825346
2026-04-30 09:30:00-04:00,424.3599853515625,425.4599914550781,423.1300048828125,425.3399963378906,2230866
2026-04-30 10:30:00-04:00,424.3500061035156,424.4800109863281,423.2200012207031,424.2900085449219,623904
2026-04-30 11:30:00-04:00,422.9601135253906,424.55999755859375,422.7394104003906,424.364990234375,594326
2026-04-30 12:30:00-04:00,423.9200134277344,424.1199951171875,422.7799987792969,422.9599914550781,493325
2026-04-30 13:30:00-04:00,424.1148986816406,424.5350036621094,423.5899963378906,423.9100036621094,728406
2026-04-30 14:30:00-04:00,423.8500061035156,424.739990234375,423.7799987792969,424.1300048828125,644021
2026-04-30 15:30:00-04:00,423.69000244140625,424.3800048828125,423.5,423.8500061035156,701772
2026-05-01 09:30:00-04:00,426.44000244140625,427.92999267578125,421.1199951171875,421.4119873046875,1918536
2026-05-01 10:30:00-04:00,425.67999267578125,426.6199951171875,424.06500244140625,426.5,947690
2026-05-01 11:30:00-04:00,425.8013916015625,426.9200134277344,425.3100891113281,425.75,572927
2026-05-01 12:30:00-04:00,425.260009765625,426.25,425.17999267578125,425.9700012207031,282556
2026-05-01 13:30:00-04:00,424.5299987792969,425.489990234375,423.57000732421875,425.25,448828
2026-05-01 14:30:00-04:00,424.6000061035156,424.9049987792969,423.79998779296875,424.2300109863281,382067
2026-05-01 15:30:00-04:00,423.29998779296875,424.61090087890625,423.0799865722656,424.6099853515625,1063567
2026-05-04 09:30:00-04:00,419.67999267578125,420.739990234375,418.0799865722656,418.8399963378906,1357523
2026-05-04 10:30:00-04:00,416.6700134277344,420.8599853515625,414.3800048828125,419.6400146484375,1560170
2026-05-04 11:30:00-04:00,414.5299987792969,417.2099914550781,413.28009033203125,416.67999267578125,1427818
2026-05-04 12:30:00-04:00,415.44000244140625,416.1400146484375,413.8900146484375,414.5299987792969,483402
2026-05-04 13:30:00-04:00,414.29998779296875,415.75,414.1199951171875,415.42999267578125,534155
2026-05-04 14:30:00-04:00,415.2900085449219,415.57000732421875,414.2099914550781,414.29998779296875,877838
2026-05-04 15:30:00-04:00,414.760009765625,415.739990234375,414.55499267578125,415.29998779296875,729987
2026-05-05 09:30:00-04:00,420.9100036621094,421.1600036621094,419.1802978515625,420.1499938964844,1815636
2026-05-05 10:30:00-04:00,420.4100036621094,421.07000732421875,420.05999755859375,420.8999938964844,534893
2026-05-05 11:30:00-04:00,418.6400146484375,420.57000732421875,418.29998779296875,420.4100036621094,400090
2026-05-05 12:30:00-04:00,418.5201110839844,418.9200134277344,418.05999755859375,418.6499938964844,282364
2026-05-05 13:30:00-04:00,418.8800048828125,419.169189453125,418.2950134277344,418.5450134277344,233321
2026-05-05 14:30:00-04:00,418.3699951171875,419.2300109863281,418.25,418.9100036621094,401199
2026-05-05 15:30:00-04:00,418.07000732421875,418.5799865722656,417.9049987792969,418.3999938964844,394985
2026-05-06 09:30:00-04:00,432.05999755859375,433.19000244140625,429.7300109863281,430.1499938964844,2749762
2026-05-06 10:30:00-04:00,431.08648681640625,432.8699951171875,430.8900146484375,432.0950012207031,761941
2026-05-06 11:30:00-04:00,430.4200134277344,431.2699890136719,429.7850036621094,431.1000061035156,957148
2026-05-06 12:30:00-04:00,429.94000244140625,430.7799987792969,429.6400146484375,430.45001220703125,406227
2026-05-06 13:30:00-04:00,430.4800109863281,430.6600036621094,429.6000061035156,429.9549865722656,354669
2026-05-06 14:30:00-04:00,431.385009765625,431.5299987792969,430.1449890136719,430.3699951171875,484517
2026-05-06 15:30:00-04:00,430.8299865722656,431.4549865722656,430.55999755859375,431.3699951171875,942433
2026-05-07 09:30:00-04:00,436.70001220703125,436.92999267578125,434.8699951171875,435.6099853515625,1873525
2026-05-07 10:30:00-04:00,435.1199951171875,437.4200134277344,434.7900085449219,436.70001220703125,878118
2026-05-07 11:30:00-04:00,433.30499267578125,435.83990478515625,431.7900085449219,435.2200012207031,1045867
2026-05-07 12:30:00-04:00,431.3330078125,433.385009765625,430.25,433.2200012207031,1001418
2026-05-07 13:30:00-04:00,432.6499938964844,432.6700134277344,430.7799987792969,431.2900085449219,547113
2026-05-07 14:30:00-04:00,431.9100036621094,432.94000244140625,431.06500244140625,432.6700134277344,525906
2026-05-07 15:30:00-04:00,431.70001220703125,432.5299987792969,431.6499938964844,431.92999267578125,475708
2026-05-08 09:30:00-04:00,433.25,436.20001220703125,433.07000732421875,434.04998779296875,2145699
2026-05-08 10:30:00-04:00,432.70001220703125,433.92498779296875,431.902587890625,433.19000244140625,1118617
2026-05-08 11:30:00-04:00,433.2200012207031,433.239990234375,431.70001220703125,432.7499084472656,455695
2026-05-08 12:30:00-04:00,433.489990234375,433.5899963378906,432.635009765625,433.239990234375,328991
2026-05-08 13:30:00-04:00,434.0,434.2300109863281,433.3299865722656,433.4800109863281,328222
2026-05-08 14:30:00-04:00,433.7699890136719,433.9999084472656,433.44000244140625,433.95001220703125,361254
2026-05-08 15:30:00-04:00,433.80999755859375,434.0799865722656,433.5809020996094,433.760009765625,506256
2026-05-11 09:30:00-04:00,433.7699890136719,436.0400085449219,433.2200012207031,434.1820068359375,2316130
2026-05-11 10:30:00-04:00,434.55999755859375,435.04998779296875,432.9599914550781,433.7699890136719,755405
2026-05-11 11:30:00-04:00,433.7200012207031,434.7300109863281,433.5799865722656,434.6000061035156,508870
2026-05-11 12:30:00-04:00,433.20001220703125,433.893310546875,432.2099914550781,433.7200012207031,486624
2026-05-11 13:30:00-04:00,434.06500244140625,434.1000061035156,433.239990234375,433.25,444843
2026-05-11 14:30:00-04:00,433.7950134277344,434.30999755859375,433.6600036621094,434.04998779296875,448975
2026-05-11 15:30:00-04:00,434.67999267578125,434.8699951171875,433.6199951171875,433.7950134277344,451870
2026-05-12 09:30:00-04:00,430.0199890136719,431.739990234375,429.3500061035156,430.70001220703125,1328884
2026-05-12 10:30:00-04:00,427.42999267578125,430.3800048828125,425.8500061035156,429.92999267578125,1460907
2026-05-12 11:30:00-04:00,428.6000061035156,429.2200012207031,427.260009765625,427.4549865722656,443384
2026-05-12 12:30:00-04:00,429.6300048828125,429.9399108886719,428.3500061035156,428.6300048828125,324666
2026-05-12 13:30:00-04:00,430.25,430.4599914550781,429.3500061035156,429.6499938964844,641952
2026-05-12 14:30:00-04:00,431.9100036621094,431.989990234375,430.19000244140625,430.19000244140625,1256584
2026-05-12 15:30:00-04:00,432.9800109863281,432.9800109863281,431.95001220703125,431.95001220703125,776559
2026-05-13 09:30:00-04:00,430.0899963378906,430.7099914550781,428.7799987792969,430.5199890136719,1095681
2026-05-13 10:30:00-04:00,430.7850036621094,430.80999755859375,429.4599914550781,430.0799865722656,406501
2026-05-13 11:30:00-04:00,432.18499755859375,432.489990234375,430.3599853515625,430.7799987792969,642571
2026-05-13 12:30:00-04:00,431.42999267578125,432.2699890136719,431.1199951171875,432.1499938964844,346692
2026-05-13 13:30:00-04:00,430.80999755859375,431.3999938964844,430.1199951171875,431.3999938964844,467101
2026-05-13 14:30:00-04:00,430.385009765625,430.8949890136719,429.489990234375,430.79998779296875,382470
2026-05-13 15:30:00-04:00,430.4700012207031,430.6000061035156,430.05999755859375,430.3900146484375,479154
2026-05-14 09:30:00-04:00,430.6099853515625,431.5400085449219,428.04998779296875,430.29998779296875,1464455
2026-05-14 10:30:00-04:00,430.20001220703125,430.760009765625,429.3500061035156,430.6199951171875,364890
2026-05-14 11:30:00-04:00,429.3299865722656,430.4700012207031,429.05999755859375,430.1499938964844,365668
2026-05-14 12:30:00-04:00,429.3999938964844,429.8949890136719,428.7099914550781,429.30999755859375,292405
2026-05-14 13:30:00-04:00,428.9410095214844,429.760009765625,428.56201171875,429.3800048828125,217301
2026-05-14 14:30:00-04:00,428.05999755859375,429.09039306640625,428.0400085449219,428.989990234375,272210
2026-05-14 15:30:00-04:00,427.2200012207031,428.239990234375,427.1000061035156,428.0799865722656,796552
2026-05-15 09:30:00-04:00,418.260009765625,418.94000244140625,414.1199951171875,417.6400146484375,3733288
2026-05-15 10:30:00-04:00,417.489990234375,419.2484130859375,417.1199951171875,418.2900085449219,986032
2026-05-15 11:30:00-04:00,416.79998779296875,417.7875061035156,415.80999755859375,417.5400085449219,1040471
2026-05-15 12:30:00-04:00,418.4150085449219,419.0299987792969,416.82000732421875,416.9800109863281,604556
2026-05-15 13:30:00-04:00,418.5299987792969,418.9700012207031,418.05999755859375,418.4949951171875,558688
2026-05-15 14:30:00-04:00,417.7749938964844,418.95001220703125,417.6300048828125,418.5400085449219,806871
2026-05-15 15:30:00-04:00,417.30999755859375,418.2699890136719,417.2200012207031,417.8299865722656,1071556
2026-05-18 09:30:00-04:00,418.7699890136719,420.9299011230469,418.1400146484375,419.82000732421875,2155540
2026-05-18 10:30:00-04:00,416.2850036621094,418.8999938964844,416.05999755859375,418.760009765625,824127
2026-05-18 11:30:00-04:00,416.510009765625,417.7900085449219,416.2300109863281,416.260009765625,584674
2026-05-18 12:30:00-04:00,418.05999755859375,418.489990234375,416.2749938964844,416.4700012207031,396704
2026-05-18 13:30:00-04:00,416.989990234375,418.0799865722656,416.4800109863281,418.0799865722656,223092
2026-05-18 14:30:00-04:00,417.8299865722656,419.0400085449219,416.2699890136719,417.0,725214
2026-05-18 15:30:00-04:00,418.44000244140625,418.8900146484375,417.70001220703125,417.8299865722656,410467
2026-05-19 09:30:00-04:00,412.20001220703125,414.4700012207031,409.8900146484375,412.45001220703125,2277717
2026-05-19 10:30:00-04:00,413.0,413.55999755859375,411.79998779296875,412.2300109863281,580923
2026-05-19 11:30:00-04:00,413.87939453125,414.1700134277344,412.7099914550781,412.95001220703125,452980
2026-05-19 12:30:00-04:00,413.7950134277344,414.239990234375,413.42999267578125,413.8539123535156,248377
2026-05-19 13:30:00-04:00,412.7099914550781,413.8599853515625,412.6199951171875,413.71148681640625,335931
2026-05-19 14:30:00-04:00,411.8999938964844,413.1600036621094,411.79998779296875,412.67999267578125,384208
2026-05-19 15:30:00-04:00,411.5199890136719,412.1700134277344,411.3599853515625,411.92999267578125,798448
2026-05-20 09:30:00-04:00,413.7099914550781,414.04998779296875,410.0799865722656,412.25,1856538
2026-05-20 10:30:00-04:00,415.7900085449219,417.989990234375,413.70849609375,413.70849609375,1126153
2026-05-20 11:30:00-04:00,415.5,416.7699890136719,415.33538818359375,415.7799987792969,487813
2026-05-20 12:30:00-04:00,416.07000732421875,416.67999267578125,415.3999938964844,415.57501220703125,472016
2026-05-20 13:30:00-04:00,416.3500061035156,416.5,415.7900085449219,416.1600036621094,390891
2026-05-20 14:30:00-04:00,417.29998779296875,417.3734130859375,416.3599853515625,416.3599853515625,466155
2026-05-20 15:30:00-04:00,417.3800048828125,417.80999755859375,417.2799987792969,417.29998779296875,865024
2026-05-21 09:30:00-04:00,413.6300048828125,414.9599914550781,411.95001220703125,413.1400146484375,1195451
2026-05-21 10:30:00-04:00,413.2900085449219,414.4150085449219,412.6499938964844,413.739990234375,483931
2026-05-21 11:30:00-04:00,414.510009765625,414.88079833984375,413.2149963378906,413.30499267578125,377457
2026-05-21 12:30:00-04:00,416.79998779296875,417.19000244140625,414.3399963378906,414.5,885387
2026-05-21 13:30:00-04:00,417.4100036621094,418.4200134277344,416.54998779296875,416.80999755859375,517940
2026-05-21 14:30:00-04:00,416.6199951171875,417.54998779296875,415.510009765625,417.41009521484375,520356
2026-05-21 15:30:00-04:00,416.9700012207031,417.0212097167969,416.1600036621094,416.6000061035156,574475
2026-05-22 09:30:00-04:00,412.9200134277344,415.6099853515625,412.0,415.1700134277344,1377271
2026-05-22 10:30:00-04:00,414.8599853515625,414.8599853515625,412.82000732421875,413.0199890136719,489832
2026-05-22 11:30:00-04:00,415.28009033203125,415.3599853515625,414.4700012207031,414.8800048828125,581531
2026-05-22 12:30:00-04:00,415.4800109863281,415.5799865722656,414.239990234375,415.3290100097656,500129
2026-05-22 13:30:00-04:00,414.4599914550781,415.67999267578125,414.1199951171875,415.4800109863281,813117
2026-05-22 14:30:00-04:00,413.7349853515625,414.9100036621094,413.6600036621094,414.4700012207031,879613
2026-05-22 15:30:00-04:00,413.8500061035156,414.1099853515625,413.4800109863281,413.75,534795
2026-05-26 09:30:00-04:00,414.7699890136719,415.9800109863281,413.8500061035156,415.1600036621094,1214136
2026-05-26 10:30:00-04:00,413.70001220703125,415.3949890136719,413.5799865722656,414.7300109863281,522797
2026-05-26 11:30:00-04:00,413.8349914550781,414.1099853515625,413.1000061035156,413.7200012207031,525872
2026-05-26 12:30:00-04:00,413.239990234375,414.20001220703125,413.1600036621094,413.8399963378906,318711
2026-05-26 13:30:00-04:00,412.70001220703125,413.29998779296875,411.5,413.2200012207031,744746
2026-05-26 14:30:00-04:00,413.3349914550781,413.5199890136719,412.57000732421875,412.67999267578125,760328
2026-05-26 15:30:00-04:00,413.9549865722656,414.0899963378906,413.2099914550781,413.3599853515625,734430
2026-05-27 09:30:00-04:00,408.05999755859375,408.9800109863281,404.29998779296875,404.3349914550781,3084148
2026-05-27 10:30:00-04:00,407.1549987792969,408.3800048828125,406.5,408.0299987792969,973947
2026-05-27 11:30:00-04:00,408.20001220703125,408.2799987792969,406.7799987792969,407.17999267578125,584493
2026-05-27 12:30:00-04:00,408.5199890136719,408.8399963378906,407.7200012207031,408.1600036621094,453154
2026-05-27 13:30:00-04:00,409.010009765625,409.25,408.28009033203125,408.54998779296875,295177
2026-05-27 14:30:00-04:00,408.5799865722656,409.05999755859375,408.4549865722656,409.0151062011719,314996
2026-05-27 15:30:00-04:00,408.5199890136719,408.9242858886719,408.3550109863281,408.5899963378906,622314
2026-05-28 09:30:00-04:00,409.3999938964844,410.57000732421875,405.4107971191406,406.4800109863281,2117361
2026-05-28 10:30:00-04:00,410.8999938964844,411.4150085449219,408.7300109863281,409.3800048828125,1102862
2026-05-28 11:30:00-04:00,413.0899963378906,413.2799987792969,410.9200134277344,411.010009765625,664651
2026-05-28 12:30:00-04:00,413.19000244140625,414.3599853515625,412.7879943847656,413.1199951171875,990819
2026-05-28 13:30:00-04:00,413.5799865722656,414.510009765625,413.239990234375,413.2598876953125,685163
2026-05-28 14:30:00-04:00,412.9649963378906,413.614990234375,412.8450012207031,413.6099853515625,525295
2026-05-28 15:30:00-04:00,412.80279541015625,413.1499938964844,412.67999267578125,412.9700012207031,664569
2026-05-29 09:30:00-04:00,415.7799987792969,417.9100036621094,415.0799865722656,415.6199951171875,1578955
2026-05-29 10:30:00-04:00,420.19000244140625,421.82000732421875,415.3599853515625,415.739990234375,1615109
2026-05-29 11:30:00-04:00,418.81500244140625,420.67999267578125,418.3599853515625,420.2200012207031,1090323
2026-05-29 12:30:00-04:00,418.7200012207031,419.8399963378906,418.5799865722656,418.8299865722656,642871
2026-05-29 13:30:00-04:00,418.4800109863281,418.75,417.760009765625,418.7099914550781,463563
2026-05-29 14:30:00-04:00,418.1400146484375,418.69500732421875,417.6700134277344,418.5,846212
2026-05-29 15:30:00-04:00,417.20001220703125,418.2200012207031,416.9599914550781,418.1300048828125,976215
2026-06-01 09:30:00-04:00,409.0199890136719,411.0602111816406,408.239990234375,409.8599853515625,2289448
2026-06-01 10:30:00-04:00,410.1700134277344,410.3399963378906,408.6400146484375,409.0199890136719,668776
2026-06-01 11:30:00-04:00,410.19500732421875,411.2449951171875,409.7200012207031,410.19000244140625,663894
2026-06-01 12:30:00-04:00,411.4700012207031,411.4700012207031,410.1099853515625,410.19000244140625,396273
2026-06-01 13:30:00-04:00,411.80999755859375,412.6099853515625,411.25,411.5400085449219,524867
2026-06-01 14:30:00-04:00,411.6400146484375,412.0,411.6000061035156,411.80999755859375,348930
2026-06-01 15:30:00-04:00,411.2300109863281,411.739990234375,411.1000061035156,411.6499938964844,706174
2026-06-02 09:30:00-04:00,412.6300048828125,414.39990234375,412.1400146484375,414.0799865722656,1493836
2026-06-02 10:30:00-04:00,413.57501220703125,413.79998779296875,412.6300048828125,412.7850036621094,409456
2026-06-02 11:30:00-04:00,412.17999267578125,413.8299865722656,412.1499938964844,413.57000732421875,397877
2026-06-02 12:30:00-04:00,412.2099914550781,412.4100036621094,411.7900085449219,412.1400146484375,370097
2026-06-02 13:30:00-04:00,411.9849853515625,412.260009765625,411.3949890136719,412.1400146484375,459815
2026-06-02 14:30:00-04:00,412.07000732421875,412.17999267578125,411.1000061035156,412.0,295575
2026-06-02 15:30:00-04:00,411.9219970703125,412.1499938964844,411.5400085449219,412.0799865722656,261308
2026-06-03 09:30:00-04:00,408.67999267578125,409.239990234375,406.2250061035156,408.3800048828125,1682874
2026-06-03 10:30:00-04:00,407.9800109863281,409.3800048828125,407.4750061035156,408.6199951171875,1023863
2026-06-03 11:30:00-04:00,407.30999755859375,408.0,406.9599914550781,407.9200134277344,457647
2026-06-03 12:30:00-04:00,407.42999267578125,408.2900085449219,407.1405944824219,407.29998779296875,393976
2026-06-03 13:30:00-04:00,407.54998779296875,407.739990234375,407.010009765625,407.3900146484375,292688
2026-06-03 14:30:00-04:00,408.28009033203125,408.67999267578125,407.26849365234375,407.5600891113281,333898
2026-06-03 15:30:00-04:00,407.8999938964844,408.45001220703125,407.79998779296875,408.32000732421875,523666
2026-06-04 09:30:00-04:00,411.69500732421875,414.3699951171875,411.510009765625,413.32000732421875,1575069
2026-06-04 10:30:00-04:00,410.2699890136719,411.7300109863281,409.010009765625,411.69000244140625,699783
2026-06-04 11:30:00-04:00,411.44000244140625,411.5799865722656,410.1700134277344,410.239990234375,323567
2026-06-04 12:30:00-04:00,410.85101318359375,411.5,410.5799865722656,411.45001220703125,217003
2026-06-04 13:30:00-04:00,410.95001220703125,411.2499084472656,410.7300109863281,410.8999938964844,175627
2026-06-04 14:30:00-04:00,411.0950012207031,411.3800048828125,410.45001220703125,410.92999267578125,761997
2026-06-04 15:30:00-04:00,411.2699890136719,411.3799133300781,410.80999755859375,411.1000061035156,682403
2026-06-05 09:30:00-04:00,400.239990234375,404.718994140625,399.5299987792969,404.3800048828125,3421617
2026-06-05 10:30:00-04:00,399.44000244140625,401.3299865722656,398.739990234375,400.2200012207031,1561511
2026-06-05 11:30:00-04:00,397.38970947265625,399.7049865722656,396.9700012207031,399.45001220703125,1230374
2026-06-05 12:30:00-04:00,398.54998779296875,398.981201171875,396.739990234375,397.3399963378906,1068593
2026-06-05 13:30:00-04:00,397.0849914550781,398.9800109863281,396.6000061035156,398.57000732421875,1050379
2026-06-05 14:30:00-04:00,396.8299865722656,397.1400146484375,395.9200134277344,397.0400085449219,1139819
2026-06-05 15:30:00-04:00,396.25,396.9700012207031,395.92999267578125,396.8599853515625,1414528
2026-06-08 09:30:00-04:00,396.5199890136719,398.9454040527344,396.0799865722656,397.5199890136719,2181691
2026-06-08 10:30:00-04:00,397.45001220703125,398.0,396.0299987792969,396.5,961753
2026-06-08 11:30:00-04:00,398.4700012207031,398.8999938964844,397.2449951171875,397.4700012207031,783831
2026-06-08 12:30:00-04:00,398.3299865722656,398.9800109863281,397.79998779296875,398.510009765625,576243
2026-06-08 13:30:00-04:00,398.6199951171875,398.9200134277344,397.6499938964844,398.32000732421875,552276
2026-06-08 14:30:00-04:00,397.2200012207031,398.80999755859375,397.0899963378906,398.5899963378906,530192
2026-06-08 15:30:00-04:00,397.1499938964844,397.4800109863281,396.8599853515625,397.2200012207031,980528
2026-06-09 09:30:00-04:00,396.3599853515625,400.4800109863281,395.1700134277344,397.57000732421875,1922744
2026-06-09 10:30:00-04:00,392.6700134277344,396.6400146484375,392.5262145996094,396.260009765625,1639726
2026-06-09 11:30:00-04:00,391.25,393.2799987792969,390.29998779296875,392.67999267578125,1581584
2026-06-09 12:30:00-04:00,391.2699890136719,391.7099914550781,388.75,391.1719970703125,1269920
2026-06-09 13:30:00-04:00,391.92498779296875,392.25,390.6451110839844,391.260009765625,604998
2026-06-09 14:30:00-04:00,390.7120056152344,392.2699890136719,390.3399963378906,391.94000244140625,867703
2026-06-09 15:30:00-04:00,390.8699951171875,391.0,390.0299987792969,390.7449951171875,937756
2026-06-10 09:30:00-04:00,381.8900146484375,384.2099914550781,380.1099853515625,380.75,3778240
2026-06-10 10:30:00-04:00,378.82501220703125,382.0799865722656,377.5360107421875,381.8900146484375,2342295
2026-06-10 11:30:00-04:00,378.82000732421875,379.5899963378906,376.8699951171875,378.82501220703125,2059575
2026-06-10 12:30:00-04:00,377.239990234375,379.4800109863281,377.1199951171875,378.760009765625,1059234
2026-06-10 13:30:00-04:00,377.42498779296875,378.16351318359375,376.3699951171875,377.2300109863281,1058391
2026-06-10 14:30:00-04:00,374.8900146484375,377.4599914550781,374.54998779296875,377.44000244140625,1372351
2026-06-10 15:30:00-04:00,374.6600036621094,375.57000732421875,374.57000732421875,374.9100036621094,1468421
2026-06-11 09:30:00-04:00,373.8900146484375,375.5199890136719,371.8800048828125,373.9599914550781,2983199
2026-06-11 10:30:00-04:00,374.6199951171875,375.2349853515625,373.4599914550781,373.8699951171875,2040431
2026-06-11 11:30:00-04:00,374.3599853515625,376.8999938964844,374.19000244140625,374.5799865722656,925015
2026-06-11 12:30:00-04:00,376.4800109863281,376.4800109863281,373.6600036621094,374.3299865722656,672367
2026-06-11 13:30:00-04:00,381.07000732421875,382.6300048828125,376.4800109863281,376.4800109863281,2138800
2026-06-11 14:30:00-04:00,384.989990234375,385.25,380.6600036621094,381.07000732421875,1397496
2026-06-11 15:30:00-04:00,386.20001220703125,387.2099914550781,385.05499267578125,385.05999755859375,1771230
2026-06-12 09:30:00-04:00,384.3349914550781,386.3599853515625,383.860107421875,385.7300109863281,1736276
2026-06-12 10:30:00-04:00,387.81561279296875,388.7699890136719,383.3500061035156,384.3500061035156,1521457
2026-06-12 11:30:00-04:00,387.1098937988281,388.53900146484375,386.1400146484375,387.8550109863281,1087431
2026-06-12 12:30:00-04:00,387.239990234375,388.0,386.5899963378906,387.114990234375,888654
2026-06-12 13:30:00-04:00,387.92498779296875,388.739990234375,386.80999755859375,387.25,626324
2026-06-12 14:30:00-04:00,386.32000732421875,388.2650146484375,386.25,387.94000244140625,711572
2026-06-12 15:30:00-04:00,386.54998779296875,386.5799865722656,385.69000244140625,386.31500244140625,667252
2026-06-15 09:30:00-04:00,400.45001220703125,401.0,399.1400146484375,399.489990234375,3655538
2026-06-15 10:30:00-04:00,399.6000061035156,400.6000061035156,399.1700134277344,400.45001220703125,1422331
2026-06-15 11:30:00-04:00,398.57000732421875,400.239990234375,398.25,399.59588623046875,1205022
2026-06-15 12:30:00-04:00,397.3399963378906,398.5899963378906,397.260009765625,398.5899963378906,596131
2026-06-15 13:30:00-04:00,396.8999938964844,397.3699951171875,396.2799987792969,397.3299865722656,600293
2026-06-15 14:30:00-04:00,396.5899963378906,397.1300048828125,396.5299987792969,396.9100036621094,1051088
2026-06-15 15:30:00-04:00,396.5400085449219,396.79998779296875,396.1499938964844,396.6000061035156,1373596
2026-06-16 09:30:00-04:00,396.4100036621094,398.4100036621094,396.2200012207031,397.8299865722656,1403061
2026-06-16 10:30:00-04:00,397.0299987792969,397.29998779296875,395.82000732421875,396.4599914550781,824751
2026-06-16 11:30:00-04:00,398.7550048828125,398.9599914550781,396.70001220703125,397.0400085449219,831254
2026-06-16 12:30:00-04:00,397.84991455078125,398.8500061035156,396.95001220703125,398.75,850700
2026-06-16 13:30:00-04:00,398.4700012207031,398.5799865722656,397.7799987792969,397.79998779296875,315053
2026-06-16 14:30:00-04:00,398.2900085449219,398.6050109863281,397.9800109863281,398.4700012207031,387140
2026-06-16 15:30:00-04:00,397.7300109863281,398.3299865722656,397.4100036621094,398.29998779296875,829707
2026-06-17 09:30:00-04:00,400.0299987792969,400.2300109863281,397.510009765625,397.82000732421875,1184454
2026-06-17 10:30:00-04:00,399.54998779296875,400.3699951171875,397.2699890136719,400.010009765625,1052388
2026-06-17 11:30:00-04:00,400.5,400.6094970703125,399.4700012207031,399.55999755859375,528358
2026-06-17 12:30:00-04:00,400.1099853515625,400.510009765625,399.489990234375,400.489990234375,376124
2026-06-17 13:30:00-04:00,393.80999755859375,402.0400085449219,392.4100036621094,400.1099853515625,3083731
2026-06-17 14:30:00-04:00,387.8800048828125,397.489990234375,387.7699890136719,393.7749938964844,4355686
2026-06-17 15:30:00-04:00,388.69000244140625,389.6400146484375,387.0799865722656,387.8399963378906,2108524
2026-06-18 09:30:00-04:00,389.57501220703125,392.5,388.8599853515625,391.239990234375,2261559
2026-06-18 10:30:00-04:00,388.760009765625,390.5,388.6300048828125,389.55999755859375,688024
2026-06-18 11:30:00-04:00,387.739990234375,388.8299865722656,387.4599914550781,388.75,1304058
2026-06-18 12:30:00-04:00,387.8599853515625,388.3799133300781,386.79998779296875,387.75,691326
2026-06-18 13:30:00-04:00,387.8900146484375,388.5198974609375,387.510009765625,387.8500061035156,454763
2026-06-18 14:30:00-04:00,385.9100036621094,387.8800048828125,385.6000061035156,387.8800048828125,955134
2026-06-18 15:30:00-04:00,387.0849914550781,387.2300109863281,385.6400146484375,385.9302978515625,846081
2026-06-22 09:30:00-04:00,384.68499755859375,386.4100036621094,383.8500061035156,384.25,1622247
2026-06-22 10:30:00-04:00,384.44000244140625,385.95001220703125,384.239990234375,384.6499938964844,3101175
2026-06-22 11:30:00-04:00,383.8299865722656,384.57501220703125,382.6400146484375,384.44000244140625,0
2026-06-22 12:30:00-04:00,383.9800109863281,384.7799987792969,383.6700134277344,383.80999755859375,412423
2026-06-22 13:30:00-04:00,384.30999755859375,384.45001220703125,383.3399963378906,383.9800109863281,634042
2026-06-22 14:30:00-04:00,384.2799987792969,384.80999755859375,384.1199951171875,384.31500244140625,488632
2026-06-22 15:30:00-04:00,384.5799865722656,384.67498779296875,383.9549865722656,384.2699890136719,910316
2026-06-23 09:30:00-04:00,379.19500732421875,380.3500061035156,377.1700134277344,377.72198486328125,2381638
2026-06-23 10:30:00-04:00,378.70001220703125,379.4599914550781,378.32000732421875,379.2099914550781,820347
2026-06-23 11:30:00-04:00,379.57501220703125,380.07989501953125,378.69000244140625,378.7099914550781,873789
2026-06-23 12:30:00-04:00,379.07000732421875,380.239990234375,378.9800109863281,379.5199890136719,1212855
2026-06-23 13:30:00-04:00,378.1600036621094,379.2799987792969,378.0953063964844,379.1400146484375,354779
2026-06-23 14:30:00-04:00,378.2200012207031,378.5899963378906,377.3999938964844,378.1449890136719,465502
2026-06-23 15:30:00-04:00,377.29998779296875,378.42999267578125,377.29998779296875,378.2300109863281,732130
2026-06-24 09:30:00-04:00,369.19000244140625,370.8999938964844,364.6099853515625,364.80999755859375,4283202
2026-06-24 10:30:00-04:00,368.42999267578125,370.20001220703125,366.760009765625,369.2250061035156,1561639
2026-06-24 11:30:00-04:00,368.489990234375,368.6099853515625,366.6300048828125,368.42498779296875,1482226
2026-06-24 12:30:00-04:00,366.1700134277344,369.1199951171875,366.1400146484375,368.489990234375,1057920
2026-06-24 13:30:00-04:00,366.1499938964844,366.3500061035156,363.32000732421875,366.20001220703125,1378903
2026-06-24 14:30:00-04:00,365.5899963378906,366.4949951171875,364.6300048828125,366.1300048828125,1360388
2026-06-24 15:30:00-04:00,366.0,366.2099914550781,365.19000244140625,365.6099853515625,1067889
2026-06-25 09:30:00-04:00,369.3500061035156,369.5799865722656,366.79998779296875,368.989990234375,3443080
2026-06-25 10:30:00-04:00,369.3949890136719,370.6400146484375,367.42999267578125,369.30010986328125,1687854
2026-06-25 11:30:00-04:00,370.7300109863281,371.0299987792969,368.9800109863281,369.4399108886719,824712
2026-06-25 12:30:00-04:00,369.92999267578125,370.75,369.1600036621094,370.7200012207031,461542
2026-06-25 13:30:00-04:00,371.0299987792969,371.0299987792969,369.42999267578125,369.9599914550781,545352
2026-06-25 14:30:00-04:00,370.3500061035156,371.039794921875,369.7200012207031,371.039794921875,1154400
2026-06-25 15:30:00-04:00,369.4649963378906,370.4849853515625,369.010009765625,370.3349914550781,739273
2026-06-26 09:30:00-04:00,374.7950134277344,375.6199951171875,371.17999267578125,372.2699890136719,1926387
2026-06-26 10:30:00-04:00,374.7699890136719,375.4599914550781,373.95001220703125,374.7799987792969,802786
2026-06-26 11:30:00-04:00,375.0199890136719,375.8500061035156,374.5799865722656,374.79998779296875,810405
2026-06-26 12:30:00-04:00,374.54998779296875,375.6199951171875,374.4200134277344,375.05999755859375,474234
2026-06-26 13:30:00-04:00,373.80499267578125,374.739990234375,373.6300048828125,374.6000061035156,306173
2026-06-26 14:30:00-04:00,373.17999267578125,373.9700012207031,373.010009765625,373.8500061035156,444158
2026-06-26 15:30:00-04:00,373.6300048828125,373.94000244140625,373.1300048828125,373.19000244140625,556252
2026-06-29 09:30:00-04:00,369.3349914550781,371.19000244140625,366.9700012207031,370.57501220703125,1674168
2026-06-29 10:30:00-04:00,369.2699890136719,369.80999755859375,368.57000732421875,369.3349914550781,542727
2026-06-29 11:30:00-04:00,369.2149963378906,369.80999755859375,368.6600036621094,369.260009765625,525814
2026-06-29 12:30:00-04:00,369.2200012207031,369.9599914550781,368.739990234375,369.2300109863281,369075
2026-06-29 13:30:00-04:00,368.989990234375,369.3500061035156,368.8299865722656,369.260009765625,238537
2026-06-29 14:30:00-04:00,368.57470703125,369.0400085449219,367.5299987792969,368.989990234375,635410
2026-06-29 15:30:00-04:00,368.57000732421875,368.8399963378906,368.2200012207031,368.6000061035156,618940
2026-06-30 09:30:00-04:00,372.010009765625,372.8299865722656,368.2550048828125,369.2200012207031,1698752
2026-06-30 10:30:00-04:00,369.6499938964844,372.3999938964844,369.07000732421875,372.010009765625,640002
2026-06-30 11:30:00-04:00,369.7699890136719,370.2099914550781,369.3800048828125,369.70001220703125,315591
2026-06-30 12:30:00-04:00,369.3299865722656,370.1400146484375,368.8999938964844,369.7200012207031,318197
2026-06-30 13:30:00-04:00,369.9100036621094,370.1300048828125,369.3599853515625,369.3599853515625,262915
2026-06-30 14:30:00-04:00,368.95001220703125,370.010009765625,368.95001220703125,369.9200134277344,368776
2026-06-30 15:30:00-04:00,368.3699951171875,369.1600036621094,368.2900085449219,368.95001220703125,1191289
2026-07-01 09:30:00-04:00,376.3399963378906,376.94000244140625,370.7200012207031,371.2049865722656,3620283
2026-07-01 10:30:00-04:00,374.739990234375,377.7799987792969,374.260009765625,376.3599853515625,1052642
2026-07-01 11:30:00-04:00,374.5450134277344,375.2200012207031,374.1449890136719,374.7650146484375,998954
2026-07-01 12:30:00-04:00,373.2900085449219,374.7099914550781,373.2900085449219,374.5450134277344,1765128
2026-07-01 13:30:00-04:00,372.7099914550781,373.7900085449219,372.6600036621094,373.3349914550781,268138
2026-07-01 14:30:00-04:00,372.44000244140625,373.30499267578125,372.2200012207031,372.8399963378906,377535
2026-07-01 15:30:00-04:00,370.57000732421875,372.5,370.2099914550781,372.43499755859375,511238
2026-07-02 09:30:00-04:00,377.7200012207031,380.2699890136719,377.1400146484375,377.43499755859375,2544287
2026-07-02 10:30:00-04:00,378.2799987792969,379.1099853515625,377.55999755859375,377.739990234375,746143
2026-07-02 11:30:00-04:00,377.7799987792969,379.1199951171875,377.7077941894531,378.3500061035156,1314824
2026-07-02 12:30:00-04:00,377.3699951171875,378.1449890136719,376.28619384765625,377.7850036621094,788950
2026-07-02 13:30:00-04:00,378.3599853515625,378.4100036621094,376.7799987792969,377.3699951171875,539457
2026-07-02 14:30:00-04:00,377.43499755859375,378.7300109863281,377.010986328125,378.3599853515625,517272
2026-07-02 15:30:00-04:00,378.1099853515625,378.4700012207031,377.239990234375,377.4200134277344,570293
2026-07-06 09:30:00-04:00,379.5799865722656,380.8699951171875,379.1499938964844,380.2099914550781,1266170
2026-07-06 10:30:00-04:00,380.8699951171875,380.9200134277344,378.8299865722656,379.6199951171875,431905
2026-07-06 11:30:00-04:00,380.3999938964844,380.9599914550781,379.9100036621094,380.8599853515625,397261
2026-07-06 12:30:00-04:00,381.30499267578125,381.6700134277344,380.3800048828125,380.3800048828125,392988
2026-07-06 13:30:00-04:00,381.8500061035156,382.0,381.25,381.36358642578125,317703
2026-07-06 14:30:00-04:00,381.9949951171875,382.42999267578125,381.6299133300781,381.8500061035156,306198
2026-07-06 15:30:00-04:00,382.05999755859375,382.21990966796875,381.7200012207031,382.0,497412
2026-07-07 09:30:00-04:00,381.54998779296875,383.59991455078125,380.8699951171875,382.3900146484375,1224250
2026-07-07 10:30:00-04:00,380.17999267578125,381.6700134277344,380.05999755859375,381.57000732421875,413040
2026-07-07 11:30:00-04:00,380.4750061035156,380.6499938964844,379.489990234375,380.2799987792969,396021
2026-07-07 12:30:00-04:00,380.4200134277344,380.5299072265625,379.95001220703125,380.45001220703125,271504
2026-07-07 13:30:00-04:00,379.989990234375,380.6000061035156,379.8699951171875,380.42999267578125,289898
2026-07-07 14:30:00-04:00,376.5450134277344,380.07000732421875,375.5199890136719,379.9800109863281,1095408
2026-07-07 15:30:00-04:00,377.45001220703125,377.8399963378906,376.57000732421875,376.57000732421875,760740
2026-07-08 09:30:00-04:00,372.5,374.3699951171875,371.70001220703125,373.1700134277344,1251037
2026-07-08 10:30:00-04:00,369.8111877441406,372.55999755859375,369.3500061035156,372.4949951171875,1268893
2026-07-08 11:30:00-04:00,370.989990234375,371.1300048828125,368.95001220703125,369.80499267578125,883460
2026-07-08 12:30:00-04:00,373.7077941894531,373.80499267578125,370.6099853515625,370.9800109863281,818120
2026-07-08 13:30:00-04:00,373.4599914550781,374.0150146484375,372.8900146484375,373.7598876953125,865190
2026-07-08 14:30:00-04:00,375.1499938964844,375.4700012207031,373.2099914550781,373.4849853515625,1603111
2026-07-08 15:30:00-04:00,374.4700012207031,375.42999267578125,374.239990234375,375.1700134277344,671634
2026-07-09 09:30:00-04:00,378.40008544921875,379.4849853515625,377.4100036621094,378.5050048828125,1812546
2026-07-09 10:30:00-04:00,378.6549987792969,378.92999267578125,377.7900085449219,378.3800048828125,678096
2026-07-09 11:30:00-04:00,379.1499938964844,379.1700134277344,378.4800109863281,378.6700134277344,397475
2026-07-09 12:30:00-04:00,378.9700012207031,379.6499938964844,378.4200134277344,379.1199951171875,376187
2026-07-09 13:30:00-04:00,378.3299865722656,379.5899963378906,378.239990234375,378.989990234375,303466
2026-07-09 14:30:00-04:00,378.0628662109375,378.57000732421875,378.0400085449219,378.3299865722656,366968
2026-07-09 15:30:00-04:00,378.2099914550781,378.30499267578125,377.8900146484375,378.04998779296875,377090
2026-07-10 09:30:00-04:00,376.6499938964844,376.989990234375,374.9700012207031,375.0,1509177
2026-07-10 10:30:00-04:00,376.2850036621094,376.8500061035156,373.7200012207031,376.7099914550781,1793712
2026-07-10 11:30:00-04:00,377.4599914550781,377.5,376.260009765625,376.3399963378906,459701
2026-07-10 12:30:00-04:00,376.6400146484375,377.54998779296875,376.3299865722656,377.4599914550781,278594
2026-07-10 13:30:00-04:00,376.42498779296875,376.7650146484375,376.1499938964844,376.7200012207031,387186
2026-07-10 14:30:00-04:00,376.3699951171875,376.510009765625,375.9800109863281,376.44000244140625,299746
2026-07-10 15:30:00-04:00,376.9800109863281,377.010009765625,376.239990234375,376.3399963378906,408901
2026-07-13 09:30:00-04:00,368.5799865722656,372.8900146484375,367.2200012207031,372.7699890136719,1965408
2026-07-13 10:30:00-04:00,368.5,368.8699951171875,367.0,368.5400085449219,1025804
2026-07-13 11:30:00-04:00,367.3450012207031,368.6650085449219,367.04998779296875,368.5,874795
2026-07-13 12:30:00-04:00,366.8800048828125,367.44000244140625,365.7699890136719,367.3299865722656,839026
2026-07-13 13:30:00-04:00,366.5249938964844,367.07000732421875,365.7799987792969,366.8800048828125,432703
2026-07-13 14:30:00-04:00,366.8706970214844,367.45001220703125,366.4599914550781,366.54998779296875,656665
2026-07-13 15:30:00-04:00,367.20001220703125,367.239990234375,366.3999938964844,366.8599853515625,739788
2026-07-14 09:30:00-04:00,374.1000061035156,375.16680908203125,373.5199890136719,374.5299987792969,2545734
2026-07-14 10:30:00-04:00,374.760009765625,376.2799987792969,373.7604064941406,374.0400085449219,1153462
2026-07-14 11:30:00-04:00,372.42999267578125,374.989990234375,372.25,374.7799987792969,524227
2026-07-14 12:30:00-04:00,372.75,372.875,371.9200134277344,372.4200134277344,309512
2026-07-14 13:30:00-04:00,372.3699951171875,372.92498779296875,372.2099914550781,372.82000732421875,273231
2026-07-14 14:30:00-04:00,371.7101135253906,372.44000244140625,370.9200134277344,372.3599853515625,398488
2026-07-14 15:30:00-04:00,372.1499938964844,372.25,371.3599853515625,371.6499938964844,551186
2026-07-15 09:30:00-04:00,372.3599853515625,373.1050109863281,372.0400085449219,372.1199951171875,1550857
2026-07-15 10:30:00-04:00,371.510009765625,372.8800048828125,370.6000061035156,372.44000244140625,989004
2026-07-15 11:30:00-04:00,370.2799987792969,371.6700134277344,370.07000732421875,371.57000732421875,493424
2026-07-15 12:30:00-04:00,371.389892578125,371.4200134277344,369.5,370.2300109863281,620498
2026-07-15 13:30:00-04:00,373.8599853515625,373.9700012207031,371.30010986328125,371.3599853515625,724234
2026-07-15 14:30:00-04:00,372.135009765625,374.489990234375,371.79998779296875,373.8500061035156,1234515
2026-07-15 15:30:00-04:00,372.2900085449219,372.30999755859375,371.3800048828125,372.1400146484375,722747
2026-07-16 09:30:00-04:00,366.8399963378906,367.7099914550781,365.25,367.45001220703125,2072670
2026-07-16 10:30:00-04:00,367.92999267578125,368.42999267578125,365.95001220703125,366.7650146484375,931953
2026-07-16 11:30:00-04:00,365.70001220703125,368.3999938964844,365.2900085449219,367.92498779296875,1811370
2026-07-16 12:30:00-04:00,365.75,366.6000061035156,365.32000732421875,365.7200012207031,1231861
2026-07-16 13:30:00-04:00,365.6300048828125,365.99951171875,365.010009765625,365.7300109863281,653449
2026-07-16 14:30:00-04:00,364.9100036621094,365.5799865722656,364.69000244140625,365.57000732421875,594261
2026-07-16 15:30:00-04:00,365.010009765625,365.2699890136719,364.04998779296875,364.94000244140625,1137602
2026-07-17 09:30:00-04:00,366.8800048828125,367.44000244140625,363.6000061035156,364.1099853515625,1913193
2026-07-17 10:30:00-04:00,368.19000244140625,368.2650146484375,366.260009765625,366.8599853515625,725263
2026-07-17 11:30:00-04:00,368.7200012207031,369.2099914550781,367.7699890136719,368.18499755859375,882523
2026-07-17 12:30:00-04:00,368.2149963378906,368.80999755859375,368.1099853515625,368.7300109863281,476551
2026-07-17 13:30:00-04:00,368.3819885253906,368.42999267578125,367.67999267578125,368.22247314453125,505769
2026-07-17 14:30:00-04:00,367.45001220703125,368.45001220703125,367.20001220703125,368.3599853515625,388442
2026-07-17 15:30:00-04:00,368.4200134277344,368.5299987792969,367.44000244140625,367.4599914550781,802185
2026-07-20 09:30:00-04:00,367.5799865722656,368.5899963378906,366.79998779296875,367.7900085449219,971915
2026-07-20 10:30:00-04:00,368.510009765625,368.789306640625,367.3800048828125,367.6000061035156,852525
2026-07-20 11:30:00-04:00,368.1419982910156,368.70208740234375,367.92999267578125,368.4800109863281,328448
2026-07-20 12:30:00-04:00,368.0799865722656,368.1700134277344,367.1000061035156,368.1499938964844,530533
2026-07-20 13:30:00-04:00,367.6050109863281,368.1600036621094,367.32000732421875,368.1199951171875,322585
2026-07-20 14:30:00-04:00,368.18499755859375,368.20001220703125,367.3599853515625,367.55999755859375,431015
2026-07-20 15:30:00-04:00,367.5899963378906,368.6400146484375,367.4800109863281,368.1700134277344,375643
2026-07-21 09:30:00-04:00,373.3500061035156,373.3800048828125,371.07000732421875,371.70001220703125,1214092
2026-07-21 10:30:00-04:00,374.04998779296875,374.2699890136719,372.7200012207031,373.3900146484375,642424
2026-07-21 11:30:00-04:00,373.9649963378906,374.6300048828125,373.5899963378906,374.0299987792969,772565
2026-07-21 12:30:00-04:00,373.6050109863281,374.0299987792969,373.3299865722656,373.9599914550781,391149
2026-07-21 13:30:00-04:00,374.69989013671875,375.010009765625,373.1199951171875,373.5899963378906,362870
2026-07-21 14:30:00-04:00,374.7300109863281,374.8500061035156,374.2850036621094,374.6600036621094,620962
2026-07-21 15:30:00-04:00,374.7799987792969,374.8500061035156,374.5199890136719,374.75,1546747
2026-07-22 09:30:00-04:00,380.44000244140625,381.9599914550781,379.04998779296875,379.0679931640625,2060533
2026-07-22 10:30:00-04:00,381.3999938964844,381.7799987792969,380.20001220703125,380.45001220703125,633810
2026-07-22 11:30:00-04:00,380.69000244140625,382.2200012207031,380.55999755859375,381.4049987792969,693001
2026-07-22 12:30:00-04:00,380.45001220703125,380.8900146484375,380.06500244140625,380.69000244140625,637695
2026-07-22 13:30:00-04:00,379.31500244140625,380.510009765625,379.29998779296875,380.3699951171875,661720
2026-07-22 14:30:00-04:00,379.3299865722656,379.6700134277344,379.0299987792969,379.3299865722656,599055
2026-07-22 15:30:00-04:00,379.093994140625,379.4700012207031,378.8299865722656,379.260009765625,665433
2026-07-23 09:30:00-04:00,372.0299987792969,373.085205078125,370.5299987792969,372.3599853515625,2298142
2026-07-23 10:30:00-04:00,371.1700134277344,372.54998779296875,371.0899963378906,372.0799865722656,774894
2026-07-23 11:30:00-04:00,371.510009765625,371.7950134277344,370.79998779296875,371.20001220703125,2357045
2026-07-23 12:30:00-04:00,371.260009765625,371.9200134277344,371.1400146484375,371.5,992423
2026-07-23 13:30:00-04:00,371.0350036621094,371.42999267578125,370.6300048828125,371.2300109863281,489619
2026-07-23 14:30:00-04:00,371.3399963378906,371.45001220703125,370.8800048828125,371.07000732421875,576052
2026-07-23 15:30:00-04:00,371.5400085449219,371.6600036621094,371.0400085449219,371.3699951171875,845938
2026-07-24 09:30:00-04:00,373.04998779296875,373.3800048828125,371.0299987792969,371.260009765625,1188297
2026-07-24 10:30:00-04:00,373.8900146484375,374.489990234375,372.3500061035156,372.9700927734375,558653
2026-07-24 11:30:00-04:00,373.7593994140625,374.2900085449219,373.4800109863281,373.8699951171875,525970
2026-07-24 12:30:00-04:00,373.2699890136719,373.7699890136719,372.7550048828125,373.7699890136719,438830
2026-07-24 13:30:00-04:00,372.0400085449219,373.3699951171875,372.010009765625,373.2349853515625,265840
2026-07-24 14:30:00-04:00,371.69000244140625,372.2049865722656,371.48028564453125,372.05499267578125,346433
2026-07-24 15:30:00-04:00,371.8999938964844,372.2799987792969,371.67999267578125,371.69500732421875,389978
2026-07-27 09:30:00-04:00,373.239990234375,375.1400146484375,373.1199951171875,373.8900146484375,867892
2026-07-27 10:30:00-04:00,373.9700012207031,374.1990966796875,372.9100036621094,373.239990234375,417097
2026-07-27 11:30:00-04:00,374.7699890136719,375.1099853515625,373.6099853515625,373.8699951171875,317690
2026-07-27 12:30:00-04:00,373.80999755859375,375.5299987792969,373.4200134277344,374.7699890136719,341846
2026-07-27 13:30:00-04:00,373.9800109863281,374.2300109863281,373.54998779296875,373.840087890625,264639
2026-07-27 14:30:00-04:00,374.7900085449219,375.0799865722656,373.6400146484375,373.9649963378906,373036
2026-07-27 15:30:00-04:00,374.55999755859375,375.17999267578125,374.4800109863281,374.82000732421875,585762
2026-07-28 09:30:00-04:00,368.94000244140625,369.989990234375,367.9800109863281,369.6050109863281,1425837
2026-07-28 10:30:00-04:00,370.1700134277344,370.7200012207031,368.67999267578125,368.9200134277344,484193
2026-07-28 11:30:00-04:00,370.7699890136719,371.2300109863281,369.9100036621094,370.19000244140625,644270
2026-07-28 12:30:00-04:00,370.3500061035156,370.9200134277344,370.1300048828125,370.79998779296875,299396
2026-07-28 13:30:00-04:00,369.3999938964844,370.3699951171875,369.2724914550781,370.3599853515625,330190
2026-07-28 14:30:00-04:00,369.0799865722656,369.4200134277344,368.8800048828125,369.3900146484375,512195
2026-07-28 15:30:00-04:00,369.3699951171875,369.54998779296875,369.0199890136719,369.1000061035156,519187
2026-07-29 09:30:00-04:00,367.4150085449219,368.590087890625,366.5260009765625,368.2900085449219,1622913
2026-07-29 10:30:00-04:00,367.8999938964844,367.9599914550781,366.7112121582031,367.3900146484375,431996
2026-07-29 11:30:00-04:00,368.4800109863281,368.54998779296875,367.6099853515625,367.8999938964844,632692
2026-07-29 12:30:00-04:00,370.5299987792969,371.6199951171875,368.3500061035156,368.4599914550781,2124334
2026-07-29 13:30:00-04:00,373.19000244140625,374.8800048828125,370.29998779296875,370.55999755859375,1530501
2026-07-29 14:30:00-04:00,374.6300048828125,377.6199951171875,371.75,373.20001220703125,2141577
2026-07-29 15:30:00-04:00,371.0,375.0400085449219,370.55999755859375,374.6499938964844,2660809
2026-07-30 09:30:00-04:00,375.6776123046875,377.8599853515625,373.7550048828125,374.1600036621094,2499036
2026-07-30 10:30:00-04:00,375.6600036621094,377.22918701171875,374.4599914550781,375.70001220703125,825978
2026-07-30 11:30:00-04:00,377.489990234375,377.7900085449219,375.29998779296875,375.635009765625,408171
2026-07-30 12:30:00-04:00,376.1099853515625,377.5198059082031,375.8599853515625,377.489990234375,358373
2026-07-30 13:30:00-04:00,376.3699951171875,376.7900085449219,376.0199890136719,376.1600036621094,444421
2026-07-30 14:30:00-04:00,377.2300109863281,377.41009521484375,375.9150085449219,376.3949890136719,372322
2026-07-30 15:30:00-04:00,377.17999267578125,377.4599914550781,376.8599853515625,377.2200012207031,739144
2026-07-31 09:30:00-04:00,370.45001220703125,370.9049987792969,368.81500244140625,370.8399963378906,2186190
2026-07-31 10:30:00-04:00,370.67999267578125,371.739990234375,370.260009765625,370.44000244140625,606304
2026-07-31 11:30:00-04:00,371.2749938964844,371.3699951171875,370.2900085449219,370.6700134277344,454730
2026-07-31 12:30:00-04:00,371.5899963378906,371.8299865722656,370.739990234375,371.2900085449219,649691
2026-07-31 13:30:00-04:00,371.6000061035156,371.989990234375,371.2699890136719,371.6300048828125,301607
2026-07-31 14:30:00-04:00,371.5299987792969,371.739990234375,371.20001220703125,371.6000061035156,265322
2026-07-31 15:30:00-04:00,371.5299987792969,372.010009765625,371.0400085449219,371.54998779296875,1367836
2026-08-03 09:30:00-04:00,369.8500061035156,370.1899108886719,368.6427917480469,370.1000061035156,1639187
2026-08-03 10:30:00-04:00,369.95001220703125,370.5299987792969,369.7099914550781,369.8399963378906,1059269
2026-08-03 11:30:00-04:00,370.30499267578125,370.6700134277344,369.7699890136719,369.9049987792969,373082
2026-08-03 12:30:00-04:00,370.0799865722656,370.510009765625,369.9700012207031,370.30999755859375,268661
2026-08-03 13:30:00-04:00,370.3599853515625,370.4599914550781,369.650390625,370.05999755859375,293834
2026-08-03 14:30:00-04:00,371.7749938964844,371.92999267578125,370.260009765625,370.3450012207031,590560
2026-08-03 15:30:00-04:00,371.69000244140625,372.0350036621094,371.6300048828125,371.80999755859375,524883
2026-08-04 09:30:00-04:00,374.6400146484375,375.57000732421875,373.9200134277344,374.1400146484375,1528644
2026-08-04 10:30:00-04:00,374.1099853515625,374.8500061035156,373.7099914550781,374.57000732421875,826830
2026-08-04 11:30:00-04:00,374.9700012207031,375.17999267578125,373.94000244140625,374.07501220703125,576431
2026-08-04 12:30:00-04:00,375.6400146484375,376.69000244140625,374.7300109863281,374.9599914550781,1209182
2026-08-04 13:30:00-04:00,374.6600036621094,375.79998779296875,374.6400146484375,375.6199951171875,321536
2026-08-04 14:30:00-04:00,374.2699890136719,374.75,373.8135986328125,374.6549987792969,454430
2026-08-04 15:30:00-04:00,374.1199951171875,374.489990234375,373.8999938964844,374.2550048828125,559068
2026-08-05 09:30:00-04:00,388.7200012207031,389.04998779296875,384.32000732421875,384.9599914550781,5202350
2026-08-05 10:30:00-04:00,390.54998779296875,391.239990234375,387.900390625,388.7200012207031,2995570
2026-08-05 11:30:00-04:00,389.07000732421875,390.7799987792969,387.56500244140625,390.5400085449219,1754277
2026-08-05 12:30:00-04:00,389.364990234375,389.6099853515625,388.6300048828125,389.07000732421875,928906
2026-08-05 13:30:00-04:00,391.04998779296875,391.510009765625,389.05120849609375,389.364990234375,938650
2026-08-05 14:30:00-04:00,390.1300048828125,391.1099853515625,389.9100036621094,391.0400085449219,876573
2026-08-05 15:30:00-04:00,389.57000732421875,390.239990234375,389.4800109863281,390.1300048828125,1133813
2026-08-06 09:30:00-04:00,391.2099914550781,392.1000061035156,389.42999267578125,389.5,2994811
2026-08-06 10:30:00-04:00,390.19000244140625,392.1199951171875,389.80999755859375,391.2099914550781,1304971
2026-08-06 11:30:00-04:00,387.8999938964844,390.2799987792969,387.2699890136719,390.2149963378906,2318707
2026-08-06 12:30:00-04:00,388.9649963378906,389.2298889160156,387.9200134277344,387.9200134277344,848522
2026-08-06 13:30:00-04:00,389.470703125,389.760009765625,388.681884765625,388.9200134277344,507276
2026-08-06 14:30:00-04:00,388.55999755859375,389.8500061035156,388.3699951171875,389.4800109863281,686184
2026-08-06 15:30:00-04:00,389.6499938964844,389.8299865722656,388.1300048828125,388.54998779296875,963883
2026-08-07 09:30:00-04:00,398.9599914550781,400.6600036621094,396.95001220703125,399.5950012207031,6669662
2026-08-07 10:30:00-04:00,399.07000732421875,399.760009765625,398.1099853515625,398.9800109863281,1554597
2026-08-07 11:30:00-04:00,397.9150085449219,399.34991455078125,397.6300048828125,399.1199951171875,988428
2026-08-07 12:30:00-04:00,398.114990234375,398.32000732421875,397.0201110839844,397.8999938964844,1030043
2026-08-07 13:30:00-04:00,397.6000061035156,398.3999938964844,397.2200012207031,398.1000061035156,599546
2026-08-07 14:30:00-04:00,398.8999938964844,399.05999755859375,397.4599914550781,397.6199951171875,765014
2026-08-07 15:30:00-04:00,398.510009765625,399.0,398.07000732421875,398.8800048828125,1370715
2026-08-10 09:30:00-04:00,398.5899963378906,398.80999755859375,395.92999267578125,397.7139892578125,1899066
2026-08-10 10:30:00-04:00,398.94000244140625,399.25,398.3550109863281,398.5899963378906,1611991
2026-08-10 11:30:00-04:00,400.2099914550781,400.4100036621094,398.80999755859375,398.989990234375,1491750
2026-08-10 12:30:00-04:00,400.05999755859375,400.239990234375,398.8999938964844,400.2300109863281,1108730
2026-08-10 13:30:00-04:00,400.510009765625,400.6199035644531,399.75,400.05999755859375,1030439
2026-08-10 14:30:00-04:00,402.81988525390625,402.8900146484375,400.4501037597656,400.5098876953125,2093102
2026-08-10 15:30:00-04:00,402.55999755859375,403.239990234375,402.2200012207031,402.8299865722656,1382387
2026-08-11 09:30:00-04:00,402.12799072265625,404.0299987792969,401.8349914550781,403.44000244140625,2501751
2026-08-11 10:30:00-04:00,402.364990234375,403.4888000488281,401.9200134277344,402.1199951171875,914090
2026-08-11 11:30:00-04:00,402.04998779296875,402.4200134277344,400.7300109863281,402.4049987792969,954588
2026-08-11 12:30:00-04:00,401.8999938964844,402.30999755859375,401.6700134277344,402.0101013183594,649863
2026-08-11 13:30:00-04:00,400.0199890136719,401.92999267578125,399.8900146484375,401.9200134277344,733186
2026-08-11 14:30:00-04:00,400.8489990234375,401.0899963378906,399.9801025390625,400.05499267578125,557409
2026-08-11 15:30:00-04:00,400.9800109863281,401.20001220703125,400.4599914550781,400.8599853515625,694515
2026-08-12 09:30:00-04:00,406.4849853515625,407.2799987792969,404.3999938964844,405.30999755859375,2802307
2026-08-12 10:30:00-04:00,405.55999755859375,407.3599853515625,405.0,406.5,2708794
2026-08-12 11:30:00-04:00,405.69000244140625,405.9800109863281,404.6099853515625,405.5899963378906,1063670
2026-08-12 12:30:00-04:00,404.1600036621094,405.739990234375,403.239990234375,405.69000244140625,1145323
2026-08-12 13:30:00-04:00,404.3800048828125,404.6499938964844,403.2200012207031,404.1700134277344,755061
2026-08-12 14:30:00-04:00,405.1499938964844,405.2799987792969,404.3349914550781,404.3699951171875,600447
2026-08-12 15:30:00-04:00,404.8800048828125,405.1600036621094,404.29998779296875,405.1600036621094,801846
2026-08-13 09:30:00-04:00,400.4949951171875,402.5799865722656,400.3900146484375,402.1700134277344,2598875
2026-08-13 10:30:00-04:00,400.2937927246094,402.30999755859375,399.1600036621094,400.4800109863281,1403024
2026-08-13 11:30:00-04:00,400.010009765625,400.8699951171875,398.95001220703125,400.3337097167969,1337885
2026-08-13 12:30:00-04:00,400.0899963378906,401.0199890136719,400.010986328125,400.010986328125,501903
2026-08-13 13:30:00-04:00,399.55999755859375,400.19000244140625,399.32000732421875,400.1300048828125,512541
2026-08-13 14:30:00-04:00,399.04998779296875,399.80999755859375,398.2799987792969,399.57000732421875,821016
2026-08-13 15:30:00-04:00,398.9599914550781,399.2900085449219,398.70001220703125,399.04998779296875,768660
2026-08-14 09:30:00-04:00,402.760009765625,403.3299865722656,402.0350036621094,402.17999267578125,2697352
2026-08-14 10:30:00-04:00,402.17498779296875,403.010009765625,401.6400146484375,402.80999755859375,596473
2026-08-14 11:30:00-04:00,402.4700012207031,403.2900085449219,402.1000061035156,402.20001220703125,776717
2026-08-14 12:30:00-04:00,401.70001220703125,402.6000061035156,401.6700134277344,402.4700012207031,413612
2026-08-14 13:30:00-04:00,401.69000244140625,401.9700012207031,401.4100036621094,401.69000244140625,246557
2026-08-14 14:30:00-04:00,401.5299987792969,401.9819641113281,400.93499755859375,401.6700134277344,522012
2026-08-14 15:30:00-04:00,401.42999267578125,401.7900085449219,401.19000244140625,401.5199890136719,684011
2026-08-17 09:30:00-04:00,405.2898864746094,406.1600036621094,402.17999267578125,402.3349914550781,2707551
2026-08-17 10:30:00-04:00,405.989990234375,406.0199890136719,404.8999938964844,405.2900085449219,1313939
2026-08-17 11:30:00-04:00,405.9100036621094,406.2300109863281,405.25,405.95001220703125,1414187
2026-08-17 12:30:00-04:00,405.1650085449219,406.0899963378906,404.8500061035156,405.9200134277344,494378
2026-08-17 13:30:00-04:00,404.1637878417969,405.44110107421875,404.0400085449219,405.1700134277344,535902
2026-08-17 14:30:00-04:00,404.9200134277344,405.2099914550781,403.3999938964844,404.17999267578125,1705201
2026-08-17 15:30:00-04:00,405.4700012207031,405.5400085449219,404.8699951171875,404.9150085449219,880349
2026-08-18 09:30:00-04:00,403.07000732421875,404.32000732421875,401.3900146484375,402.54998779296875,1745710
2026-08-18 10:30:00-04:00,399.3900146484375,403.239990234375,399.07000732421875,403.04998779296875,3063826
2026-08-18 11:30:00-04:00,400.2200012207031,400.9100036621094,399.3299865722656,399.3599853515625,1283935
2026-08-18 12:30:00-04:00,400.3349914550781,400.6700134277344,400.1000061035156,400.2300109863281,667497
2026-08-18 13:30:00-04:00,399.8999938964844,400.4100036621094,399.1600036621094,400.30999755859375,619568
2026-08-18 14:30:00-04:00,399.4100036621094,399.94000244140625,399.20001220703125,399.8949890136719,704483
2026-08-18 15:30:00-04:00,398.5299987792969,399.6700134277344,397.8699951171875,399.3800048828125,1084641
2026-08-19 09:30:00-04:00,411.4800109863281,411.6650085449219,407.4700012207031,408.80999755859375,6414779
2026-08-19 10:30:00-04:00,411.2699890136719,412.6300048828125,410.7300109863281,411.4849853515625,1758678
2026-08-19 11:30:00-04:00,411.9599914550781,412.70001220703125,411.0,411.260009765625,1771339
2026-08-19 12:30:00-04:00,411.6700134277344,412.6709899902344,411.489990234375,411.94500732421875,1632609
2026-08-19 13:30:00-04:00,410.489990234375,412.40960693359375,410.2300109863281,411.70001220703125,1548616
2026-08-19 14:30:00-04:00,413.42498779296875,413.4700012207031,410.1600036621094,410.5,1563931
2026-08-19 15:30:00-04:00,413.8800048828125,414.0,412.9599914550781,413.44989013671875,1647992
2026-08-20 09:30:00-04:00,411.8500061035156,412.05999755859375,409.82000732421875,410.0799865722656,3579874
2026-08-20 10:30:00-04:00,415.6400146484375,416.45001220703125,411.8349914550781,411.8349914550781,4290189
2026-08-20 11:30:00-04:00,413.4728088378906,415.7900085449219,413.1300048828125,415.67999267578125,1866006
2026-08-20 12:30:00-04:00,413.8349914550781,414.135009765625,412.8699951171875,413.489990234375,918192
2026-08-20 13:30:00-04:00,414.42401123046875,414.7049865722656,413.3999938964844,413.8500061035156,1052708
2026-08-20 14:30:00-04:00,414.760009765625,415.3699951171875,414.32000732421875,414.385009765625,832055
2026-08-20 15:30:00-04:00,415.260009765625,415.5899963378906,414.67498779296875,414.7300109863281,1055469
2026-08-21 09:30:00-04:00,422.2398986816406,422.2398986816406,419.4200134277344,420.5299987792969,3818131
2026-08-21 10:30:00-04:00,422.25,422.6199951171875,420.1499938964844,422.2149963378906,1779257
2026-08-21 11:30:00-04:00,423.18499755859375,423.79998779296875,421.8900146484375,422.2449951171875,2501469
2026-08-21 12:30:00-04:00,423.9849853515625,424.8900146484375,423.0,423.20001220703125,1713120
2026-08-21 13:30:00-04:00,424.260009765625,424.4700012207031,423.4800109863281,423.9700012207031,1285512
2026-08-21 14:30:00-04:00,423.5899963378906,424.32000732421875,423.5799865722656,424.2149963378906,1082284
2026-08-21 15:30:00-04:00,423.3800048828125,424.1199951171875,423.2300109863281,423.6000061035156,1792080
2026-08-24 09:30:00-04:00,428.5,429.4200134277344,426.67010498046875,428.54998779296875,8644892
2026-08-24 10:30:00-04:00,428.8699951171875,429.239990234375,427.1300048828125,428.5400085449219,2497288
2026-08-24 11:30:00-04:00,427.2950134277344,429.0400085449219,425.5400085449219,428.8900146484375,1615057
2026-08-24 12:30:00-04:00,425.3999938964844,427.5899963378906,424.6400146484375,427.30999755859375,1722983
2026-08-24 13:30:00-04:00,425.6531982421875,425.864990234375,424.2200012207031,425.43499755859375,1312559
2026-08-24 14:30:00-04:00,425.760009765625,426.05999755859375,424.20001220703125,425.70001220703125,939278
2026-08-24 15:30:00-04:00,426.7300109863281,427.0899963378906,425.6300048828125,425.718994140625,1333509
2026-08-25 09:30:00-04:00,424.05999755859375,424.489990234375,422.3299865722656,422.7749938964844,2630673
2026-08-25 10:30:00-04:00,425.6300048828125,426.0299987792969,423.0,424.05999755859375,2623038
2026-08-25 11:30:00-04:00,425.5950012207031,427.3799133300781,425.3399963378906,425.57000732421875,3094628
2026-08-25 12:30:00-04:00,425.2300109863281,426.1000061035156,424.9800109863281,425.5899963378906,1135251
2026-08-25 13:30:00-04:00,426.4800109863281,426.510009765625,425.20001220703125,425.2799987792969,627871
2026-08-25 14:30:00-04:00,427.4800109863281,428.10101318359375,426.0790100097656,426.4800109863281,1009160
2026-08-25 15:30:00-04:00,428.1000061035156,428.1300048828125,427.2200012207031,427.510009765625,968023
2026-08-26 09:30:00-04:00,423.3900146484375,424.95001220703125,422.8299865722656,423.0,2484625
2026-08-26 10:30:00-04:00,421.42999267578125,423.9800109863281,420.30999755859375,423.3599853515625,2429067
2026-08-26 11:30:00-04:00,421.44720458984375,422.6968078613281,421.0,421.3999938964844,1104482
2026-08-26 12:30:00-04:00,421.6499938964844,421.7799987792969,420.5899963378906,421.4549865722656,715577
2026-08-26 13:30:00-04:00,421.4299011230469,422.32000732421875,421.2300109863281,421.6700134277344,651385
2026-08-26 14:30:00-04:00,421.7200012207031,421.7799987792969,421.07501220703125,421.4100036621094,632435
2026-08-26 15:30:00-04:00,421.3299865722656,421.989990234375,421.1600036621094,421.7300109863281,739391
2026-08-27 09:30:00-04:00,419.9800109863281,421.1300048828125,418.42999267578125,420.81500244140625,2242247
2026-08-27 10:30:00-04:00,421.0299987792969,421.57000732421875,419.9845886230469,419.9845886230469,1205080
2026-08-27 11:30:00-04:00,422.3900146484375,422.8699951171875,420.9599914550781,421.0299987792969,990910
2026-08-27 12:30:00-04:00,422.67498779296875,423.25,422.25,422.3900146484375,852558
2026-08-27 13:30:00-04:00,421.8500061035156,423.03350830078125,421.7900085449219,422.6600036621094,461703
2026-08-27 14:30:00-04:00,422.260009765625,423.3500061035156,421.79998779296875,421.8299865722656,469212
2026-08-27 15:30:00-04:00,422.6000061035156,422.8999938964844,422.17999267578125,422.2699890136719,642201
2026-08-28 09:30:00-04:00,417.31500244140625,424.7900085449219,415.239990234375,422.239990234375,6405392
2026-08-28 10:30:00-04:00,418.54998779296875,420.04998779296875,417.19000244140625,417.32501220703125,4510857
2026-08-28 11:30:00-04:00,410.68499755859375,418.5799865722656,409.1099853515625,418.55499267578125,4964202
2026-08-28 12:30:00-04:00,410.489990234375,411.45001220703125,409.4200134277344,410.6700134277344,2999154
2026-08-28 13:30:00-04:00,408.6099853515625,410.8500061035156,408.0801086425781,410.57000732421875,1773141
2026-08-28 14:30:00-04:00,409.16009521484375,409.2898864746094,407.6199951171875,408.57000732421875,1420597
2026-08-28 15:30:00-04:00,408.80999755859375,409.5899963378906,408.2799987792969,409.135009765625,1635210
2026-08-31 09:30:00-04:00,405.2799987792969,407.9100036621094,404.8999938964844,407.760009765625,2721117
2026-08-31 10:30:00-04:00,406.55999755859375,406.9700012207031,405.2200012207031,405.2799987792969,1179189
2026-08-31 11:30:00-04:00,407.04998779296875,407.05999755859375,405.6700134277344,406.5299987792969,964014
2026-08-31 12:30:00-04:00,406.3599853515625,407.2099914550781,406.17999267578125,407.05999755859375,612835
2026-08-31 13:30:00-04:00,406.25,407.2095031738281,406.2349853515625,406.3299865722656,543591
2026-08-31 14:30:00-04:00,407.25,407.44000244140625,405.9309997558594,406.2300109863281,614273
2026-08-31 15:30:00-04:00,408.44000244140625,408.79998779296875,407.1000061035156,407.260009765625,1964795
2026-09-01 09:30:00-04:00,400.3599853515625,401.25,398.0799865722656,398.2850036621094,4249585
2026-09-01 10:30:00-04:00,400.3999938964844,401.0950012207031,399.4100036621094,400.3500061035156,1264401
2026-09-01 11:30:00-04:00,399.19000244140625,401.19000244140625,399.1600036621094,400.3999938964844,961929
2026-09-01 12:30:00-04:00,398.9549865722656,399.7799987792969,398.20001220703125,399.19000244140625,961155
2026-09-01 13:30:00-04:00,397.7672119140625,399.1400146484375,397.5400085449219,398.9599914550781,1045981
2026-09-01 14:30:00-04:00,397.54998779296875,397.80999755859375,396.9700012207031,397.75,1404349
2026-09-01 15:30:00-04:00,396.82000732421875,397.55999755859375,396.45001220703125,397.54998779296875,1725209
2026-09-02 09:30:00-04:00,402.4800109863281,403.3299865722656,399.5799865722656,399.7099914550781,5359296
2026-09-02 10:30:00-04:00,401.09991455078125,402.4800109863281,400.42999267578125,402.42999267578125,1484390
2026-09-02 11:30:00-04:00,400.7300109863281,401.32000732421875,400.3599853515625,401.0849914550781,869507
2026-09-02 12:30:00-04:00,400.8251037597656,400.9599914550781,400.3399963378906,400.7200012207031,801566
2026-09-02 13:30:00-04:00,401.1700134277344,401.82000732421875,400.5199890136719,400.82000732421875,1126664
2026-09-02 14:30:00-04:00,401.9049987792969,402.0799865722656,401.04998779296875,401.13800048828125,1074032
2026-09-02 15:30:00-04:00,402.7799987792969,402.8800048828125,401.8999938964844,401.92999267578125,2096673
2026-09-03 09:30:00-04:00,410.5899963378906,410.964599609375,408.5400085449219,410.7099914550781,3585236
2026-09-03 10:30:00-04:00,413.20001220703125,413.5400085449219,409.4700012207031,410.5199890136719,1592219
2026-09-03 11:30:00-04:00,411.9599914550781,413.4599914550781,411.25,413.2300109863281,1751593
2026-09-03 12:30:00-04:00,411.8999938964844,412.17999267578125,411.0199890136719,411.9800109863281,593687
2026-09-03 13:30:00-04:00,410.7200012207031,412.07000732421875,410.69500732421875,411.8999938964844,1176049
2026-09-03 14:30:00-04:00,410.2799987792969,410.9700012207031,410.010009765625,410.7200012207031,1798089
2026-09-03 15:30:00-04:00,410.2699890136719,410.760009765625,410.0199890136719,410.2850036621094,1057238
2026-09-04 09:30:00-04:00,406.1300048828125,406.90771484375,403.9599914550781,404.6600036621094,3796347
2026-09-04 10:30:00-04:00,407.2049865722656,408.0,405.07000732421875,406.1549987792969,1269022
2026-09-04 11:30:00-04:00,406.67999267578125,407.7749938964844,406.4800109863281,407.19000244140625,671941
2026-09-04 12:30:00-04:00,406.1499938964844,407.239990234375,406.05999755859375,406.6400146484375,926561
2026-09-04 13:30:00-04:00,405.760009765625,406.260009765625,404.55999755859375,406.1499938964844,1033053
2026-09-04 14:30:00-04:00,406.80499267578125,406.84991455078125,405.4649963378906,405.7699890136719,971265
2026-09-04 15:30:00-04:00,406.7449951171875,407.0350036621094,406.5400085449219,406.80999755859375,674558
2026-09-08 09:30:00-04:00,403.1099853515625,404.125,402.5799865722656,403.55999755859375,1665606
2026-09-08 10:30:00-04:00,403.3599853515625,404.2799987792969,402.45001220703125,403.1499938964844,774135
2026-09-08 11:30:00-04:00,402.8900146484375,403.7803955078125,401.6400146484375,403.3399963378906,885829
2026-09-08 12:30:00-04:00,402.88128662109375,403.7749938964844,402.5199890136719,402.8999938964844,697581
2026-09-08 13:30:00-04:00,402.1300048828125,403.0,401.9549865722656,402.8999938964844,1228705
2026-09-08 14:30:00-04:00,400.5578918457031,402.17999267578125,399.6199951171875,402.06500244140625,1576020
2026-09-08 15:30:00-04:00,399.70001220703125,400.67999267578125,399.4800109863281,400.55999755859375,1538711
2026-09-09 09:30:00-04:00,405.80999755859375,406.55999755859375,404.3900146484375,406.1099853515625,1747935
2026-09-09 10:30:00-04:00,402.9599914550781,406.44000244140625,401.1814880371094,405.8399963378906,2161073
2026-09-09 11:30:00-04:00,403.5350036621094,404.1499938964844,402.67999267578125,403.010009765625,1006252
2026-09-09 12:30:00-04:00,404.80841064453125,405.3406066894531,403.3699951171875,403.614990234375,632932
2026-09-09 13:30:00-04:00,405.04998779296875,405.4049987792969,404.55499267578125,404.82000732421875,479798
2026-09-09 14:30:00-04:00,403.409912109375,405.1099853515625,403.1400146484375,405.07000732421875,1087624
2026-09-09 15:30:00-04:00,403.3399963378906,403.6199951171875,403.03009033203125,403.32000732421875,696238
2026-09-10 09:30:00-04:00,399.8901062011719,401.1499938964844,398.9800109863281,399.5299987792969,2030433
2026-09-10 10:30:00-04:00,400.1499938964844,400.614990234375,399.010009765625,399.8599853515625,1071355
2026-09-10 11:30:00-04:00,399.9200134277344,400.7799987792969,399.0899963378906,400.1579895019531,1194665
2026-09-10 12:30:00-04:00,400.239990234375,400.4800109863281,399.2699890136719,399.8999938964844,1069255
2026-09-10 13:30:00-04:00,397.7200012207031,400.2865905761719,397.5899963378906,400.25,1069926
2026-09-10 14:30:00-04:00,396.67999267578125,397.7449951171875,395.45098876953125,397.7300109863281,1888554
2026-09-10 15:30:00-04:00,396.45001220703125,396.9200134277344,396.04998779296875,396.69000244140625,1147274
2026-09-11 09:30:00-04:00,401.20001220703125,403.6499938964844,401.1300048828125,402.5260009765625,3523712
2026-09-11 10:30:00-04:00,400.70001220703125,402.05999755859375,399.67999267578125,401.20001220703125,1367452
2026-09-11 11:30:00-04:00,399.2550048828125,401.32000732421875,399.05999755859375,400.6700134277344,859662
2026-09-11 12:30:00-04:00,400.3500061035156,400.6099853515625,399.1199951171875,399.2799987792969,912614
2026-09-11 13:30:00-04:00,398.8800048828125,400.67999267578125,398.29998779296875,400.3500061035156,2612336
2026-09-11 14:30:00-04:00,398.54998779296875,399.1700134277344,398.30999755859375,398.9200134277344,0
2026-09-11 15:30:00-04:00,398.6000061035156,398.739990234375,398.1400146484375,398.55499267578125,1343731
2026-09-14 09:30:00-04:00,391.4800109863281,392.7300109863281,390.9599914550781,391.8900146484375,2201865
2026-09-14 10:30:00-04:00,392.7998962402344,393.0400085449219,391.1499938964844,391.5299987792969,1222435
2026-09-14 11:30:00-04:00,394.29400634765625,394.7200012207031,392.69000244140625,392.7850036621094,702439
2026-09-14 12:30:00-04:00,395.3699951171875,395.8999938964844,394.2179870605469,394.26800537109375,723129
2026-09-14 13:30:00-04:00,395.1400146484375,395.75,394.875,395.3999938964844,563453
2026-09-14 14:30:00-04:00,393.9649963378906,395.5,393.9100036621094,395.1549987792969,691570
2026-09-14 15:30:00-04:00,392.739990234375,394.0450134277344,392.6400146484375,393.9599914550781,932927
2026-09-15 09:30:00-04:00,392.8299865722656,394.3399963378906,392.6000061035156,393.1099853515625,2035324
2026-09-15 10:30:00-04:00,392.760009765625,393.1000061035156,391.80999755859375,392.7300109863281,1053878
2026-09-15 11:30:00-04:00,393.8599853515625,394.0,392.55999755859375,392.7699890136719,628283
2026-09-15 12:30:00-04:00,393.6499938964844,394.19000244140625,393.3900146484375,393.8699035644531,860835
2026-09-15 13:30:00-04:00,394.739990234375,394.9200134277344,393.57000732421875,393.6600036621094,486971
2026-09-15 14:30:00-04:00,394.3999938964844,395.30999755859375,394.1300048828125,394.7200012207031,729046
2026-09-15 15:30:00-04:00,394.1400146484375,394.5199890136719,393.760009765625,394.3900146484375,652820
2026-09-16 09:30:00-04:00,397.69720458984375,399.2049865722656,396.3999938964844,398.92999267578125,2030719
2026-09-16 10:30:00-04:00,398.2799987792969,399.6000061035156,397.3695068359375,397.69000244140625,1240888
2026-09-16 11:30:00-04:00,398.44000244140625,399.94000244140625,398.1600036621094,398.30999755859375,919305
2026-09-16 12:30:00-04:00,398.54998779296875,398.6700134277344,398.04010009765625,398.4599914550781,447623
2026-09-16 13:30:00-04:00,396.3500061035156,400.6000061035156,394.7900085449219,398.57000732421875,3239484
2026-09-16 14:30:00-04:00,390.0400085449219,396.4700012207031,388.3900146484375,396.31500244140625,5793888
2026-09-16 15:30:00-04:00,391.75,392.1300048828125,390.010009765625,390.0299987792969,1273166
2026-09-17 09:30:00-04:00,400.260009765625,401.44000244140625,399.19000244140625,400.2799987792969,3128034
2026-09-17 10:30:00-04:00,399.3800048828125,400.3900146484375,398.79998779296875,400.2799987792969,1070482
2026-09-17 11:30:00-04:00,400.32000732421875,400.7632141113281,399.20001220703125,399.489990234375,482465
2026-09-17 12:30:00-04:00,399.64990234375,400.2900085449219,399.2101135253906,400.2799987792969,348106
2026-09-17 13:30:00-04:00,399.239990234375,400.1600036621094,399.2099914550781,399.69000244140625,334027
2026-09-17 14:30:00-04:00,398.114990234375,399.2799987792969,398.114990234375,399.260009765625,790153
2026-09-17 15:30:00-04:00,398.2799987792969,398.67999267578125,398.0400085449219,398.1000061035156,979463
